hmm_matched_lat,hmm_matched_lon
52.4022111,-1.5040536
52.4022111,-1.5040536
52.4022111,-1.5040536
52.4022111,-1.5040536
52.402586,-1.5034172
52.4027746,-1.5030315
52.4027876,-1.5029454
52.4027876,-1.5029454
52.4027876,-1.5029454
52.4027627,-1.5024135
52.4027627,-1.5024135
52.4027627,-1.5024135
52.4027627,-1.5024135
52.4025457,-1.5016903
52.4025759,-1.5013324
52.4025577,-1.5010657
52.402461,-1.5010572
52.402461,-1.5010572
52.4024367,-1.5010831
52.4024367,-1.5010831
52.4024367,-1.5010831
52.4024367,-1.5010831
52.4024367,-1.5010831
52.402417,-1.5012998
52.402439,-1.501341
52.402439,-1.501341
52.402439,-1.501341
52.402439,-1.501341
52.402439,-1.501341
52.402439,-1.501341
52.402439,-1.501341
52.402439,-1.501341
52.4025759,-1.5013324
52.4025759,-1.5013324
52.4025759,-1.5013324
52.4025759,-1.5013324
52.4025577,-1.5010657
52.4025577,-1.5010657
52.4025577,-1.5010657
52.4025577,-1.5010657
52.4025577,-1.5010657
52.4025577,-1.5010657
52.4025089,-1.5008113
52.4025089,-1.5008113
52.4025089,-1.5008113
52.4025089,-1.5008113
52.402461,-1.5010572
52.402461,-1.5010572
52.402461,-1.5010572
52.402461,-1.5010572
52.402461,-1.5010572
52.402461,-1.5010572
52.4025577,-1.5010657
52.4025577,-1.5010657
52.4025577,-1.5010657
52.4025577,-1.5010657
52.4025577,-1.5010657
52.4025577,-1.5010657
52.4025089,-1.5008113
52.402461,-1.5010572
52.402461,-1.5010572
52.402461,-1.5010572
52.402461,-1.5010572
52.402461,-1.5010572
52.4025577,-1.5010657
52.4025759,-1.5013324
52.4025759,-1.5013324
52.4025759,-1.5013324
52.402439,-1.501341
52.402417,-1.5012998
52.402417,-1.5012998
52.402417,-1.5012998
52.402417,-1.5012998
52.402417,-1.5012998
52.402417,-1.5012998
52.402417,-1.5012998
52.402417,-1.5012998
52.4024367,-1.5010831
52.4024367,-1.5010831
52.4024367,-1.5010831
52.4024367,-1.5010831
52.4024367,-1.5010831
52.4024367,-1.5010831
52.4024367,-1.5010831
52.402461,-1.5010572
52.402461,-1.5010572
52.402461,-1.5010572
52.402461,-1.5010572
52.402461,-1.5010572
52.402461,-1.5010572
52.402461,-1.5010572
52.402461,-1.5010572
52.402461,-1.5010572
52.402461,-1.5010572
52.402461,-1.5010572
52.402461,-1.5010572
52.402461,-1.5010572
52.4025577,-1.5010657
52.4025577,-1.5010657
52.4025577,-1.5010657
52.4025577,-1.5010657
52.4025577,-1.5010657
52.4025577,-1.5010657
52.4025577,-1.5010657
52.4025577,-1.5010657
52.4025577,-1.5010657
52.4025759,-1.5013324
52.4025759,-1.5013324
52.4025759,-1.5013324
52.4025759,-1.5013324
52.402439,-1.501341
52.402439,-1.501341
52.402439,-1.501341
52.402439,-1.501341
52.402439,-1.501341
52.4025457,-1.5016903
52.4025457,-1.5016903
52.4025457,-1.5016903
52.4025457,-1.5016903
52.4025759,-1.5013324
52.4025759,-1.5013324
52.4025759,-1.5013324
52.4025577,-1.5010657
52.4025089,-1.5008113
52.4025072,-1.5006737
52.4027797,-1.5003273
52.4027797,-1.5003273
52.4027797,-1.5003273
52.4027797,-1.5003273
52.4027797,-1.5003273
52.4027797,-1.5003273
52.4027797,-1.5003273
52.4027797,-1.5003273
52.4038668,-1.5019337
52.4039603,-1.5023325
52.4039603,-1.5023325
52.4039603,-1.5023325
52.4042604,-1.5028215
52.4042604,-1.5028215
52.4042604,-1.5028215
52.4042604,-1.5028215
52.4044499,-1.5051756
52.4044009,-1.5059608
52.4044009,-1.5059608
52.4044009,-1.5059608
52.4044009,-1.5059608
52.4044009,-1.5059608
52.4044009,-1.5059608
52.4044009,-1.5059608
52.4044009,-1.5059608
52.4044009,-1.5059608
52.4028821,-1.5103178
52.4028821,-1.5103178
52.4028821,-1.5103178
52.4028594,-1.5110303
52.4028102,-1.5125597
52.4028133,-1.5128437
52.4028133,-1.5128437
52.4028133,-1.5128437
52.4028133,-1.5128437
52.4028583,-1.5141747
52.4029969,-1.5147116
52.403053,-1.514845
52.4033775,-1.5154293
52.4044267,-1.5168009
52.4044267,-1.5168009
52.4044267,-1.5168009
52.4044267,-1.5168009
52.4045073,-1.5169093
52.4054077,-1.5182498
52.4054077,-1.5182498
52.4057728,-1.5188161
52.4059188,-1.5190315
52.4062227,-1.5194085
52.4062227,-1.5194085
52.4062227,-1.5194085
52.4062227,-1.5194085
52.4062227,-1.5194085
52.4078119,-1.5197475
52.4078119,-1.5197475
52.4078119,-1.5197475
52.4078119,-1.5197475
52.4079909,-1.5197036
52.4079909,-1.5197036
52.4079909,-1.5197036
52.4079909,-1.5197036
52.4079909,-1.5197036
52.4079909,-1.5197036
52.4079909,-1.5197036
52.4079909,-1.5197036
52.4079909,-1.5197036
52.4108167,-1.517158
52.4109579,-1.516877
52.4109579,-1.516877
52.4109579,-1.516877
52.4109579,-1.516877
52.4109579,-1.516877
52.4109579,-1.516877
52.4109579,-1.516877
52.4109579,-1.516877
52.4117722,-1.5152419
52.4117722,-1.5152419
52.4117722,-1.5152419
52.4117722,-1.5152419
52.4117722,-1.5152419
52.4117722,-1.5152419
52.4117722,-1.5152419
52.4117722,-1.5152419
52.4117722,-1.5152419
52.4140112,-1.515017
52.4140112,-1.515017
52.4140112,-1.515017
52.4140112,-1.515017
52.4140112,-1.515017
52.4148679,-1.5148866
52.4148679,-1.5148866
52.4148679,-1.5148866
52.4148679,-1.5148866
52.4148679,-1.5148866
52.4148679,-1.5148866
52.4148679,-1.5148866
52.4148679,-1.5148866
52.4148679,-1.5148866
52.4148679,-1.5148866
52.4148679,-1.5148866
52.4148679,-1.5148866
52.4148679,-1.5148866
52.4178056,-1.5177639
52.4178056,-1.5177639
52.4178056,-1.5177639
52.4178056,-1.5177639
52.4178056,-1.5177639
52.4178056,-1.5177639
52.4178056,-1.5177639
52.4178056,-1.5177639
52.4191734,-1.518764
52.4194216,-1.5187554
52.4194216,-1.5187554
52.4194216,-1.5187554
52.4194216,-1.5187554
52.4199053,-1.5187865
52.4202933,-1.5189143
52.4202933,-1.5189143
52.4202933,-1.5189143
52.4202933,-1.5189143
52.4207168,-1.519094
52.4207168,-1.519094
52.4207168,-1.519094
52.4207168,-1.519094
52.4214198,-1.5196987
52.4215344,-1.5198175
52.4215344,-1.5198175
52.4215344,-1.5198175
52.4215344,-1.5198175
52.4215344,-1.5198175
52.4215344,-1.5198175
52.4215344,-1.5198175
52.4215344,-1.5198175
52.4215344,-1.5198175
52.4226683,-1.5214496
52.4226683,-1.5214496
52.4226683,-1.5214496
52.4226683,-1.5214496
52.4226683,-1.5214496
52.4226683,-1.5214496
52.4226683,-1.5214496
52.4226683,-1.5214496
52.4226683,-1.5214496
52.4226683,-1.5214496
52.4226683,-1.5214496
52.4226683,-1.5214496
52.4226683,-1.5214496
52.4226683,-1.5214496
52.4226683,-1.5214496
52.4226683,-1.5214496
52.4226683,-1.5214496
52.4226683,-1.5214496
52.4226683,-1.5214496
52.423706,-1.5228297
52.423706,-1.5228297
52.4237564,-1.5229279
52.4238975,-1.5231576
52.4239309,-1.5232113
52.4240093,-1.5233545
52.4242424,-1.5238173
52.4242424,-1.5238173
52.4242424,-1.5238173
52.4249541,-1.5251157
52.4249541,-1.5251157
52.4249541,-1.5251157
52.4249541,-1.5251157
52.4250687,-1.5253634
52.4253349,-1.5258005
52.4253349,-1.5258005
52.4253349,-1.5258005
52.4253349,-1.5258005
52.4253349,-1.5258005
52.4253349,-1.5258005
52.4253349,-1.5258005
52.4253349,-1.5258005
52.4253349,-1.5258005
52.4253349,-1.5258005
52.4253349,-1.5258005
52.4253349,-1.5258005
52.4253349,-1.5258005
52.4283786,-1.528908
52.4284292,-1.5290875
52.4285621,-1.5290444
52.4285621,-1.5290444
52.4285621,-1.5290444
52.4285621,-1.5290444
52.4285621,-1.5290444
52.4285621,-1.5290444
52.4285621,-1.5290444
52.4297545,-1.5292509
52.4297545,-1.5292509
52.4297545,-1.5292509
52.4297545,-1.5292509
52.4297545,-1.5292509
52.4308773,-1.5298796
52.4309455,-1.5300665
52.4310558,-1.5300378
52.4310558,-1.5300378
52.4310558,-1.5300378
52.4310558,-1.5300378
52.4310558,-1.5300378
52.4310558,-1.5300378
52.4310558,-1.5300378
52.432769,-1.5314043
52.432769,-1.5314043
52.432769,-1.5314043
52.432769,-1.5314043
52.432769,-1.5314043
52.432769,-1.5314043
52.432769,-1.5314043
52.432769,-1.5314043
52.432769,-1.5314043
52.434488,-1.5316075
52.434488,-1.5316075
52.434488,-1.5316075
52.434488,-1.5316075
52.4356263,-1.5319074
52.4357095,-1.5319552
52.4357095,-1.5319552
52.4359176,-1.5317533
52.435921,-1.5317135
52.4361104,-1.5314533
52.4361104,-1.5314533
52.4361104,-1.5314533
52.4361104,-1.5314533
52.4371007,-1.5313595
52.4371007,-1.5313595
52.4371007,-1.5313595
52.4371007,-1.5313595
52.4371007,-1.5313595
52.4376511,-1.5313261
52.4383126,-1.5312761
52.4383126,-1.5312761
52.4383126,-1.5312761
52.4385325,-1.5312791
52.4385325,-1.5312791
52.4385325,-1.5312791
52.4385325,-1.5312791
52.4385325,-1.5312791
52.4385325,-1.5312791
52.4385325,-1.5312791
52.4385325,-1.5312791
52.4402868,-1.5317993
52.4407826,-1.5319085
52.4407826,-1.5319085
52.4407826,-1.5319085
52.4407826,-1.5319085
52.4407826,-1.5319085
52.4407826,-1.5319085
52.4407826,-1.5319085
52.4407826,-1.5319085
52.4407826,-1.5319085
52.4424781,-1.5319468
52.4428749,-1.5318807
52.4428749,-1.5318807
52.4428749,-1.5318807
52.4428749,-1.5318807
52.4428749,-1.5318807
52.4428749,-1.5318807
52.4428749,-1.5318807
52.4428749,-1.5318807
52.4428749,-1.5318807
52.4428749,-1.5318807
52.4428749,-1.5318807
52.4428749,-1.5318807
52.4428749,-1.5318807
52.4451869,-1.5315159
52.4451869,-1.5315159
52.4451869,-1.5315159
52.4451869,-1.5315159
52.4451869,-1.5315159
52.4451869,-1.5315159
52.4451869,-1.5315159
52.4451869,-1.5315159
52.4451869,-1.5315159
52.4473344,-1.5319003
52.4473344,-1.5319003
52.4473344,-1.5319003
52.4473344,-1.5319003
52.4473344,-1.5319003
52.4473344,-1.5319003
52.4473344,-1.5319003
52.4473344,-1.5319003
52.4473344,-1.5319003
52.4473344,-1.5319003
52.4473344,-1.5319003
52.4473344,-1.5319003
52.4473344,-1.5319003
52.4509306,-1.5329441
52.4509306,-1.5329441
52.4509306,-1.5329441
52.4509306,-1.5329441
52.4509306,-1.5329441
52.4509306,-1.5329441
52.4509306,-1.5329441
52.4509306,-1.5329441
52.4509306,-1.5329441
52.4509306,-1.5329441
52.4509306,-1.5329441
52.4509306,-1.5329441
52.4509306,-1.5329441
52.4509306,-1.5329441
52.450931,-1.5288626
52.450931,-1.5288626
52.450931,-1.5288626
52.450931,-1.5288626
52.450931,-1.5288626
52.450931,-1.5288626
52.450931,-1.5288626
52.450931,-1.5288626
52.450931,-1.5288626
52.4495768,-1.5269486
52.4495768,-1.5269486
52.4495768,-1.5269486
52.4495768,-1.5269486
52.4495768,-1.5269486
52.4495768,-1.5269486
52.4495768,-1.5269486
52.4495768,-1.5269486
52.4495768,-1.5269486
52.4489393,-1.5253064
52.4489393,-1.5253064
52.4489393,-1.5253064
52.4489393,-1.5253064
52.4485722,-1.5262995
52.4485722,-1.5262995
52.4485722,-1.5262995
52.4485722,-1.5262995
52.4485722,-1.5262995
52.4485722,-1.5262995
52.4485722,-1.5262995
52.4485722,-1.5262995
52.4485722,-1.5262995
52.4485722,-1.5262995
52.4485722,-1.5262995
52.4485722,-1.5262995
52.4485722,-1.5262995
52.4485722,-1.5262995
52.4485722,-1.5262995
52.4485722,-1.5262995
52.4485722,-1.5262995
52.4485722,-1.5262995
52.4455593,-1.5259176
52.4455593,-1.5259176
52.4455593,-1.5259176
52.4455593,-1.5259176
52.4455593,-1.5259176
52.4455593,-1.5259176
52.4455593,-1.5259176
52.4455593,-1.5259176
52.4455593,-1.5259176
52.4455593,-1.5259176
52.4455593,-1.5259176
52.4455593,-1.5259176
52.4455593,-1.5259176
52.4455593,-1.5259176
52.4455593,-1.5259176
52.4455593,-1.5259176
52.4455593,-1.5259176
52.4465881,-1.5224893
52.4464242,-1.522301
52.4464242,-1.522301
52.4464242,-1.522301
52.4464242,-1.522301
52.4464242,-1.522301
52.4464242,-1.522301
52.4464242,-1.522301
52.4464242,-1.522301
52.4464242,-1.522301
52.4464242,-1.522301
52.4464242,-1.522301
52.4464242,-1.522301
52.4464242,-1.522301
52.4464242,-1.522301
52.4464242,-1.522301
52.4464242,-1.522301
52.4464242,-1.522301
52.4464242,-1.522301
52.4464242,-1.522301
52.4464242,-1.522301
52.4464242,-1.522301
52.4464242,-1.522301
52.4464242,-1.522301
52.4464242,-1.522301
52.4464242,-1.522301
52.4464242,-1.522301
52.4464242,-1.522301
52.4464242,-1.522301
52.4464242,-1.522301
52.4464242,-1.522301
52.4474264,-1.521623
52.4474264,-1.521623
52.4474264,-1.521623
52.4474264,-1.521623
52.4474264,-1.521623
52.4474264,-1.521623
52.4474264,-1.521623
52.4474264,-1.521623
52.4474264,-1.521623
52.4474264,-1.521623
52.4474264,-1.521623
52.4474264,-1.521623
52.4474264,-1.521623
52.4474264,-1.521623
52.4464242,-1.522301
52.4464242,-1.522301
52.4464242,-1.522301
52.4464242,-1.522301
52.4464242,-1.522301
52.4464242,-1.522301
52.4464242,-1.522301
52.4464242,-1.522301
52.4464242,-1.522301
52.4459246,-1.5216414
52.4459246,-1.5216414
52.4459246,-1.5216414
52.4459246,-1.5216414
52.4459246,-1.5216414
52.4460522,-1.5206208
52.4460522,-1.5206208
52.4460522,-1.5206208
52.4460522,-1.5206208
52.4460522,-1.5206208
52.4460522,-1.5206208
52.4460522,-1.5206208
52.4460522,-1.5206208
52.4460522,-1.5206208
52.4460522,-1.5206208
52.4460522,-1.5206208
52.4460522,-1.5206208
52.4460522,-1.5206208
52.4481074,-1.5201002
52.4481074,-1.5201002
52.4481074,-1.5201002
52.4481074,-1.5201002
52.4481074,-1.5201002
52.4481074,-1.5201002
52.4481074,-1.5201002
52.4481074,-1.5201002
52.4481074,-1.5201002
52.4481074,-1.5201002
52.4481074,-1.5201002
52.4481074,-1.5201002
52.4481074,-1.5201002
52.4481074,-1.5201002
52.4481074,-1.5201002
52.4481074,-1.5201002
52.4481074,-1.5201002
52.4481074,-1.5201002
52.4488696,-1.5143338
52.4488696,-1.5143338
52.4488696,-1.5143338
52.4488696,-1.5143338
52.4488696,-1.5143338
52.4488696,-1.5143338
52.4488696,-1.5143338
52.4488696,-1.5143338
52.4488696,-1.5143338
52.4494764,-1.5152131
52.4494764,-1.5152131
52.4494764,-1.5152131
52.4494764,-1.5152131
52.4494764,-1.5152131
52.4494764,-1.5152131
52.4494764,-1.5152131
52.4494764,-1.5152131
52.4494764,-1.5152131
52.4494764,-1.5152131
52.4494764,-1.5152131
52.4494764,-1.5152131
52.4494764,-1.5152131
52.4494764,-1.5152131
52.4494764,-1.5152131
52.4494764,-1.5152131
52.4494764,-1.5152131
52.4494764,-1.5152131
52.4494764,-1.5152131
52.4494764,-1.5152131
52.4494764,-1.5152131
52.4494764,-1.5152131
52.4494764,-1.5152131
52.4488848,-1.5200735
52.4488848,-1.5200735
52.4488848,-1.5200735
52.4488848,-1.5200735
52.4488848,-1.5200735
52.4488848,-1.5200735
52.4488848,-1.5200735
52.4488848,-1.5200735
52.4488848,-1.5200735
52.4495984,-1.5199765
52.4495984,-1.5199765
52.4495984,-1.5199765
52.4495984,-1.5199765
52.4495984,-1.5199765
52.4495984,-1.5199765
52.4495984,-1.5199765
52.4495984,-1.5199765
52.4495984,-1.5199765
52.4495984,-1.5199765
52.4495984,-1.5199765
52.4495984,-1.5199765
52.4495984,-1.5199765
52.4495984,-1.5199765
52.4495984,-1.5199765
52.4495984,-1.5199765
52.4495984,-1.5199765
52.4495984,-1.5199765
52.4501093,-1.5169929
52.4501093,-1.5169929
52.4501093,-1.5169929
52.4501093,-1.5169929
52.4504629,-1.5185931
52.4504629,-1.5185931
52.4504629,-1.5185931
52.4504629,-1.5185931
52.4504629,-1.5185931
52.4510531,-1.5184957
52.4510531,-1.5184957
52.4510531,-1.5184957
52.4510531,-1.5184957
52.4510531,-1.5184957
52.4510531,-1.5184957
52.4510531,-1.5184957
52.4510531,-1.5184957
52.4510531,-1.5184957
52.4513117,-1.5194805
52.4513117,-1.5194805
52.4513117,-1.5194805
52.4513117,-1.5194805
52.4513117,-1.5194805
52.4513117,-1.5194805
52.4513117,-1.5194805
52.4513117,-1.5194805
52.4513117,-1.5194805
52.4513117,-1.5194805
52.4513117,-1.5194805
52.4513117,-1.5194805
52.4513117,-1.5194805
52.4495984,-1.5199765
52.4495984,-1.5199765
52.4495984,-1.5199765
52.4495984,-1.5199765
52.4495984,-1.5199765
52.4495984,-1.5199765
52.4495984,-1.5199765
52.4495984,-1.5199765
52.4495984,-1.5199765
52.4495984,-1.5199765
52.4495984,-1.5199765
52.4495984,-1.5199765
52.4495984,-1.5199765
52.4495984,-1.5199765
52.4501093,-1.5169929
52.4501093,-1.5169929
52.4501093,-1.5169929
52.4501093,-1.5169929
52.4498133,-1.5161454
52.4498133,-1.5161454
52.4498133,-1.5161454
52.4498133,-1.5161454
52.4498133,-1.5161454
52.4494764,-1.5152131
52.4494764,-1.5152131
52.4494764,-1.5152131
52.4494764,-1.5152131
52.4494764,-1.5152131
52.4494764,-1.5152131
52.4494764,-1.5152131
52.4494764,-1.5152131
52.4494764,-1.5152131
52.4494764,-1.5152131
52.4494764,-1.5152131
52.4494764,-1.5152131
52.4494764,-1.5152131
52.4494764,-1.5152131
52.4494764,-1.5152131
52.4494764,-1.5152131
52.4494764,-1.5152131
52.4494764,-1.5152131
52.4494764,-1.5152131
52.4494764,-1.5152131
52.4494764,-1.5152131
52.4494764,-1.5152131
52.4494764,-1.5152131
52.4494764,-1.5152131
52.4494764,-1.5152131
52.4494764,-1.5152131
52.4494764,-1.5152131
52.4488848,-1.5200735
52.4488848,-1.5200735
52.4488848,-1.5200735
52.4488848,-1.5200735
52.4488848,-1.5200735
52.4488848,-1.5200735
52.4488848,-1.5200735
52.4488848,-1.5200735
52.4488848,-1.5200735
52.4481074,-1.5201002
52.4481074,-1.5201002
52.4481074,-1.5201002
52.4481074,-1.5201002
52.4481074,-1.5201002
52.4481074,-1.5201002
52.4481074,-1.5201002
52.4481074,-1.5201002
52.4481074,-1.5201002
52.4481074,-1.5201002
52.4481074,-1.5201002
52.4481074,-1.5201002
52.4481074,-1.5201002
52.4481074,-1.5201002
52.4481074,-1.5201002
52.4481074,-1.5201002
52.4481074,-1.5201002
52.4481074,-1.5201002
52.4488696,-1.5143338
52.4488696,-1.5143338
52.4488696,-1.5143338
52.4488696,-1.5143338
52.4491551,-1.5135472
52.4491551,-1.5135472
52.4491551,-1.5135472
52.4491551,-1.5135472
52.4491551,-1.5135472
52.4494177,-1.5131929
52.4494177,-1.5131929
52.4494177,-1.5131929
52.4494177,-1.5131929
52.4499644,-1.5142095
52.4499644,-1.5142095
52.4499644,-1.5142095
52.4499644,-1.5142095
52.4499644,-1.5142095
52.4499644,-1.5142095
52.4499644,-1.5142095
52.4499644,-1.5142095
52.4499644,-1.5142095
52.4499644,-1.5142095
52.4499644,-1.5142095
52.4499644,-1.5142095
52.4499644,-1.5142095
52.4499644,-1.5142095
52.4513719,-1.512411
52.4513719,-1.512411
52.4513719,-1.512411
52.4513719,-1.512411
52.4513719,-1.512411
52.4513719,-1.512411
52.4513719,-1.512411
52.4513719,-1.512411
52.4513719,-1.512411
52.4513719,-1.512411
52.4513719,-1.512411
52.4513719,-1.512411
52.4513719,-1.512411
52.4513719,-1.512411
52.4513719,-1.512411
52.4513719,-1.512411
52.4513719,-1.512411
52.4513719,-1.512411
52.4513719,-1.512411
52.4513719,-1.512411
52.4510444,-1.5108481
52.4510444,-1.5108481
52.4510444,-1.5108481
52.4510444,-1.5108481
52.4507644,-1.5111414
52.4502977,-1.5114244
52.4502977,-1.5114244
52.4502977,-1.5114244
52.4502977,-1.5114244
52.4503145,-1.5119799
52.4503145,-1.5119799
52.4503145,-1.5119799
52.4503145,-1.5119799
52.4503145,-1.5119799
52.4503145,-1.5119799
52.4503145,-1.5119799
52.4503145,-1.5119799
52.4494177,-1.5131929
52.4491551,-1.5135472
52.4491551,-1.5135472
52.4491551,-1.5135472
52.4491551,-1.5135472
52.4486526,-1.5134613
52.4486526,-1.5134613
52.4486526,-1.5134613
52.4486526,-1.5134613
52.4486526,-1.5134613
52.4481919,-1.5139508
52.4481919,-1.5139508
52.4481919,-1.5139508
52.4481919,-1.5139508
52.4481919,-1.5139508
52.4481919,-1.5139508
52.4481919,-1.5139508
52.4481919,-1.5139508
52.4481919,-1.5139508
52.447403,-1.5160595
52.447403,-1.5160595
52.447403,-1.5160595
52.447403,-1.5160595
52.447403,-1.5160595
52.447403,-1.5160595
52.447403,-1.5160595
52.447403,-1.5160595
52.447403,-1.5160595
52.4470382,-1.5179516
52.4470382,-1.5179516
52.4470382,-1.5179516
52.4470382,-1.5179516
52.4474393,-1.5181503
52.4474393,-1.5181503
52.4474393,-1.5181503
52.4474393,-1.5181503
52.4474393,-1.5181503
52.4474393,-1.5181503
52.4474393,-1.5181503
52.4474393,-1.5181503
52.4474393,-1.5181503
52.4474393,-1.5181503
52.4474393,-1.5181503
52.4474393,-1.5181503
52.4474393,-1.5181503
52.4473454,-1.5188969
52.4473454,-1.5188969
52.4473454,-1.5188969
52.4473454,-1.5188969
52.4473454,-1.5188969
52.4474393,-1.5181503
52.4474393,-1.5181503
52.4474393,-1.5181503
52.4474393,-1.5181503
52.4474393,-1.5181503
52.4474393,-1.5181503
52.4474393,-1.5181503
52.4474393,-1.5181503
52.4474393,-1.5181503
52.4470382,-1.5179516
52.4470382,-1.5179516
52.4470382,-1.5179516
52.4470382,-1.5179516
52.4470382,-1.5179516
52.4470382,-1.5179516
52.4470382,-1.5179516
52.4470382,-1.5179516
52.4470382,-1.5179516
52.4465794,-1.5192555
52.4465794,-1.5192555
52.4465794,-1.5192555
52.4465794,-1.5192555
52.4465794,-1.5192555
52.4465794,-1.5192555
52.4465794,-1.5192555
52.4465794,-1.5192555
52.4465794,-1.5192555
52.4465794,-1.5192555
52.4465794,-1.5192555
52.4465794,-1.5192555
52.4465794,-1.5192555
52.4465794,-1.5192555
52.4465794,-1.5192555
52.4465794,-1.5192555
52.4465794,-1.5192555
52.4465794,-1.5192555
52.4466368,-1.5133263
52.4466368,-1.5133263
52.4466368,-1.5133263
52.4466368,-1.5133263
52.4473114,-1.5133125
52.4473114,-1.5133125
52.4473114,-1.5133125
52.4473114,-1.5133125
52.4473114,-1.5133125
52.4473114,-1.5133125
52.4473114,-1.5133125
52.4473114,-1.5133125
52.4473114,-1.5133125
52.4473114,-1.5133125
52.4473114,-1.5133125
52.4473114,-1.5133125
52.4473114,-1.5133125
52.4473114,-1.5133125
52.4473114,-1.5133125
52.4473114,-1.5133125
52.4473114,-1.5133125
52.4473114,-1.5133125
52.4466368,-1.5133263
52.4466368,-1.5133263
52.4466368,-1.5133263
52.4466368,-1.5133263
52.4466368,-1.5133263
52.4466368,-1.5133263
52.4466368,-1.5133263
52.4466368,-1.5133263
52.4466368,-1.5133263
52.4466368,-1.5133263
52.4466368,-1.5133263
52.4466368,-1.5133263
52.4466368,-1.5133263
52.4466368,-1.5133263
52.4466368,-1.5133263
52.4466368,-1.5133263
52.4466368,-1.5133263
52.4466368,-1.5133263
52.4466368,-1.5133263
52.4466368,-1.5133263
52.4466368,-1.5133263
52.4466368,-1.5133263
52.4466368,-1.5133263
52.4465794,-1.5192555
52.4465794,-1.5192555
52.4465794,-1.5192555
52.4465794,-1.5192555
52.4465794,-1.5192555
52.4465794,-1.5192555
52.4465794,-1.5192555
52.4465794,-1.5192555
52.4465794,-1.5192555
52.4465794,-1.5192555
52.4465794,-1.5192555
52.4465794,-1.5192555
52.4465794,-1.5192555
52.4465794,-1.5192555
52.4465794,-1.5192555
52.4465794,-1.5192555
52.4465794,-1.5192555
52.4465794,-1.5192555
52.4465794,-1.5192555
52.4465794,-1.5192555
52.4465794,-1.5192555
52.4465794,-1.5192555
52.4459248,-1.5198331
52.4459248,-1.5198331
52.4459248,-1.5198331
52.4459248,-1.5198331
52.4459248,-1.5198331
52.4459248,-1.5198331
52.4459248,-1.5198331
52.4459248,-1.5198331
52.4459248,-1.5198331
52.4443883,-1.5209882
52.443783,-1.5214454
52.443783,-1.5214454
52.443783,-1.5214454
52.443783,-1.5214454
52.4429026,-1.5220613
52.4429026,-1.5220613
52.4429026,-1.5220613
52.4429026,-1.5220613
52.44237,-1.5223464
52.44237,-1.5223464
52.44237,-1.5223464
52.44237,-1.5223464
52.44237,-1.5223464
52.44237,-1.5223464
52.44237,-1.5223464
52.44237,-1.5223464
52.44237,-1.5223464
52.4423908,-1.5246977
52.4423908,-1.5246977
52.4423908,-1.5246977
52.4423908,-1.5246977
52.4423908,-1.5246977
52.4423908,-1.5246977
52.4423908,-1.5246977
52.4423908,-1.5246977
52.4423908,-1.5246977
52.4432351,-1.525105
52.4432351,-1.525105
52.4432351,-1.525105
52.4432351,-1.525105
52.4432351,-1.525105
52.4432351,-1.525105
52.4432351,-1.525105
52.4432351,-1.525105
52.4432351,-1.525105
52.4432351,-1.525105
52.4432351,-1.525105
52.4432351,-1.525105
52.4432351,-1.525105
52.4432351,-1.525105
52.4440996,-1.522599
52.4440996,-1.522599
52.4440996,-1.522599
52.443783,-1.5214454
52.4440996,-1.522599
52.4440996,-1.522599
52.4440996,-1.522599
52.4440996,-1.522599
52.4440996,-1.522599
52.4440996,-1.522599
52.4440996,-1.522599
52.4440996,-1.522599
52.4440996,-1.522599
52.4440996,-1.522599
52.4440996,-1.522599
52.4440996,-1.522599
52.4440996,-1.522599
52.4440996,-1.522599
52.4432351,-1.525105
52.4432351,-1.525105
52.4432351,-1.525105
52.4432351,-1.525105
52.4432351,-1.525105
52.4432351,-1.525105
52.4432351,-1.525105
52.4432351,-1.525105
52.4432351,-1.525105
52.4423908,-1.5246977
52.4423908,-1.5246977
52.4423908,-1.5246977
52.4423908,-1.5246977
52.4423908,-1.5246977
52.4423908,-1.5246977
52.4423908,-1.5246977
52.4423908,-1.5246977
52.4423908,-1.5246977
52.4423317,-1.526378
52.4423317,-1.526378
52.4423317,-1.526378
52.4423317,-1.526378
52.4423317,-1.526378
52.4423317,-1.526378
52.4423317,-1.526378
52.4423317,-1.526378
52.4414208,-1.5265289
52.4413959,-1.5265356
52.4413959,-1.5265356
52.4413959,-1.5265356
52.4413959,-1.5265356
52.4414836,-1.526881
52.4414836,-1.526881
52.4414836,-1.526881
52.4414836,-1.526881
52.4414836,-1.526881
52.4414836,-1.526881
52.4414836,-1.526881
52.4414836,-1.526881
52.4414836,-1.526881
52.4414836,-1.526881
52.4414836,-1.526881
52.4414836,-1.526881
52.4414836,-1.526881
52.4414836,-1.526881
52.4414836,-1.526881
52.4414836,-1.526881
52.4414836,-1.526881
52.4414836,-1.526881
52.4414836,-1.526881
52.4414836,-1.526881
52.4414836,-1.526881
52.4414836,-1.526881
52.4423709,-1.5292043
52.4423709,-1.5292043
52.4423709,-1.5292043
52.4423709,-1.5292043
52.4423709,-1.5292043
52.4423709,-1.5292043
52.4423709,-1.5292043
52.4423709,-1.5292043
52.4423709,-1.5292043
52.4414979,-1.5295742
52.4414979,-1.5295742
52.4414979,-1.5295742
52.4414979,-1.5295742
52.4414979,-1.5295742
52.4408088,-1.5298448
52.4408088,-1.5298448
52.4408088,-1.5298448
52.4408088,-1.5298448
52.4408088,-1.5298448
52.4408088,-1.5298448
52.4408088,-1.5298448
52.4408088,-1.5298448
52.4408088,-1.5298448
52.4407826,-1.5319085
52.4407826,-1.5319085
52.4407826,-1.5319085
52.4407826,-1.5319085
52.4402868,-1.5317993
52.4402868,-1.5317993
52.4402868,-1.5317993
52.4402868,-1.5317993
52.4402868,-1.5317993
52.4402868,-1.5317993
52.4402868,-1.5317993
52.4402868,-1.5317993
52.4402868,-1.5317993
52.4385325,-1.5312791
52.4385325,-1.5312791
52.4385325,-1.5312791
52.4385325,-1.5312791
52.4383126,-1.5312761
52.4376511,-1.5313261
52.4376511,-1.5313261
52.4376511,-1.5313261
52.4376511,-1.5313261
52.4371007,-1.5313595
52.4371007,-1.5313595
52.4371007,-1.5313595
52.4371007,-1.5313595
52.4371007,-1.5313595
52.4361104,-1.5314533
52.4361104,-1.5314533
52.4361104,-1.5314533
52.4361104,-1.5314533
52.4358783,-1.5315337
52.4357523,-1.5314397
52.4357523,-1.5314397
52.4356014,-1.5316017
52.4356263,-1.5319074
52.4357095,-1.5319552
52.4357095,-1.5319552
52.4357095,-1.5319552
52.4357095,-1.5319552
52.4362723,-1.5323787
52.4362723,-1.5323787
52.4362723,-1.5323787
52.4362723,-1.5323787
52.4373135,-1.5332286
52.4377758,-1.5336587
52.4377758,-1.5336587
52.4377758,-1.5336587
52.4377758,-1.5336587
52.4382694,-1.5342671
52.4382694,-1.5342671
52.4382694,-1.5342671
52.4382694,-1.5342671
52.4382694,-1.5342671
52.4382694,-1.5342671
52.4382694,-1.5342671
52.4382694,-1.5342671
52.4382694,-1.5342671
52.4382694,-1.5342671
52.4382694,-1.5342671
52.4382694,-1.5342671
52.4382694,-1.5342671
52.4382694,-1.5342671
52.4382694,-1.5342671
52.4382694,-1.5342671
52.4382694,-1.5342671
52.4382694,-1.5342671
52.4382694,-1.5342671
52.4382694,-1.5342671
52.4382694,-1.5342671
52.4382694,-1.5342671
52.4382694,-1.5342671
52.4382694,-1.5342671
52.4382694,-1.5342671
52.4382694,-1.5342671
52.4382694,-1.5342671
52.443141,-1.5407155
52.443141,-1.5407155
52.443141,-1.5407155
52.443141,-1.5407155
52.443141,-1.5407155
52.443141,-1.5407155
52.443141,-1.5407155
52.443141,-1.5407155
52.443141,-1.5407155
52.4449944,-1.5432685
52.4449944,-1.5432685
52.4449944,-1.5432685
52.4449944,-1.5432685
52.4449944,-1.5432685
52.4449944,-1.5432685
52.4449944,-1.5432685
52.4449944,-1.5432685
52.4449944,-1.5432685
52.4449944,-1.5432685
52.4449944,-1.5432685
52.4449944,-1.5432685
52.4449944,-1.5432685
52.4449944,-1.5432685
52.4449944,-1.5432685
52.4449944,-1.5432685
52.4449944,-1.5432685
52.4449944,-1.5432685
52.4449944,-1.5432685
52.4449944,-1.5432685
52.4449944,-1.5432685
52.4449944,-1.5432685
52.4449944,-1.5432685
52.4449944,-1.5432685
52.4449944,-1.5432685
52.4449944,-1.5432685
52.4396279,-1.5474478
52.4394245,-1.547687
52.4393831,-1.5478317
52.4393831,-1.5478317
52.4393831,-1.5478317
52.4392747,-1.5479063
52.4393984,-1.5480905
52.4393984,-1.5480905
52.4393984,-1.5480905
52.4393984,-1.5480905
52.4393984,-1.5480905
52.4393984,-1.5480905
52.4393984,-1.5480905
52.4393984,-1.5480905
52.4393984,-1.5480905
52.4393984,-1.5480905
52.4393984,-1.5480905
52.4393984,-1.5480905
52.4393984,-1.5480905
52.4410242,-1.5511658
52.4410242,-1.5511658
52.4410242,-1.5511658
52.4410242,-1.5511658
52.4410242,-1.5511658
52.4410242,-1.5511658
52.4410242,-1.5511658
52.4410242,-1.5511658
52.4410242,-1.5511658
52.4410242,-1.5511658
52.4410242,-1.5511658
52.4410242,-1.5511658
52.4410242,-1.5511658
52.4410242,-1.5511658
52.4410242,-1.5511658
52.4410242,-1.5511658
52.4410242,-1.5511658
52.4410242,-1.5511658
52.4410242,-1.5511658
52.4410242,-1.5511658
52.4410242,-1.5511658
52.4410242,-1.5511658
52.4410242,-1.5511658
52.4410242,-1.5511658
52.4410242,-1.5511658
52.4410242,-1.5511658
52.4410242,-1.5511658
52.4410242,-1.5511658
52.4410242,-1.5511658
52.4410242,-1.5511658
52.4410242,-1.5511658
52.4410242,-1.5511658
52.4466379,-1.5561392
52.4466379,-1.5561392
52.4466379,-1.5561392
52.4466379,-1.5561392
52.4466379,-1.5561392
52.4466379,-1.5561392
52.4466379,-1.5561392
52.4466379,-1.5561392
52.4466379,-1.5561392
52.4466379,-1.5561392
52.4466379,-1.5561392
52.4466379,-1.5561392
52.4466379,-1.5561392
52.4466379,-1.5561392
52.4466379,-1.5561392
52.4466379,-1.5561392
52.4466379,-1.5561392
52.4466379,-1.5561392
52.4488507,-1.5614941
52.4488507,-1.5614941
52.4488507,-1.5614941
52.4488507,-1.5614941
52.4488507,-1.5614941
52.4488507,-1.5614941
52.4488507,-1.5614941
52.4488507,-1.5614941
52.4488507,-1.5614941
52.4496051,-1.5646712
52.4496051,-1.5646712
52.4496051,-1.5646712
52.4496051,-1.5646712
52.4496051,-1.5646712
52.4496051,-1.5646712
52.4496051,-1.5646712
52.4496051,-1.5646712
52.4496051,-1.5646712
52.4496051,-1.5646712
52.4496051,-1.5646712
52.4496051,-1.5646712
52.4496051,-1.5646712
52.4496051,-1.5646712
52.4496051,-1.5646712
52.4496051,-1.5646712
52.4496051,-1.5646712
52.4496051,-1.5646712
52.4525244,-1.5732587
52.4525244,-1.5732587
52.4525244,-1.5732587
52.4525244,-1.5732587
52.4524638,-1.5735146
52.4524638,-1.5735146
52.4524638,-1.5735146
52.4524638,-1.5735146
52.4524638,-1.5735146
52.4524638,-1.5735146
52.4524638,-1.5735146
52.4524638,-1.5735146
52.4524638,-1.5735146
52.4524638,-1.5735146
52.4524638,-1.5735146
52.4524638,-1.5735146
52.4524638,-1.5735146
52.4524638,-1.5735146
52.4524638,-1.5735146
52.4524638,-1.5735146
52.4524638,-1.5735146
52.4524638,-1.5735146
52.4524638,-1.5735146
52.4524638,-1.5735146
52.4524638,-1.5735146
52.4524638,-1.5735146
52.4524638,-1.5735146
52.4466584,-1.572038
52.4466584,-1.572038
52.4466584,-1.572038
52.4466584,-1.572038
52.4466584,-1.572038
52.4466584,-1.572038
52.4466584,-1.572038
52.4466584,-1.572038
52.4466584,-1.572038
52.4466584,-1.572038
52.4466584,-1.572038
52.4466584,-1.572038
52.4466584,-1.572038
52.4466584,-1.572038
52.4466584,-1.572038
52.4466584,-1.572038
52.4466584,-1.572038
52.442506,-1.5725655
52.4424752,-1.5729858
52.4424752,-1.5729858
52.4424752,-1.5729858
52.4424752,-1.5729858
52.4423483,-1.5747758
52.4423483,-1.5747758
52.4423483,-1.5747758
52.4423483,-1.5747758
52.4423483,-1.5747758
52.4423483,-1.5747758
52.4423483,-1.5747758
52.4423483,-1.5747758
52.4423483,-1.5747758
52.4423483,-1.5747758
52.4423483,-1.5747758
52.4423483,-1.5747758
52.4423483,-1.5747758
52.4423483,-1.5747758
52.4423483,-1.5747758
52.4423483,-1.5747758
52.4423483,-1.5747758
52.4423483,-1.5747758
52.4414664,-1.582898
52.4413873,-1.5831924
52.4413873,-1.5831924
52.4413873,-1.5831924
52.4413873,-1.5831924
52.4413873,-1.5831924
52.4413873,-1.5831924
52.4413873,-1.5831924
52.4413873,-1.5831924
52.4413873,-1.5831924
52.4413873,-1.5831924
52.4413873,-1.5831924
52.4413873,-1.5831924
52.4413873,-1.5831924
52.4413873,-1.5831924
52.4413873,-1.5831924
52.4413873,-1.5831924
52.4413873,-1.5831924
52.4374192,-1.5915381
52.4374192,-1.5915381
52.4374192,-1.5915381
52.4374192,-1.5915381
52.4374192,-1.5915381
52.4374192,-1.5915381
52.4374192,-1.5915381
52.4374192,-1.5915381
52.4374192,-1.5915381
52.4374192,-1.5915381
52.4374192,-1.5915381
52.4374192,-1.5915381
52.4374192,-1.5915381
52.4374192,-1.5915381
52.4374192,-1.5915381
52.4374192,-1.5915381
52.4374192,-1.5915381
52.4374192,-1.5915381
52.4374192,-1.5915381
52.4374192,-1.5915381
52.4374192,-1.5915381
52.4374192,-1.5915381
52.4374192,-1.5915381
52.4413873,-1.5831924
52.4414664,-1.582898
52.4414664,-1.582898
52.4414664,-1.582898
52.4414664,-1.582898
52.4414664,-1.582898
52.4414664,-1.582898
52.4414664,-1.582898
52.4414664,-1.582898
52.4414664,-1.582898
52.4414664,-1.582898
52.4414664,-1.582898
52.4414664,-1.582898
52.4414664,-1.582898
52.4414664,-1.582898
52.4414664,-1.582898
52.4414664,-1.582898
52.4414664,-1.582898
52.4423483,-1.5747758
52.4423483,-1.5747758
52.4423483,-1.5747758
52.4423483,-1.5747758
52.4423483,-1.5747758
52.4423483,-1.5747758
52.4423483,-1.5747758
52.4423483,-1.5747758
52.4424752,-1.5729858
52.4422919,-1.5727002
52.4422919,-1.5727002
52.4422919,-1.5727002
52.4422919,-1.5727002
52.4422919,-1.5727002
52.4422919,-1.5727002
52.4422919,-1.5727002
52.4422919,-1.5727002
52.4422919,-1.5727002
52.4422919,-1.5727002
52.4422919,-1.5727002
52.4422919,-1.5727002
52.4402829,-1.5720894
52.4400392,-1.5721113
52.4400392,-1.5721113
52.4400392,-1.5721113
52.4400392,-1.5721113
52.4400392,-1.5721113
52.4400392,-1.5721113
52.4400392,-1.5721113
52.4400392,-1.5721113
52.4400392,-1.5721113
52.4400392,-1.5721113
52.4400392,-1.5721113
52.4400392,-1.5721113
52.4400392,-1.5721113
52.4400392,-1.5721113
52.4400392,-1.5721113
52.4400392,-1.5721113
52.4400392,-1.5721113
52.4400392,-1.5721113
52.4400392,-1.5721113
52.4400392,-1.5721113
52.4400392,-1.5721113
52.4400392,-1.5721113
52.4400392,-1.5721113
52.4400392,-1.5721113
52.4400392,-1.5721113
52.4400392,-1.5721113
52.4400392,-1.5721113
52.4400392,-1.5721113
52.4400392,-1.5721113
52.4400392,-1.5721113
52.4400392,-1.5721113
52.4400392,-1.5721113
52.4400392,-1.5721113
52.4400392,-1.5721113
52.4400392,-1.5721113
52.4400392,-1.5721113
52.4400392,-1.5721113
52.4400392,-1.5721113
52.4400392,-1.5721113
52.4400392,-1.5721113
52.4400392,-1.5721113
52.431745,-1.5699052
52.431745,-1.5699052
52.431745,-1.5699052
52.431745,-1.5699052
52.431745,-1.5699052
52.431745,-1.5699052
52.431745,-1.5699052
52.431745,-1.5699052
52.431745,-1.5699052
52.4318758,-1.5675468
52.4318758,-1.5675468
52.4318758,-1.5675468
52.4318758,-1.5675468
52.4318758,-1.5675468
52.4318758,-1.5675468
52.4318758,-1.5675468
52.4318758,-1.5675468
52.4318758,-1.5675468
52.431745,-1.5699052
52.431745,-1.5699052
52.431745,-1.5699052
52.431745,-1.5699052
52.431745,-1.5699052
52.431745,-1.5699052
52.431745,-1.5699052
52.431745,-1.5699052
52.431745,-1.5699052
52.431745,-1.5699052
52.431745,-1.5699052
52.431745,-1.5699052
52.431745,-1.5699052
52.4400392,-1.5721113
52.4400392,-1.5721113
52.4400392,-1.5721113
52.4400392,-1.5721113
52.4400392,-1.5721113
52.4400392,-1.5721113
52.4400392,-1.5721113
52.4400392,-1.5721113
52.4400392,-1.5721113
52.4400392,-1.5721113
52.4400392,-1.5721113
52.4400392,-1.5721113
52.4400392,-1.5721113
52.431745,-1.5699052
52.4318758,-1.5675468
52.4312144,-1.5664253
52.4312144,-1.5664253
52.4312144,-1.5664253
52.4312144,-1.5664253
52.4312144,-1.5664253
52.4312144,-1.5664253
52.4312144,-1.5664253
52.4312144,-1.5664253
52.4312144,-1.5664253
52.4312144,-1.5664253
52.4312144,-1.5664253
52.4312144,-1.5664253
52.4312144,-1.5664253
52.4312144,-1.5664253
52.4312144,-1.5664253
52.4312144,-1.5664253
52.4312144,-1.5664253
52.4312144,-1.5664253
52.4312144,-1.5664253
52.4312144,-1.5664253
52.4312144,-1.5664253
52.4312144,-1.5664253
52.4312144,-1.5664253
52.4312144,-1.5664253
52.4312144,-1.5664253
52.4312144,-1.5664253
52.4312144,-1.5664253
52.4312144,-1.5664253
52.4312144,-1.5664253
52.4312144,-1.5664253
52.4312144,-1.5664253
52.4312144,-1.5664253
52.4312144,-1.5664253
52.4312144,-1.5664253
52.4312144,-1.5664253
52.4312144,-1.5664253
52.4312144,-1.5664253
52.4312144,-1.5664253
52.4312144,-1.5664253
52.4312144,-1.5664253
52.4312144,-1.5664253
52.4312144,-1.5664253
52.4312144,-1.5664253
52.4312144,-1.5664253
52.4312144,-1.5664253
52.4312144,-1.5664253
52.4312144,-1.5664253
52.4312144,-1.5664253
52.4312144,-1.5664253
52.4312144,-1.5664253
52.4312144,-1.5664253
52.4312144,-1.5664253
52.4312144,-1.5664253
52.4312144,-1.5664253
52.4312144,-1.5664253
52.4312144,-1.5664253
52.4257531,-1.5707922
52.4257531,-1.5707922
52.4257531,-1.5707922
52.4257531,-1.5707922
52.4257531,-1.5707922
52.4257531,-1.5707922
52.4257531,-1.5707922
52.4257531,-1.5707922
52.4257531,-1.5707922
52.4257531,-1.5707922
52.4257531,-1.5707922
52.4257531,-1.5707922
52.4257531,-1.5707922
52.4257531,-1.5707922
52.4257531,-1.5707922
52.4257531,-1.5707922
52.4257531,-1.5707922
52.4253058,-1.5693434
52.4253058,-1.5693434
52.4253058,-1.5693434
52.4246528,-1.5697896
52.4253058,-1.5693434
52.4253058,-1.5693434
52.4253058,-1.5693434
52.4253058,-1.5693434
52.4253058,-1.5693434
52.4257531,-1.5707922
52.425805,-1.5709747
52.425805,-1.5709747
52.425805,-1.5709747
52.4257406,-1.5713996
52.4257406,-1.5713996
52.4257406,-1.5713996
52.4257406,-1.5713996
52.4257406,-1.5713996
52.4257406,-1.5713996
52.4257406,-1.5713996
52.4257406,-1.5713996
52.4257406,-1.5713996
52.4257406,-1.5713996
52.4257406,-1.5713996
52.4257406,-1.5713996
52.4257406,-1.5713996
52.4257406,-1.5713996
52.4226648,-1.5691295
52.4226648,-1.5691295
52.4226648,-1.5691295
52.422379,-1.5692514
52.4223653,-1.5692348
52.4223653,-1.5692348
52.4223653,-1.5692348
52.4223653,-1.5692348
52.4223653,-1.5692348
52.4217789,-1.569226
52.4216744,-1.5693465
52.4216744,-1.5693465
52.4216744,-1.5693465
52.4216744,-1.5693465
52.4216744,-1.5693465
52.4216744,-1.5693465
52.4216744,-1.5693465
52.4216485,-1.5707772
52.4216597,-1.5707987
52.4216579,-1.5714898
52.4216579,-1.5714898
52.421592,-1.5716628
52.4212713,-1.5721563
52.4212713,-1.5721563
52.4212713,-1.5721563
52.4212713,-1.5721563
52.4212713,-1.5721563
52.4210108,-1.5730642
52.4210108,-1.5730642
52.4210108,-1.5730642
52.4210108,-1.5730642
52.4209326,-1.5740374
52.4209326,-1.5740374
52.4209326,-1.5740374
52.4209326,-1.5740374
52.4209326,-1.5740374
52.4202604,-1.5749254
52.4202604,-1.5749254
52.4202604,-1.5749254
52.4202604,-1.5749254
52.4195177,-1.5747803
52.4195177,-1.5747803
52.4195177,-1.5747803
52.4195177,-1.5747803
52.4195177,-1.5747803
52.4186535,-1.5749007
52.4186535,-1.5749007
52.4186535,-1.5749007
52.4186535,-1.5749007
52.4180865,-1.5751926
52.4180865,-1.5751926
52.4180865,-1.5751926
52.4180865,-1.5751926
52.4180865,-1.5751926
52.4175992,-1.5758135
52.4175992,-1.5758135
52.4175992,-1.5758135
52.4175992,-1.5758135
52.4171334,-1.5764134
52.4171334,-1.5764134
52.4171334,-1.5764134
52.4171334,-1.5764134
52.4171334,-1.5764134
52.4164097,-1.5766932
52.4164097,-1.5766932
52.4164097,-1.5766932
52.4164097,-1.5766932
52.416353,-1.5759444
52.416353,-1.5759444
52.416353,-1.5759444
52.416353,-1.5759444
52.416353,-1.5759444
52.416353,-1.5759444
52.416353,-1.5759444
52.416353,-1.5759444
52.416353,-1.5759444
52.4159699,-1.5734846
52.4158978,-1.573153
52.4158978,-1.573153
52.4158978,-1.573153
52.4157719,-1.5726946
52.4156525,-1.5723044
52.4153081,-1.5716774
52.4153081,-1.5716774
52.4153081,-1.5716774
52.4150061,-1.5713606
52.4145235,-1.5709822
52.4145235,-1.5709822
52.4145235,-1.5709822
52.4145235,-1.5709822
52.4145235,-1.5709822
52.4145235,-1.5709822
52.4145235,-1.5709822
52.4145235,-1.5709822
52.4129548,-1.5705034
52.4129548,-1.5705034
52.4129548,-1.5705034
52.4129548,-1.5705034
52.4123177,-1.5702141
52.4119212,-1.5703563
52.4119212,-1.5703563
52.4119212,-1.5703563
52.4119212,-1.5703563
52.4114466,-1.5709824
52.4114466,-1.5709824
52.4114466,-1.5709824
52.4114466,-1.5709824
52.4114466,-1.5709824
52.410579,-1.5729989
52.4104266,-1.5735393
52.4104266,-1.5735393
52.4104266,-1.5735393
52.4104266,-1.5735393
52.4104266,-1.5735393
52.4104266,-1.5735393
52.4104266,-1.5735393
52.4104266,-1.5735393
52.4100101,-1.5744846
52.4100101,-1.5744846
52.4100101,-1.5744846
52.4100101,-1.5744846
52.4100101,-1.5744846
52.4100101,-1.5744846
52.4100101,-1.5744846
52.4100101,-1.5744846
52.4100101,-1.5744846
52.4104878,-1.5760656
52.4104878,-1.5760656
52.4104878,-1.5760656
52.4104878,-1.5760656
52.4104878,-1.5760656
52.4104878,-1.5760656
52.4104878,-1.5760656
52.4104878,-1.5760656
52.4104878,-1.5760656
52.4104878,-1.5760656
52.4104878,-1.5760656
52.4104878,-1.5760656
52.4111939,-1.578804
52.411366,-1.5797317
52.411366,-1.5797317
52.411366,-1.5797317
52.411366,-1.5797317
52.411366,-1.5797317
52.4104861,-1.5803026
52.4104861,-1.5803026
52.4104861,-1.5803026
52.4104861,-1.5803026
52.4099124,-1.5804218
52.4099124,-1.5804218
52.4099124,-1.5804218
52.4099124,-1.5804218
52.4099124,-1.5804218
52.4099124,-1.5804218
52.4099124,-1.5804218
52.4099124,-1.5804218
52.4097175,-1.5791602
52.4097175,-1.5791602
52.4097175,-1.5791602
52.4097175,-1.5791602
52.4097175,-1.5791602
52.4097175,-1.5791602
52.4097175,-1.5791602
52.4097175,-1.5791602
52.4097175,-1.5791602
52.4097175,-1.5791602
52.4097175,-1.5791602
52.4097175,-1.5791602
52.4097175,-1.5791602
52.4097175,-1.5791602
52.4097175,-1.5791602
52.4097175,-1.5791602
52.4097175,-1.5791602
52.4097175,-1.5791602
52.4099124,-1.5804218
52.4096082,-1.5804557
52.4096082,-1.5804557
52.4096082,-1.5804557
52.4096082,-1.5804557
52.4096082,-1.5804557
52.4096344,-1.5810166
52.4096344,-1.5810166
52.4096344,-1.5810166
52.4096344,-1.5810166
52.4093103,-1.581679
52.4093103,-1.581679
52.4093103,-1.581679
52.4093103,-1.581679
52.4093103,-1.581679
52.408616,-1.5821077
52.408616,-1.5821077
52.408616,-1.5821077
52.408616,-1.5821077
52.408616,-1.5821077
52.408616,-1.5821077
52.408616,-1.5821077
52.408616,-1.5821077
52.408616,-1.5821077
52.408193,-1.5811207
52.408193,-1.5811207
52.408193,-1.5811207
52.408193,-1.5811207
52.4077152,-1.5818529
52.4077152,-1.5818529
52.4077152,-1.5818529
52.4077152,-1.5818529
52.4077152,-1.5818529
52.4077152,-1.5818529
52.4077152,-1.5818529
52.4077152,-1.5818529
52.4077152,-1.5818529
52.4064806,-1.5810472
52.4064806,-1.5810472
52.4064806,-1.5810472
52.4064806,-1.5810472
52.4064806,-1.5810472
52.405714,-1.5813841
52.405473,-1.5814894
52.405473,-1.5814894
52.405473,-1.5814894
52.4048051,-1.5817652
52.4048051,-1.5817652
52.4048051,-1.5817652
52.4048051,-1.5817652
52.4048051,-1.5817652
52.4046976,-1.5808937
52.4046976,-1.5808937
52.4046976,-1.5808937
52.4045924,-1.5800284
52.4049885,-1.5798595
52.4049885,-1.5798595
52.4049885,-1.5798595
52.4049885,-1.5798595
52.4049885,-1.5798595
52.4048704,-1.5791437
52.4048704,-1.5791437
52.4048704,-1.5791437
52.4048704,-1.5791437
52.4048704,-1.5791437
52.4048704,-1.5791437
52.4048704,-1.5791437
52.4048704,-1.5791437
52.4048704,-1.5791437
52.4048704,-1.5791437
52.4049885,-1.5798595
52.4049885,-1.5798595
52.4049885,-1.5798595
52.4049885,-1.5798595
52.4045924,-1.5800284
52.4045924,-1.5800284
52.4045924,-1.5800284
52.4045924,-1.5800284
52.4045924,-1.5800284
52.4046976,-1.5808937
52.4046976,-1.5808937
52.4046976,-1.5808937
52.4048051,-1.5817652
52.4046297,-1.5818137
52.4046297,-1.5818137
52.4046297,-1.5818137
52.4046297,-1.5818137
52.4046297,-1.5818137
52.4036126,-1.5819
52.4036126,-1.5819
52.4036126,-1.5819
52.4036126,-1.5819
52.4035984,-1.5830589
52.4035984,-1.5830589
52.4035984,-1.5830589
52.4035984,-1.5830589
52.4035984,-1.5830589
52.4045373,-1.5831644
52.4045373,-1.5831644
52.4045373,-1.5831644
52.4045373,-1.5831644
52.4044823,-1.5835431
52.4044823,-1.5835431
52.4044823,-1.5835431
52.4044823,-1.5835431
52.4044823,-1.5835431
52.4044193,-1.584273
52.4044193,-1.584273
52.4044193,-1.584273
52.4044193,-1.584273
52.4035839,-1.5839757
52.4035984,-1.5830589
52.4035984,-1.5830589
52.4035984,-1.5830589
52.4035984,-1.5830589
52.4035984,-1.5830589
52.4035984,-1.5830589
52.4035984,-1.5830589
52.4035984,-1.5830589
52.4045373,-1.5831644
52.4045373,-1.5831644
52.4045373,-1.5831644
52.4045373,-1.5831644
52.4045373,-1.5831644
52.4046502,-1.5825535
52.4046502,-1.5825535
52.4046502,-1.5825535
52.4046502,-1.5825535
52.4046502,-1.5825535
52.4046502,-1.5825535
52.4046502,-1.5825535
52.4046297,-1.5818137
52.4046297,-1.5818137
52.4046297,-1.5818137
52.4046297,-1.5818137
52.4046297,-1.5818137
52.4046297,-1.5818137
52.4046297,-1.5818137
52.4046297,-1.5818137
52.4036126,-1.5819
52.4034193,-1.5818773
52.4030812,-1.5818377
52.4030812,-1.5818377
52.4028932,-1.5818156
52.4026595,-1.5817882
52.4026595,-1.5817882
52.4026595,-1.5817882
52.4026595,-1.5817882
52.4026595,-1.5817882
52.4026595,-1.5817882
52.4026595,-1.5817882
52.4026595,-1.5817882
52.4026595,-1.5817882
52.4026595,-1.5817882
52.4026595,-1.5817882
52.4026595,-1.5817882
52.4026595,-1.5817882
52.4026595,-1.5817882
52.4026595,-1.5817882
52.4026595,-1.5817882
52.4026595,-1.5817882
52.4026595,-1.5817882
52.4026595,-1.5817882
52.4020499,-1.5817227
52.4020499,-1.5817227
52.4020499,-1.5817227
52.4020499,-1.5817227
52.4020499,-1.5817227
52.4020499,-1.5817227
52.4020499,-1.5817227
52.4020499,-1.5817227
52.4020499,-1.5817227
52.4021323,-1.578707
52.4021323,-1.578707
52.4021323,-1.578707
52.4021323,-1.578707
52.4021323,-1.578707
52.4021292,-1.5773882
52.4019943,-1.5757796
52.4019943,-1.5757796
52.4019943,-1.5757796
52.4019355,-1.5739822
52.4019355,-1.5739822
52.4019355,-1.5739822
52.4019355,-1.5739822
52.4019355,-1.5739822
52.4019355,-1.5739822
52.4019355,-1.5739822
52.4019355,-1.5739822
52.4019355,-1.5739822
52.4022143,-1.5715248
52.4022143,-1.5715248
52.4022143,-1.5715248
52.4022143,-1.5715248
52.4022143,-1.5715248
52.4022143,-1.5715248
52.4022143,-1.5715248
52.4022143,-1.5715248
52.4025145,-1.5693542
52.4026706,-1.5684307
52.4026706,-1.5684307
52.4026706,-1.5684307
52.4026706,-1.5684307
52.4028342,-1.5674666
52.4029348,-1.5669026
52.4030723,-1.5663387
52.4030723,-1.5663387
52.4030723,-1.5663387
52.4032997,-1.5655603
52.4032997,-1.5655603
52.4032997,-1.5655603
52.4032997,-1.5655603
52.4036771,-1.5643029
52.4037466,-1.5640513
52.4040377,-1.562655
52.4040377,-1.562655
52.4040377,-1.562655
52.4041528,-1.5613975
52.4041528,-1.5613975
52.4041528,-1.5613975
52.4041528,-1.5613975
52.4041528,-1.5613975
52.4040759,-1.5598778
52.4040619,-1.5595236
52.4040619,-1.5595236
52.4040619,-1.5595236
52.4040619,-1.5595236
52.4040619,-1.5595236
52.4040619,-1.5595236
52.4040619,-1.5595236
52.4040619,-1.5595236
52.4040619,-1.5595236
52.4040619,-1.5595236
52.4040619,-1.5595236
52.4040619,-1.5595236
52.4040619,-1.5595236
52.4040619,-1.5595236
52.4040619,-1.5595236
52.4040619,-1.5595236
52.4040619,-1.5595236
52.4040619,-1.5595236
52.4040619,-1.5595236
52.4040619,-1.5595236
52.4040619,-1.5595236
52.4040619,-1.5595236
52.4040619,-1.5595236
52.4040619,-1.5595236
52.4040619,-1.5595236
52.4040619,-1.5595236
52.4040619,-1.5595236
52.4040619,-1.5595236
52.4040619,-1.5595236
52.4040619,-1.5595236
52.4040619,-1.5595236
52.4040619,-1.5595236
52.4040619,-1.5595236
52.4040619,-1.5595236
52.4040619,-1.5595236
52.4040619,-1.5595236
52.4040619,-1.5595236
52.4040321,-1.5590705
52.4039909,-1.5587961
52.4037191,-1.5587304
52.4037191,-1.5587304
52.4037191,-1.5587304
52.4037191,-1.5587304
52.4037191,-1.5587304
52.4037191,-1.5587304
52.4037191,-1.5587304
52.4037191,-1.5587304
52.4037191,-1.5587304
52.4037191,-1.5587304
52.4037191,-1.5587304
52.4037191,-1.5587304
52.4037191,-1.5587304
52.4037191,-1.5587304
52.4037191,-1.5587304
52.4038185,-1.5568619
52.4038185,-1.5568619
52.4038185,-1.5568619
52.4038185,-1.5568619
52.4038185,-1.5568619
52.4038185,-1.5568619
52.4038185,-1.5568619
52.4038185,-1.5568619
52.4038185,-1.5568619
52.4038185,-1.5568619
52.403502,-1.5564439
52.403502,-1.5564439
52.403502,-1.5564439
52.403502,-1.5564439
52.4030637,-1.556429
52.4025546,-1.5569598
52.4025546,-1.5569598
52.4025546,-1.5569598
52.4025546,-1.5569598
52.4024861,-1.5575912
52.4024861,-1.5575912
52.4024861,-1.5575912
52.4024861,-1.5575912
52.4024861,-1.5575912
52.4024861,-1.5575912
52.4024861,-1.5575912
52.4024861,-1.5575912
52.4024861,-1.5575912
52.4024861,-1.5575912
52.4024861,-1.5575912
52.4024861,-1.5575912
52.4024861,-1.5575912
52.4024861,-1.5575912
52.4024861,-1.5575912
52.4024861,-1.5575912
52.4024861,-1.5575912
52.4024861,-1.5575912
52.4024861,-1.5575912
52.4021569,-1.5586445
52.4024918,-1.5586382
52.4026503,-1.5589061
52.4013559,-1.5587425
52.4013559,-1.5587425
52.4013559,-1.5587425
52.4008286,-1.5586214
52.4008286,-1.5586214
52.4008286,-1.5586214
52.4008286,-1.5586214
52.4008286,-1.5586214
52.3985668,-1.5574862
52.3985668,-1.5574862
52.3985668,-1.5574862
52.3985668,-1.5574862
52.3985668,-1.5574862
52.3985668,-1.5574862
52.3985668,-1.5574862
52.3985668,-1.5574862
52.3985668,-1.5574862
52.3985668,-1.5574862
52.3985668,-1.5574862
52.3985668,-1.5574862
52.3985668,-1.5574862
52.3953861,-1.5551395
52.3953861,-1.5551395
52.3953861,-1.5551395
52.3953861,-1.5551395
52.3953861,-1.5551395
52.3953861,-1.5551395
52.3953861,-1.5551395
52.3953861,-1.5551395
52.3935614,-1.5527317
52.3927577,-1.5518351
52.3930468,-1.5515365
52.3930468,-1.5515365
52.3930544,-1.5514565
52.3929487,-1.5511877
52.3928566,-1.5511783
52.3928566,-1.5511783
52.3928566,-1.5511783
52.3928566,-1.5511783
52.3928566,-1.5511783
52.3928566,-1.5511783
52.3928566,-1.5511783
52.3928566,-1.5511783
52.3928566,-1.5511783
52.3909801,-1.548272
52.3909801,-1.548272
52.3909801,-1.548272
52.3909801,-1.548272
52.3909801,-1.548272
52.3909801,-1.548272
52.3909801,-1.548272
52.3909801,-1.548272
52.3909801,-1.548272
52.3909801,-1.548272
52.3909801,-1.548272
52.3909801,-1.548272
52.3909801,-1.548272
52.3909801,-1.548272
52.3909801,-1.548272
52.3909801,-1.548272
52.3909801,-1.548272
52.3909801,-1.548272
52.3909801,-1.548272
52.3909801,-1.548272
52.3909801,-1.548272
52.3909801,-1.548272
52.3881754,-1.540041
52.3881754,-1.540041
52.3881754,-1.540041
52.3881754,-1.540041
52.3881754,-1.540041
52.3872018,-1.5371981
52.3872018,-1.5371981
52.3872018,-1.5371981
52.3872018,-1.5371981
52.3872018,-1.5371981
52.3872018,-1.5371981
52.3872018,-1.5371981
52.3872018,-1.5371981
52.3872018,-1.5371981
52.3872018,-1.5371981
52.3872018,-1.5371981
52.3872018,-1.5371981
52.3872018,-1.5371981
52.3872018,-1.5371981
52.3872018,-1.5371981
52.3872018,-1.5371981
52.3872018,-1.5371981
52.3872018,-1.5371981
52.3872018,-1.5371981
52.3872018,-1.5371981
52.3872018,-1.5371981
52.3872018,-1.5371981
52.3872018,-1.5371981
52.3872018,-1.5371981
52.3872018,-1.5371981
52.3872018,-1.5371981
52.3872018,-1.5371981
52.3872018,-1.5371981
52.3872018,-1.5371981
52.3872018,-1.5371981
52.3872018,-1.5371981
52.3872018,-1.5371981
52.3864342,-1.5350003
52.3863859,-1.5348711
52.3863859,-1.5348711
52.3863859,-1.5348711
52.3863859,-1.5348711
52.3856597,-1.5329342
52.3856597,-1.5329342
52.3856597,-1.5329342
52.3856597,-1.5329342
52.3853403,-1.5320339
52.3850192,-1.531096
52.3850192,-1.531096
52.3850192,-1.531096
52.3850192,-1.531096
52.3850192,-1.531096
52.3850192,-1.531096
52.3850192,-1.531096
52.3850192,-1.531096
52.384188,-1.5287513
52.3840233,-1.5282804
52.3840233,-1.5282804
52.3840233,-1.5282804
52.3840233,-1.5282804
52.3840233,-1.5282804
52.3840233,-1.5282804
52.3840233,-1.5282804
52.3840233,-1.5282804
52.3840233,-1.5282804
52.3840233,-1.5282804
52.3840233,-1.5282804
52.3840233,-1.5282804
52.3840233,-1.5282804
52.3821509,-1.5243704
52.3821509,-1.5243704
52.3821509,-1.5243704
52.3821509,-1.5243704
52.3821509,-1.5243704
52.3821509,-1.5243704
52.3821509,-1.5243704
52.3821509,-1.5243704
52.3821509,-1.5243704
52.3821509,-1.5243704
52.3821509,-1.5243704
52.3821509,-1.5243704
52.3821509,-1.5243704
52.3821509,-1.5243704
52.3821509,-1.5243704
52.3821509,-1.5243704
52.3821509,-1.5243704
52.3821509,-1.5243704
52.3821509,-1.5243704
52.3821509,-1.5243704
52.3821509,-1.5243704
52.3821509,-1.5243704
52.3821509,-1.5243704
52.3821509,-1.5243704
52.3821509,-1.5243704
52.3821509,-1.5243704
52.3821509,-1.5243704
52.3821509,-1.5243704
52.3821509,-1.5243704
52.3821509,-1.5243704
52.3821509,-1.5243704
52.3821509,-1.5243704
52.3821509,-1.5243704
52.3821509,-1.5243704
52.3821509,-1.5243704
52.3821509,-1.5243704
52.3821509,-1.5243704
52.3821509,-1.5243704
52.3821509,-1.5243704
52.3821509,-1.5243704
52.3821509,-1.5243704
52.3821509,-1.5243704
52.3800641,-1.5164858
52.3801142,-1.516398
52.3800934,-1.5160184
52.3798491,-1.515645
52.3798491,-1.515645
52.3798491,-1.515645
52.3798491,-1.515645
52.3798491,-1.515645
52.3798491,-1.515645
52.3798491,-1.515645
52.3798491,-1.515645
52.3798491,-1.515645
52.3798491,-1.515645
52.3798491,-1.515645
52.3798491,-1.515645
52.3798491,-1.515645
52.378855,-1.5095455
52.3787973,-1.5091725
52.3787973,-1.5091725
52.3787973,-1.5091725
52.3787973,-1.5091725
52.378504,-1.5070152
52.378504,-1.5070152
52.378504,-1.5070152
52.378504,-1.5070152
52.378504,-1.5070152
52.378504,-1.5070152
52.378504,-1.5070152
52.378504,-1.5070152
52.378504,-1.5070152
52.378504,-1.5070152
52.378504,-1.5070152
52.378504,-1.5070152
52.378504,-1.5070152
52.378504,-1.5070152
52.378504,-1.5070152
52.378504,-1.5070152
52.378504,-1.5070152
52.378504,-1.5070152
52.378504,-1.5070152
52.378504,-1.5070152
52.378504,-1.5070152
52.378504,-1.5070152
52.378504,-1.5070152
52.3774485,-1.4926453
52.3774485,-1.4926453
52.3774485,-1.4926453
52.3774485,-1.4926453
52.3774485,-1.4926453
52.3774485,-1.4926453
52.3774485,-1.4926453
52.3774485,-1.4926453
52.3774485,-1.4926453
52.3774485,-1.4926453
52.3774485,-1.4926453
52.3774485,-1.4926453
52.3774485,-1.4926453
52.3774485,-1.4926453
52.3774485,-1.4926453
52.3774485,-1.4926453
52.3774485,-1.4926453
52.3774485,-1.4926453
52.3774485,-1.4926453
52.3774485,-1.4926453
52.3774485,-1.4926453
52.3774485,-1.4926453
52.3779589,-1.4797808
52.3779589,-1.4797808
52.3779589,-1.4797808
52.3779589,-1.4797808
52.3779589,-1.4797808
52.3779589,-1.4797808
52.3779589,-1.4797808
52.3779589,-1.4797808
52.3779589,-1.4797808
52.3793482,-1.473187
52.3793482,-1.473187
52.3793482,-1.473187
52.3793482,-1.473187
52.3793482,-1.473187
52.3793482,-1.473187
52.3793482,-1.473187
52.3793482,-1.473187
52.3793482,-1.473187
52.3793482,-1.473187
52.3793482,-1.473187
52.3793482,-1.473187
52.3793482,-1.473187
52.3793482,-1.473187
52.3793482,-1.473187
52.3793482,-1.473187
52.3793482,-1.473187
52.3793482,-1.473187
52.3793482,-1.473187
52.3793482,-1.473187
52.3793482,-1.473187
52.3793482,-1.473187
52.3793482,-1.473187
52.3793482,-1.473187
52.3793482,-1.473187
52.3793482,-1.473187
52.3793482,-1.473187
52.3793482,-1.473187
52.3793482,-1.473187
52.3793482,-1.473187
52.3793482,-1.473187
52.3793482,-1.473187
52.3793482,-1.473187
52.3787604,-1.46662
52.3787823,-1.4665737
52.3787823,-1.4665737
52.3787823,-1.4665737
52.3787823,-1.4665737
52.3788446,-1.4657814
52.3788225,-1.4656829
52.3782083,-1.4651656
52.3781895,-1.465171
52.3781895,-1.465171
52.3775994,-1.4644588
52.3775994,-1.4644588
52.3775994,-1.4644588
52.3775994,-1.4644588
52.3775994,-1.4644588
52.3765523,-1.463075
52.3765523,-1.463075
52.3765523,-1.463075
52.3765523,-1.463075
52.3751315,-1.4606734
52.3751315,-1.4606734
52.3751315,-1.4606734
52.3751315,-1.4606734
52.3751315,-1.4606734
52.3751315,-1.4606734
52.3751315,-1.4606734
52.3751315,-1.4606734
52.3751315,-1.4606734
52.3751315,-1.4606734
52.3751315,-1.4606734
52.3751315,-1.4606734
52.3751315,-1.4606734
52.3751315,-1.4606734
52.37234,-1.454852
52.37234,-1.454852
52.37234,-1.454852
52.37234,-1.454852
52.3715572,-1.4536772
52.3712057,-1.4529796
52.3712057,-1.4529796
52.3712057,-1.4529796
52.3712057,-1.4529796
52.3709397,-1.4536409
52.3710809,-1.453955
52.3710809,-1.453955
52.3710809,-1.453955
52.3715572,-1.4536772
52.3712057,-1.4529796
52.3712057,-1.4529796
52.3712057,-1.4529796
52.3709397,-1.4536409
52.3710809,-1.453955
52.3715572,-1.4536772
52.3715572,-1.4536772
52.3715572,-1.4536772
52.3712057,-1.4529796
52.3712057,-1.4529796
52.3712057,-1.4529796
52.3712057,-1.4529796
52.3712057,-1.4529796
52.3700816,-1.4522058
52.3700816,-1.4522058
52.3700816,-1.4522058
52.3700816,-1.4522058
52.3700816,-1.4522058
52.3700816,-1.4522058
52.3700816,-1.4522058
52.3700816,-1.4522058
52.3700816,-1.4522058
52.3700816,-1.4522058
52.3700816,-1.4522058
52.3700816,-1.4522058
52.3700816,-1.4522058
52.3664015,-1.4479908
52.3661277,-1.4477795
52.3659855,-1.4475895
52.3660835,-1.4472897
52.3660835,-1.4472897
52.3660835,-1.4472897
52.3660835,-1.4472897
52.3660835,-1.4472897
52.3660835,-1.4472897
52.3662752,-1.4476311
52.3662752,-1.4476311
52.3662752,-1.4476311
52.3661277,-1.4477795
52.3659855,-1.4475895
52.3657884,-1.4472752
52.3657884,-1.4472752
52.3657884,-1.4472752
52.3657884,-1.4472752
52.3657884,-1.4472752
52.3657884,-1.4472752
52.3657884,-1.4472752
52.3657884,-1.4472752
52.3657884,-1.4472752
52.3657884,-1.4472752
52.3657884,-1.4472752
52.3657884,-1.4472752
52.3657884,-1.4472752
52.3657884,-1.4472752
52.3657884,-1.4472752
52.3657884,-1.4472752
52.3657884,-1.4472752
52.3657884,-1.4472752
52.3657884,-1.4472752
52.3657884,-1.4472752
52.3657884,-1.4472752
52.3657884,-1.4472752
52.3657884,-1.4472752
52.3657884,-1.4472752
52.3657884,-1.4472752
52.3657884,-1.4472752
52.3657884,-1.4472752
52.3584726,-1.4397384
52.3584726,-1.4397384
52.3584726,-1.4397384
52.3583044,-1.4393284
52.3581178,-1.439578
52.3579634,-1.4395667
52.3578018,-1.4393047
52.3578041,-1.4392273
52.3579607,-1.4389645
52.3581463,-1.4389694
52.3584384,-1.4388972
52.3584384,-1.4388972
52.3584384,-1.4388972
52.3584384,-1.4388972
52.3584384,-1.4388972
52.3584384,-1.4388972
52.3584384,-1.4388972
52.3584384,-1.4388972
52.3584384,-1.4388972
52.3584384,-1.4388972
52.3584384,-1.4388972
52.3584384,-1.4388972
52.3584384,-1.4388972
52.3584384,-1.4388972
52.3584384,-1.4388972
52.3584384,-1.4388972
52.3584384,-1.4388972
52.3584384,-1.4388972
52.3584384,-1.4388972
52.3584384,-1.4388972
52.3584384,-1.4388972
52.3613603,-1.4353663
52.3613603,-1.4353663
52.3613603,-1.4353663
52.3617988,-1.4341338
52.3617763,-1.4339745
52.3618684,-1.4339031
52.3618684,-1.4339031
52.3618684,-1.4339031
52.3618684,-1.4339031
52.3618684,-1.4339031
52.3618684,-1.4339031
52.3618684,-1.4339031
52.3618684,-1.4339031
52.3618684,-1.4339031
52.3618684,-1.4339031
52.3618684,-1.4339031
52.3618684,-1.4339031
52.3618684,-1.4339031
52.3618684,-1.4339031
52.3618684,-1.4339031
52.3618684,-1.4339031
52.3618684,-1.4339031
52.3618684,-1.4339031
52.3639527,-1.427019
52.3639527,-1.427019
52.3639527,-1.427019
52.3641863,-1.4268617
52.3642493,-1.426907
52.3642493,-1.426907
52.3645243,-1.4267788
52.3645958,-1.4264043
52.3645178,-1.4261638
52.3644637,-1.4261194
52.3641709,-1.4263006
52.3641423,-1.4264138
52.3642493,-1.426907
52.3645243,-1.4267788
52.3645958,-1.4264043
52.3645178,-1.4261638
52.3644637,-1.4261194
52.3641709,-1.4263006
52.3641423,-1.4264138
52.3639527,-1.427019
52.3639527,-1.427019
52.3639527,-1.427019
52.3639527,-1.427019
52.3639527,-1.427019
52.3639527,-1.427019
52.3639527,-1.427019
52.3639527,-1.427019
52.3639527,-1.427019
52.3639527,-1.427019
52.3639527,-1.427019
52.3639527,-1.427019
52.3639527,-1.427019
52.3639527,-1.427019
52.3639527,-1.427019
52.3639527,-1.427019
52.3639527,-1.427019
52.3639527,-1.427019
52.3639527,-1.427019
52.3639527,-1.427019
52.3639527,-1.427019
52.3618684,-1.4339031
52.361918,-1.4340983
52.361918,-1.4340983
52.361918,-1.4340983
52.361918,-1.4340983
52.362379,-1.4342832
52.362379,-1.4342832
52.362379,-1.4342832
52.362379,-1.4342832
52.362379,-1.4342832
52.362379,-1.4342832
52.362379,-1.4342832
52.362379,-1.4342832
52.362379,-1.4342832
52.3631959,-1.4327699
52.3631959,-1.4327699
52.3631959,-1.4327699
52.3631959,-1.4327699
52.3631959,-1.4327699
52.3631959,-1.4327699
52.3631959,-1.4327699
52.3631959,-1.4327699
52.3631959,-1.4327699
52.3631959,-1.4327699
52.3631959,-1.4327699
52.3631959,-1.4327699
52.3631959,-1.4327699
52.3645833,-1.4329533
52.3645833,-1.4329533
52.3645833,-1.4329533
52.3645833,-1.4329533
52.3645833,-1.4329533
52.3645833,-1.4329533
52.3645833,-1.4329533
52.3645833,-1.4329533
52.3645833,-1.4329533
52.3645833,-1.4329533
52.3645833,-1.4329533
52.3645833,-1.4329533
52.3645833,-1.4329533
52.3645833,-1.4329533
52.363262,-1.4349824
52.363262,-1.4349824
52.363262,-1.4349824
52.363262,-1.4349824
52.363262,-1.4349824
52.363262,-1.4349824
52.363262,-1.4349824
52.363262,-1.4349824
52.362379,-1.4342832
52.362379,-1.4342832
52.362379,-1.4342832
52.362379,-1.4342832
52.362379,-1.4342832
52.361918,-1.4340983
52.361918,-1.4340983
52.361918,-1.4340983
52.361918,-1.4340983
52.3617988,-1.4341338
52.3617988,-1.4341338
52.3617988,-1.4341338
52.3617988,-1.4341338
52.3617988,-1.4341338
52.3613603,-1.4353663
52.3613603,-1.4353663
52.3613603,-1.4353663
52.3613603,-1.4353663
52.3613603,-1.4353663
52.3613603,-1.4353663
52.3613603,-1.4353663
52.3613603,-1.4353663
52.3613603,-1.4353663
52.3613603,-1.4353663
52.3613603,-1.4353663
52.3613603,-1.4353663
52.3613603,-1.4353663
52.3584384,-1.4388972
52.3584384,-1.4388972
52.3584384,-1.4388972
52.3584384,-1.4388972
52.3581463,-1.4389694
52.3583069,-1.4392558
52.3583044,-1.4393284
52.3581178,-1.439578
52.3581178,-1.439578
52.3584726,-1.4397384
52.3584726,-1.4397384
52.3584726,-1.4397384
52.3584726,-1.4397384
52.3584726,-1.4397384
52.3584726,-1.4397384
52.3584726,-1.4397384
52.3584726,-1.4397384
52.3584726,-1.4397384
52.3584726,-1.4397384
52.3584726,-1.4397384
52.3584726,-1.4397384
52.3584726,-1.4397384
52.3584726,-1.4397384
52.3584726,-1.4397384
52.3584726,-1.4397384
52.3584726,-1.4397384
52.3584726,-1.4397384
52.3584726,-1.4397384
52.3584726,-1.4397384
52.3584726,-1.4397384
52.3584726,-1.4397384
52.3584726,-1.4397384
52.3657884,-1.4472752
52.3659855,-1.4475895
52.3659855,-1.4475895
52.3661277,-1.4477795
52.3664015,-1.4479908
52.3664015,-1.4479908
52.3664015,-1.4479908
52.3664015,-1.4479908
52.3664015,-1.4479908
52.3664015,-1.4479908
52.3664015,-1.4479908
52.3664015,-1.4479908
52.3664015,-1.4479908
52.3700816,-1.4522058
52.3700816,-1.4522058
52.3700816,-1.4522058
52.3700816,-1.4522058
52.3700816,-1.4522058
52.3709397,-1.4536409
52.3709397,-1.4536409
52.3709397,-1.4536409
52.3710809,-1.453955
52.3715572,-1.4536772
52.3715572,-1.4536772
52.3715572,-1.4536772
52.3715572,-1.4536772
52.3712057,-1.4529796
52.3709397,-1.4536409
52.3710809,-1.453955
52.3710809,-1.453955
52.3715572,-1.4536772
52.3712057,-1.4529796
52.3712057,-1.4529796
52.3712057,-1.4529796
52.3712057,-1.4529796
52.3712057,-1.4529796
52.3700816,-1.4522058
52.3700816,-1.4522058
52.3700816,-1.4522058
52.3700816,-1.4522058
52.3700816,-1.4522058
52.3700816,-1.4522058
52.3700816,-1.4522058
52.3700816,-1.4522058
52.3700816,-1.4522058
52.3700816,-1.4522058
52.3700816,-1.4522058
52.3700816,-1.4522058
52.3700816,-1.4522058
52.3664015,-1.4479908
52.3664015,-1.4479908
52.3664015,-1.4479908
52.3664015,-1.4479908
52.3664015,-1.4479908
52.3662752,-1.4476311
52.3660835,-1.4472897
52.3659855,-1.4475895
52.3661277,-1.4477795
52.3664015,-1.4479908
52.3664015,-1.4479908
52.3664015,-1.4479908
52.3664015,-1.4479908
52.3664015,-1.4479908
52.3664015,-1.4479908
52.3664015,-1.4479908
52.3664015,-1.4479908
52.3664015,-1.4479908
52.3664015,-1.4479908
52.3664015,-1.4479908
52.3664015,-1.4479908
52.3664015,-1.4479908
52.3664015,-1.4479908
52.3700816,-1.4522058
52.3700816,-1.4522058
52.3700816,-1.4522058
52.3709397,-1.4536409
52.3710809,-1.453955
52.3715572,-1.4536772
52.3715572,-1.4536772
52.3715572,-1.4536772
52.3715572,-1.4536772
52.3712057,-1.4529796
52.3712057,-1.4529796
52.3712057,-1.4529796
52.3709397,-1.4536409
52.3710809,-1.453955
52.3710809,-1.453955
52.3710809,-1.453955
52.3710809,-1.453955
52.3710809,-1.453955
52.3710809,-1.453955
52.3710809,-1.453955
52.3710809,-1.453955
52.3710809,-1.453955
52.3737041,-1.4574328
52.3737041,-1.4574328
52.3737041,-1.4574328
52.3737041,-1.4574328
52.3737041,-1.4574328
52.3737041,-1.4574328
52.3737041,-1.4574328
52.3737041,-1.4574328
52.3737041,-1.4574328
52.3737041,-1.4574328
52.3737041,-1.4574328
52.3737041,-1.4574328
52.3737041,-1.4574328
52.3737041,-1.4574328
52.3737041,-1.4574328
52.3737041,-1.4574328
52.3737041,-1.4574328
52.3737041,-1.4574328
52.3737041,-1.4574328
52.3737041,-1.4574328
52.3737041,-1.4574328
52.3737041,-1.4574328
52.3737041,-1.4574328
52.3737041,-1.4574328
52.3737041,-1.4574328
52.3737041,-1.4574328
52.3737041,-1.4574328
52.3737041,-1.4574328
52.3737041,-1.4574328
52.3737041,-1.4574328
52.3737041,-1.4574328
52.3737041,-1.4574328
52.3737041,-1.4574328
52.3737041,-1.4574328
52.3737041,-1.4574328
52.3737041,-1.4574328
52.3737041,-1.4574328
52.3737041,-1.4574328
52.3778483,-1.4656923
52.3778283,-1.4657735
52.3778283,-1.4657735
52.3779302,-1.4666432
52.3779796,-1.4667162
52.3779796,-1.4667162
52.3779796,-1.4667162
52.3779796,-1.4667162
52.3787604,-1.46662
52.3787823,-1.4665737
52.3787823,-1.4665737
52.3787823,-1.4665737
52.3793975,-1.4665823
52.3794957,-1.4666962
52.3796749,-1.4668904
52.3797295,-1.4670045
52.3797295,-1.4670045
52.3798764,-1.4674722
52.3801911,-1.468067
52.3801911,-1.468067
52.3801911,-1.468067
52.3801911,-1.468067
52.3808054,-1.4690452
52.3808054,-1.4690452
52.3808054,-1.4690452
52.3808054,-1.4690452
52.3814671,-1.4696291
52.3817327,-1.4698404
52.3821762,-1.4702036
52.3821762,-1.4702036
52.3821762,-1.4702036
52.3826771,-1.4706715
52.3826771,-1.4706715
52.3826771,-1.4706715
52.3826771,-1.4706715
52.3826771,-1.4706715
52.3831613,-1.4714358
52.3838807,-1.4731294
52.3838807,-1.4731294
52.3838807,-1.4731294
52.3838807,-1.4731294
52.3838807,-1.4731294
52.3838807,-1.4731294
52.3838807,-1.4731294
52.3838807,-1.4731294
52.3838807,-1.4731294
52.3838807,-1.4731294
52.3838807,-1.4731294
52.3838807,-1.4731294
52.3838807,-1.4731294
52.3838807,-1.4731294
52.3838807,-1.4731294
52.3838807,-1.4731294
52.3838807,-1.4731294
52.3838807,-1.4731294
52.3838807,-1.4731294
52.3831613,-1.4714358
52.383372,-1.4711574
52.383372,-1.4711574
52.383372,-1.4711574
52.383372,-1.4711574
52.383372,-1.4711574
52.383372,-1.4711574
52.383372,-1.4711574
52.383372,-1.4711574
52.3836302,-1.4684412
52.3836073,-1.4680101
52.3836073,-1.4680101
52.3836073,-1.4680101
52.3836073,-1.4680101
52.3839256,-1.4669046
52.3839256,-1.4669046
52.3839256,-1.4669046
52.3839256,-1.4669046
52.3842948,-1.4661065
52.3842948,-1.4661065
52.3842948,-1.4661065
52.3842948,-1.4661065
52.3842948,-1.4661065
52.3849131,-1.4650677
52.3851491,-1.4647824
52.3851491,-1.4647824
52.3851491,-1.4647824
52.3855867,-1.4642418
52.3855867,-1.4642418
52.3855867,-1.4642418
52.3855867,-1.4642418
52.3860654,-1.4632414
52.3859237,-1.4626033
52.3859237,-1.4626033
52.3859237,-1.4626033
52.3859237,-1.4626033
52.3860407,-1.4616574
52.3860407,-1.4616574
52.3860407,-1.4616574
52.3860407,-1.4616574
52.3860407,-1.4616574
52.3860407,-1.4616574
52.3860407,-1.4616574
52.3860407,-1.4616574
52.3860407,-1.4616574
52.3860407,-1.4616574
52.3860407,-1.4616574
52.3860407,-1.4616574
52.3860407,-1.4616574
52.3860407,-1.4616574
52.3869824,-1.4580108
52.3869824,-1.4580108
52.3869824,-1.4580108
52.3869824,-1.4580108
52.3869824,-1.4580108
52.3869824,-1.4580108
52.3869824,-1.4580108
52.3869824,-1.4580108
52.3869824,-1.4580108
52.3869824,-1.4580108
52.3869824,-1.4580108
52.3869824,-1.4580108
52.3869824,-1.4580108
52.3869824,-1.4580108
52.3869824,-1.4580108
52.3869824,-1.4580108
52.3869824,-1.4580108
52.3869824,-1.4580108
52.3869824,-1.4580108
52.3869824,-1.4580108
52.3875056,-1.4557443
52.3875056,-1.4557443
52.3875056,-1.4557443
52.3875056,-1.4557443
52.3875056,-1.4557443
52.3876593,-1.4550662
52.3876593,-1.4550662
52.3876593,-1.4550662
52.3876593,-1.4550662
52.38782,-1.4542263
52.38782,-1.4542263
52.38782,-1.4542263
52.38782,-1.4542263
52.38782,-1.4542263
52.3881561,-1.4529012
52.3882687,-1.4523915
52.3882687,-1.4523915
52.3882687,-1.4523915
52.3882687,-1.4523915
52.3882687,-1.4523915
52.3882687,-1.4523915
52.3882687,-1.4523915
52.3882687,-1.4523915
52.3882687,-1.4523915
52.3882687,-1.4523915
52.3882687,-1.4523915
52.3882687,-1.4523915
52.3891208,-1.4508619
52.3891208,-1.4508619
52.3891208,-1.4508619
52.3891208,-1.4508619
52.3891208,-1.4508619
52.3894013,-1.4516944
52.3894013,-1.4516944
52.3894013,-1.4516944
52.3894013,-1.4516944
52.3897522,-1.4536179
52.3897522,-1.4536179
52.3897522,-1.4536179
52.3897522,-1.4536179
52.3897522,-1.4536179
52.3897522,-1.4536179
52.3897522,-1.4536179
52.3897522,-1.4536179
52.3897522,-1.4536179
52.3905498,-1.4563498
52.3905498,-1.4563498
52.3905498,-1.4563498
52.3905498,-1.4563498
52.3905498,-1.4563498
52.3905498,-1.4563498
52.3905498,-1.4563498
52.3905498,-1.4563498
52.3905498,-1.4563498
52.3914662,-1.4587736
52.3914662,-1.4587736
52.3914662,-1.4587736
52.3914662,-1.4587736
52.3914662,-1.4587736
52.3921916,-1.4601181
52.3921916,-1.4601181
52.3921916,-1.4601181
52.3921916,-1.4601181
52.3921916,-1.4601181
52.3921916,-1.4601181
52.3921916,-1.4601181
52.3921916,-1.4601181
52.3921916,-1.4601181
52.3933747,-1.4617766
52.3933747,-1.4617766
52.3933747,-1.4617766
52.3933747,-1.4617766
52.3933747,-1.4617766
52.3933747,-1.4617766
52.3933747,-1.4617766
52.3933747,-1.4617766
52.3933747,-1.4617766
52.3933747,-1.4617766
52.3933747,-1.4617766
52.3933747,-1.4617766
52.3933747,-1.4617766
52.395073,-1.4656265
52.395073,-1.4656265
52.395073,-1.4656265
52.395073,-1.4656265
52.395073,-1.4656265
52.395073,-1.4656265
52.395073,-1.4656265
52.395073,-1.4656265
52.395073,-1.4656265
52.3958911,-1.4675339
52.3958911,-1.4675339
52.3958911,-1.4675339
52.3958911,-1.4675339
52.3958911,-1.4675339
52.3958911,-1.4675339
52.3958911,-1.4675339
52.3958911,-1.4675339
52.3958911,-1.4675339
52.3958911,-1.4675339
52.3958911,-1.4675339
52.3958911,-1.4675339
52.3958911,-1.4675339
52.3958911,-1.4675339
52.3958911,-1.4675339
52.3958911,-1.4675339
52.3958911,-1.4675339
52.3958911,-1.4675339
52.3958911,-1.4675339
52.3958911,-1.4675339
52.3958911,-1.4675339
52.3958911,-1.4675339
52.3958911,-1.4675339
52.3960319,-1.4678129
52.3960319,-1.4678129
52.3960319,-1.4678129
52.3960319,-1.4678129
52.3960319,-1.4678129
52.3960319,-1.4678129
52.3960319,-1.4678129
52.3960319,-1.4678129
52.3960319,-1.4678129
52.3960319,-1.4678129
52.3960319,-1.4678129
52.3960319,-1.4678129
52.3960319,-1.4678129
52.3960319,-1.4678129
52.3939964,-1.4711349
52.3937011,-1.4717499
52.3937011,-1.4717499
52.3937011,-1.4717499
52.3937011,-1.4717499
52.3937011,-1.4717499
52.3937011,-1.4717499
52.3937011,-1.4717499
52.3937011,-1.4717499
52.3937011,-1.4717499
52.3937011,-1.4717499
52.3937011,-1.4717499
52.3937011,-1.4717499
52.3937011,-1.4717499
52.3937011,-1.4717499
52.3937011,-1.4717499
52.3937011,-1.4717499
52.3937011,-1.4717499
52.3914098,-1.4778231
52.3911715,-1.4785203
52.3911715,-1.4785203
52.3911715,-1.4785203
52.3911715,-1.4785203
52.3911715,-1.4785203
52.3911715,-1.4785203
52.3911715,-1.4785203
52.3911715,-1.4785203
52.3911715,-1.4785203
52.3911715,-1.4785203
52.3903057,-1.4816529
52.3902267,-1.4816784
52.3900992,-1.4821212
52.3900992,-1.4821212
52.3900992,-1.4821212
52.3900992,-1.4821212
52.3900992,-1.4821212
52.3901092,-1.4824986
52.3901092,-1.4824986
52.3901092,-1.4824986
52.3901092,-1.4824986
52.3905337,-1.4853013
52.3905337,-1.4853013
52.3905337,-1.4853013
52.3905337,-1.4853013
52.3905337,-1.4853013
52.3906486,-1.4859295
52.3906486,-1.4859295
52.3906486,-1.4859295
52.3906486,-1.4859295
52.3906486,-1.4859295
52.3906486,-1.4859295
52.3906486,-1.4859295
52.3906486,-1.4859295
52.3906486,-1.4859295
52.3912904,-1.4891799
52.3912448,-1.4900668
52.3912448,-1.4900668
52.3912448,-1.4900668
52.3909923,-1.4904921
52.3909923,-1.4904921
52.3909923,-1.4904921
52.3909923,-1.4904921
52.3909923,-1.4904921
52.3908957,-1.4918437
52.3915057,-1.4923437
52.3915057,-1.4923437
52.3915057,-1.4923437
52.3916853,-1.4926259
52.3921215,-1.4934889
52.3921215,-1.4934889
52.3921215,-1.4934889
52.3921215,-1.4934889
52.3921215,-1.4934889
52.3921215,-1.4934889
52.3921215,-1.4934889
52.3927048,-1.4948999
52.3928445,-1.4961831
52.3928893,-1.496453
52.3928893,-1.496453
52.3928893,-1.496453
52.3928893,-1.496453
52.3928893,-1.496453
52.3928893,-1.496453
52.3928893,-1.496453
52.3928893,-1.496453
52.3932983,-1.4988323
52.3933708,-1.4992313
52.3933708,-1.4992313
52.3933708,-1.4992313
52.3933708,-1.4992313
52.3933708,-1.4992313
52.3933708,-1.4992313
52.3933708,-1.4992313
52.3933708,-1.4992313
52.3939524,-1.5025994
52.3939524,-1.5025994
52.3939524,-1.5025994
52.3939524,-1.5025994
52.3939524,-1.5025994
52.3939524,-1.5025994
52.3939524,-1.5025994
52.3939524,-1.5025994
52.3939524,-1.5025994
52.394181,-1.5040724
52.394181,-1.5040724
52.394181,-1.5040724
52.394181,-1.5040724
52.394181,-1.5040724
52.394181,-1.5040724
52.394181,-1.5040724
52.394181,-1.5040724
52.394181,-1.5040724
52.3949421,-1.5038841
52.3949421,-1.5038841
52.3949421,-1.5038841
52.3949421,-1.5038841
52.3949421,-1.5038841
52.3949421,-1.5038841
52.3949421,-1.5038841
52.3949421,-1.5038841
52.3949421,-1.5038841
52.3970069,-1.5034165
52.3970069,-1.5034165
52.3970069,-1.5034165
52.3970069,-1.5034165
52.3972239,-1.5034526
52.3977571,-1.5037543
52.3977571,-1.5037543
52.3977571,-1.5037543
52.3977571,-1.5037543
52.3986705,-1.5042614
52.3986705,-1.5042614
52.3986705,-1.5042614
52.3986705,-1.5042614
52.3986705,-1.5042614
52.3986705,-1.5042614
52.3986705,-1.5042614
52.3986705,-1.5042614
52.3986705,-1.5042614
52.3986705,-1.5042614
52.3986705,-1.5042614
52.3986705,-1.5042614
52.3986705,-1.5042614
52.3986705,-1.5042614
52.3986705,-1.5042614
52.3986705,-1.5042614
52.3986705,-1.5042614
52.3986705,-1.5042614
52.3986705,-1.5042614
52.3986705,-1.5042614
52.3986705,-1.5042614
52.3986705,-1.5042614
52.3986705,-1.5042614
52.3986705,-1.5042614
52.3986705,-1.5042614
52.3986705,-1.5042614
52.400533,-1.5053054
52.400533,-1.5053054
52.400533,-1.5053054
52.400533,-1.5053054
52.4015868,-1.5058849
52.4015868,-1.5058849
52.4015868,-1.5058849
52.4015868,-1.5058849
52.4015868,-1.5058849
52.4015868,-1.5058849
52.4015868,-1.5058849
52.4015868,-1.5058849
52.4015868,-1.5058849
52.4031169,-1.5076686
52.4031169,-1.5076686
52.4031169,-1.5076686
52.4031169,-1.5076686
52.4031169,-1.5076686
52.4031169,-1.5076686
52.4031169,-1.5076686
52.4031169,-1.5076686
52.4031169,-1.5076686
52.4031169,-1.5076686
52.4031169,-1.5076686
52.4031169,-1.5076686
52.4031169,-1.5076686
52.4031169,-1.5076686
52.4031169,-1.5076686
52.4031967,-1.5079902
52.403139,-1.5081168
52.4031809,-1.5084674
52.4032142,-1.5085203
52.4032142,-1.5085203
52.4032142,-1.5085203
52.4037485,-1.5087699
52.4039067,-1.508697
52.4039067,-1.508697
52.4045011,-1.5089608
52.4045526,-1.5087931
52.4045816,-1.5087974
52.4048817,-1.5085844
52.4048817,-1.5085844
52.4048817,-1.5085844
52.4048817,-1.5085844
52.4053855,-1.5085535
52.4053855,-1.5085535
52.4053855,-1.5085535
52.4053855,-1.5085535
52.4053855,-1.5085535
52.4059458,-1.5085332
52.4059458,-1.5085332
52.4059458,-1.5085332
52.4059458,-1.5085332
52.4059458,-1.5085332
52.4059458,-1.5085332
52.4059458,-1.5085332
52.4059458,-1.5085332
52.4059458,-1.5085332
52.4069241,-1.5082039
52.4069241,-1.5082039
52.4069241,-1.5082039
52.4069078,-1.5073581
52.406873,-1.50657
52.406873,-1.50657
52.406873,-1.50657
52.406873,-1.50657
52.406873,-1.50657
52.4068491,-1.5060963
52.4068491,-1.5060963
52.4068491,-1.5060963
52.4068491,-1.5060963
52.4068491,-1.5060963
52.4068491,-1.5060963
52.4068491,-1.5060963
52.4068491,-1.5060963
52.4068491,-1.5060963
52.406793,-1.5041476
52.406793,-1.5041476
52.406793,-1.5041476
52.406793,-1.5041476
52.406793,-1.5041476
52.406793,-1.5041476
52.406793,-1.5041476
52.406793,-1.5041476
52.406793,-1.5041476
52.406793,-1.5041476
52.406793,-1.5041476
52.406793,-1.5041476
52.406793,-1.5041476
52.406793,-1.5041476
52.406793,-1.5041476
52.406793,-1.5041476
52.406793,-1.5041476
52.406793,-1.5041476
52.406793,-1.5041476
52.406793,-1.5041476
52.406793,-1.5041476
52.406793,-1.5041476
52.406793,-1.5041476
52.406793,-1.5041476
52.4068762,-1.4998564
52.4068762,-1.4998564
52.4068762,-1.4998564
52.4068762,-1.4998564
52.4070946,-1.4992365
52.4070946,-1.4992365
52.4070946,-1.4992365
52.4070946,-1.4992365
52.4070946,-1.4992365
52.4070946,-1.4992365
52.4074924,-1.499118
52.4074924,-1.499118
52.4074924,-1.499118
52.4074924,-1.499118
52.4073942,-1.4988361
52.4076025,-1.4983454
52.4078814,-1.4985255
52.4078814,-1.4985255
52.4078814,-1.4985255
52.4078814,-1.4985255
52.4078814,-1.4985255
52.4078814,-1.4985255
52.4078814,-1.4985255
52.4078814,-1.4985255
52.4078814,-1.4985255
52.4078814,-1.4985255
52.4078814,-1.4985255
52.4078814,-1.4985255
52.4083512,-1.4954877
52.4083512,-1.4954877
52.4083512,-1.4954877
52.4083512,-1.4954877
52.4083512,-1.4954877
52.4083512,-1.4954877
52.4083512,-1.4954877
52.4083512,-1.4954877
52.4083512,-1.4954877
52.4087783,-1.4929815
52.4087783,-1.4929815
52.4087783,-1.4929815
52.4087783,-1.4929815
52.4087783,-1.4929815
52.4087783,-1.4929815
52.4087783,-1.4929815
52.4087783,-1.4929815
52.4087783,-1.4929815
52.408553,-1.4919992
52.4085042,-1.4918699
52.4085042,-1.4918699
52.4085042,-1.4918699
52.4085042,-1.4918699
52.4082704,-1.4914463
52.4082704,-1.4914463
52.4082704,-1.4914463
52.4082704,-1.4914463
52.4078303,-1.4907215
52.4078303,-1.4907215
52.4078303,-1.4907215
52.4078303,-1.4907215
52.4078303,-1.4907215
52.4078303,-1.4907215
52.4078303,-1.4907215
52.4078303,-1.4907215
52.4078303,-1.4907215
52.4078303,-1.4907215
52.4078303,-1.4907215
52.4078303,-1.4907215
52.4078303,-1.4907215
52.4078303,-1.4907215
52.4078303,-1.4907215
52.4078303,-1.4907215
52.4078303,-1.4907215
52.4072131,-1.4883252
52.4072259,-1.4882823
52.4072259,-1.4882823
52.4072259,-1.4882823
52.4072259,-1.4882823
52.4072259,-1.4882823
52.4072259,-1.4882823
52.4072259,-1.4882823
52.4072259,-1.4882823
52.4072259,-1.4882823
52.4072259,-1.4882823
52.4072259,-1.4882823
52.4072259,-1.4882823
52.4072259,-1.4882823
52.4072259,-1.4882823
52.4072259,-1.4882823
52.4072259,-1.4882823
52.4072259,-1.4882823
52.4072259,-1.4882823
52.4072259,-1.4882823
52.4072259,-1.4882823
52.4072259,-1.4882823
52.4072259,-1.4882823
52.4072259,-1.4882823
52.4072259,-1.4882823
52.4072259,-1.4882823
52.4072259,-1.4882823
52.4072259,-1.4882823
52.4072259,-1.4882823
52.4072259,-1.4882823
52.4072259,-1.4882823
52.4072259,-1.4882823
52.4072259,-1.4882823
52.4072259,-1.4882823
52.4072259,-1.4882823
52.4072259,-1.4882823
52.4072259,-1.4882823
52.4072259,-1.4882823
52.4072259,-1.4882823
52.4072259,-1.4882823
52.4072259,-1.4882823
52.4072259,-1.4882823
52.4072259,-1.4882823
52.4072259,-1.4882823
52.4072259,-1.4882823
52.4072259,-1.4882823
52.4072259,-1.4882823
52.4072259,-1.4882823
52.4072259,-1.4882823
52.422125,-1.4871194
52.4221368,-1.4871404
52.4225183,-1.4872867
52.4225183,-1.4872867
52.4225971,-1.4871805
52.4225971,-1.4871805
52.4226371,-1.4866503
52.4226371,-1.4866503
52.4226371,-1.4866503
52.4226371,-1.4866503
52.4226371,-1.4866503
52.4226371,-1.4866503
52.4226371,-1.4866503
52.4226371,-1.4866503
52.4226371,-1.4866503
52.4226371,-1.4866503
52.4226371,-1.4866503
52.4226371,-1.4866503
52.4226371,-1.4866503
52.4226371,-1.4866503
52.4264308,-1.4855411
52.4264308,-1.4855411
52.4264308,-1.4855411
52.4264308,-1.4855411
52.4264308,-1.4855411
52.4264308,-1.4855411
52.4264308,-1.4855411
52.4264308,-1.4855411
52.4264308,-1.4855411
52.4264308,-1.4855411
52.4264308,-1.4855411
52.4264308,-1.4855411
52.4264308,-1.4855411
52.4264308,-1.4855411
52.4264308,-1.4855411
52.4264308,-1.4855411
52.4264308,-1.4855411
52.4264308,-1.4855411
52.4264308,-1.4855411
52.4264308,-1.4855411
52.4264308,-1.4855411
52.4264308,-1.4855411
52.4264308,-1.4855411
52.4264308,-1.4855411
52.4264308,-1.4855411
52.4264308,-1.4855411
52.4264308,-1.4855411
52.4264308,-1.4855411
52.4264308,-1.4855411
52.4264308,-1.4855411
52.4264308,-1.4855411
52.4264308,-1.4855411
52.4264308,-1.4855411
52.4264308,-1.4855411
52.4264308,-1.4855411
52.4264308,-1.4855411
52.4264308,-1.4855411
52.4299726,-1.4852552
52.4297917,-1.4857936
52.4298225,-1.4859672
52.4298225,-1.4859672
52.4301942,-1.4863098
52.4302533,-1.4862843
52.4302533,-1.4862843
52.4302533,-1.4862843
52.4302533,-1.4862843
52.4312528,-1.4869151
52.4312528,-1.4869151
52.4312528,-1.4869151
52.4312528,-1.4869151
52.4312528,-1.4869151
52.4319424,-1.4876897
52.4319424,-1.4876897
52.4319424,-1.4876897
52.4319424,-1.4876897
52.4319424,-1.4876897
52.4319424,-1.4876897
52.4319424,-1.4876897
52.4319424,-1.4876897
52.4319424,-1.4876897
52.4319424,-1.4876897
52.4319424,-1.4876897
52.4319424,-1.4876897
52.4319424,-1.4876897
52.4319424,-1.4876897
52.4319424,-1.4876897
52.4319424,-1.4876897
52.4319424,-1.4876897
52.4319424,-1.4876897
52.4319424,-1.4876897
52.4319424,-1.4876897
52.4319424,-1.4876897
52.4319424,-1.4876897
52.4319424,-1.4876897
52.4319424,-1.4876897
52.4319424,-1.4876897
52.4319424,-1.4876897
52.4319424,-1.4876897
52.4319424,-1.4876897
52.4319424,-1.4876897
52.4319424,-1.4876897
52.4319424,-1.4876897
52.4319424,-1.4876897
52.4319424,-1.4876897
52.4319424,-1.4876897
52.4319424,-1.4876897
52.4319424,-1.4876897
52.4319424,-1.4876897
52.4319424,-1.4876897
52.4319424,-1.4876897
52.4319424,-1.4876897
52.4319424,-1.4876897
52.4319424,-1.4876897
52.4319424,-1.4876897
52.4319424,-1.4876897
52.4319424,-1.4876897
52.4319424,-1.4876897
52.4319424,-1.4876897
52.4319424,-1.4876897
52.4319424,-1.4876897
52.4319424,-1.4876897
52.4319424,-1.4876897
52.4319424,-1.4876897
52.4319424,-1.4876897
52.4319424,-1.4876897
52.4319424,-1.4876897
52.4319424,-1.4876897
52.4319424,-1.4876897
52.4319424,-1.4876897
52.4319424,-1.4876897
52.4319424,-1.4876897
52.4319424,-1.4876897
52.4319424,-1.4876897
52.4319424,-1.4876897
52.4319424,-1.4876897
52.4319424,-1.4876897
52.4319424,-1.4876897
52.4319424,-1.4876897
52.4319424,-1.4876897
52.4319424,-1.4876897
52.4319424,-1.4876897
52.4351765,-1.4928297
52.4351765,-1.4928297
52.4351765,-1.4928297
52.4351765,-1.4928297
52.4351765,-1.4928297
52.4351765,-1.4928297
52.4351765,-1.4928297
52.4351765,-1.4928297
52.4351765,-1.4928297
52.4351765,-1.4928297
52.4351765,-1.4928297
52.4351765,-1.4928297
52.4351765,-1.4928297
52.4351765,-1.4928297
52.4351765,-1.4928297
52.4351765,-1.4928297
52.4351765,-1.4928297
52.4351765,-1.4928297
52.4354566,-1.4939696
52.4354369,-1.4940545
52.4355814,-1.4946648
52.4355814,-1.4946648
52.4355814,-1.4946648
52.4357648,-1.4947664
52.4357648,-1.4947664
52.4357648,-1.4947664
52.4357648,-1.4947664
52.4357648,-1.4947664
52.4357648,-1.4947664
52.4357648,-1.4947664
52.4357648,-1.4947664
52.4357648,-1.4947664
52.4357648,-1.4947664
52.4357648,-1.4947664
52.4357648,-1.4947664
52.4357648,-1.4947664
52.4357648,-1.4947664
52.4357648,-1.4947664
52.4357648,-1.4947664
52.4391197,-1.4999284
52.4391227,-1.50001
52.4394013,-1.5003237
52.4395357,-1.5002167
52.4395357,-1.5002167
52.4395357,-1.5002167
52.4395357,-1.5002167
52.4403954,-1.4997028
52.4403954,-1.4997028
52.4403954,-1.4997028
52.4403954,-1.4997028
52.4403954,-1.4997028
52.4403954,-1.4997028
52.4403954,-1.4997028
52.4403954,-1.4997028
52.4403954,-1.4997028
52.4403954,-1.4997028
52.4403954,-1.4997028
52.4403954,-1.4997028
52.4403954,-1.4997028
52.4437426,-1.4972449
52.4437426,-1.4972449
52.4437426,-1.4972449
52.4437426,-1.4972449
52.4437426,-1.4972449
52.4437426,-1.4972449
52.4437426,-1.4972449
52.4437426,-1.4972449
52.4437426,-1.4972449
52.4437426,-1.4972449
52.4437426,-1.4972449
52.4437426,-1.4972449
52.4437426,-1.4972449
52.4437426,-1.4972449
52.4437426,-1.4972449
52.4437426,-1.4972449
52.4437426,-1.4972449
52.4437426,-1.4972449
52.4444723,-1.4970321
52.4445568,-1.4970211
52.4445568,-1.4970211
52.4445568,-1.4970211
52.4450589,-1.4969122
52.4450589,-1.4969122
52.4450589,-1.4969122
52.4450589,-1.4969122
52.4450589,-1.4969122
52.4450589,-1.4969122
52.4450589,-1.4969122
52.4450589,-1.4969122
52.4450589,-1.4969122
52.4450589,-1.4969122
52.4450589,-1.4969122
52.4450589,-1.4969122
52.4450589,-1.4969122
52.4450589,-1.4969122
52.4450589,-1.4969122
52.4450589,-1.4969122
52.4450589,-1.4969122
52.4450589,-1.4969122
52.4488573,-1.4987874
52.4486352,-1.4994596
52.4487385,-1.4997827
52.4487385,-1.4997827
52.4491536,-1.4998681
52.4492831,-1.4997823
52.4492831,-1.4997823
52.4492831,-1.4997823
52.4492831,-1.4997823
52.4492831,-1.4997823
52.4492831,-1.4997823
52.4492831,-1.4997823
52.4492831,-1.4997823
52.4492831,-1.4997823
52.4492831,-1.4997823
52.4492831,-1.4997823
52.4492831,-1.4997823
52.4492831,-1.4997823
52.4492831,-1.4997823
52.4492831,-1.4997823
52.4492831,-1.4997823
52.4492831,-1.4997823
52.4492831,-1.4997823
52.4495098,-1.4992158
52.4494099,-1.4988561
52.4494099,-1.4988561
52.4494099,-1.4988561
52.4494099,-1.4988561
52.4496306,-1.4972744
52.4497315,-1.4969374
52.4497315,-1.4969374
52.4497315,-1.4969374
52.4497315,-1.4969374
52.4499175,-1.4957109
52.4498825,-1.4954459
52.4498825,-1.4954459
52.4498825,-1.4954459
52.4498686,-1.4951418
52.4498686,-1.4951418
52.4498686,-1.4951418
52.4498686,-1.4951418
52.4498686,-1.4951418
52.4498686,-1.4951418
52.4498686,-1.4951418
52.4499393,-1.4936504
52.4499393,-1.4936504
52.4499393,-1.4936504
52.4499393,-1.4936504
52.4499393,-1.4936504
52.4499393,-1.4936504
52.4499393,-1.4936504
52.4499393,-1.4936504
52.4499393,-1.4936504
52.4499393,-1.4936504
52.4499393,-1.4936504
52.4498686,-1.4951418
52.4498686,-1.4951418
52.4498686,-1.4951418
52.4498686,-1.4951418
52.4498825,-1.4954459
52.4499175,-1.4957109
52.4499175,-1.4957109
52.4497633,-1.4957193
52.4497633,-1.4957193
52.4497633,-1.4957193
52.4497633,-1.4957193
52.4497633,-1.4957193
52.4497633,-1.4957193
52.4497633,-1.4957193
52.4497633,-1.4957193
52.4497633,-1.4957193
52.4497633,-1.4957193
52.4497633,-1.4957193
52.4497633,-1.4957193
52.4497633,-1.4957193
52.4497633,-1.4957193
52.4497633,-1.4957193
52.4497633,-1.4957193
52.4497633,-1.4957193
52.4497633,-1.4957193
52.4497633,-1.4957193
52.4490213,-1.4986975
52.4488573,-1.4987874
52.4488573,-1.4987874
52.4488573,-1.4987874
52.4486352,-1.4994596
52.4487385,-1.4997827
52.4487385,-1.4997827
52.4487385,-1.4997827
52.4487385,-1.4997827
52.4488616,-1.5001959
52.4488616,-1.5001959
52.4488616,-1.5001959
52.4489375,-1.5006015
52.4490327,-1.5010714
52.4490327,-1.5010714
52.4490327,-1.5010714
52.4490327,-1.5010714
52.4490327,-1.5010714
52.4495105,-1.5023752
52.4495105,-1.5023752
52.4495105,-1.5023752
52.4495105,-1.5023752
52.4495105,-1.5023752
52.4495105,-1.5023752
52.4495105,-1.5023752
52.4495105,-1.5023752
52.4495105,-1.5023752
52.4495105,-1.5023752
52.4495105,-1.5023752
52.4495105,-1.5023752
52.4495105,-1.5023752
52.4509991,-1.508313
52.4509991,-1.508313
52.4509991,-1.508313
52.4509991,-1.508313
52.4509991,-1.508313
52.4509991,-1.508313
52.4509991,-1.508313
52.4509991,-1.508313
52.4509991,-1.508313
52.4509991,-1.508313
52.4509991,-1.508313
52.4509991,-1.508313
52.4509991,-1.508313
52.4509991,-1.508313
52.4509991,-1.508313
52.4509991,-1.508313
52.4509991,-1.508313
52.4509991,-1.508313
52.4509991,-1.508313
52.4509991,-1.508313
52.4509991,-1.508313
52.4509991,-1.508313
52.4509991,-1.508313
52.451501,-1.5103323
52.4515791,-1.5102351
52.4515791,-1.5102351
52.4515791,-1.5102351
52.4515791,-1.5102351
52.4515791,-1.5102351
52.4515791,-1.5102351
52.4515791,-1.5102351
52.4515791,-1.5102351
52.4515791,-1.5102351
52.4515791,-1.5102351
52.4515791,-1.5102351
52.4515791,-1.5102351
52.4515791,-1.5102351
52.4515791,-1.5102351
52.4515791,-1.5102351
52.4515791,-1.5102351
52.4515791,-1.5102351
52.4515791,-1.5102351
52.453896,-1.5064812
52.453896,-1.5064812
52.453896,-1.5064812
52.453896,-1.5064812
52.453896,-1.5064812
52.4548531,-1.5051101
52.4548531,-1.5051101
52.4548531,-1.5051101
52.4548531,-1.5051101
52.4560758,-1.504793
52.4560758,-1.504793
52.4560758,-1.504793
52.4560758,-1.504793
52.4560758,-1.504793
52.4560758,-1.504793
52.4560758,-1.504793
52.4560758,-1.504793
52.4560758,-1.504793
52.4560758,-1.504793
52.4560758,-1.504793
52.4560758,-1.504793
52.4560758,-1.504793
52.4560758,-1.504793
52.4560758,-1.504793
52.4560758,-1.504793
52.4560758,-1.504793
52.4560758,-1.504793
52.4560758,-1.504793
52.4560758,-1.504793
52.4579033,-1.5058935
52.4579033,-1.5058935
52.4579033,-1.5058935
52.4579033,-1.5058935
52.4579033,-1.5058935
52.4579033,-1.5058935
52.4579033,-1.5058935
52.4579033,-1.5058935
52.4579033,-1.5058935
52.4589838,-1.504078
52.4589838,-1.504078
52.4589838,-1.504078
52.4589838,-1.504078
52.4589838,-1.504078
52.4589838,-1.504078
52.4589838,-1.504078
52.4589838,-1.504078
52.4589838,-1.504078
52.4589838,-1.504078
52.4589838,-1.504078
52.4589838,-1.504078
52.4589838,-1.504078
52.4589838,-1.504078
52.4589838,-1.504078
52.4589838,-1.504078
52.4589838,-1.504078
52.4589838,-1.504078
52.4625904,-1.5013315
52.4625904,-1.5013315
52.4625904,-1.5013315
52.4625904,-1.5013315
52.4629524,-1.5011759
52.4629059,-1.5008543
52.4629059,-1.5008543
52.4629059,-1.5008543
52.4629059,-1.5008543
52.4628759,-1.4997345
52.4628759,-1.4997345
52.4628759,-1.4997345
52.4628759,-1.4997345
52.4628759,-1.4997345
52.4628759,-1.4997345
52.4628759,-1.4997345
52.4628759,-1.4997345
52.4628759,-1.4997345
52.4628759,-1.4997345
52.4628759,-1.4997345
52.4628759,-1.4997345
52.4628759,-1.4997345
52.4628759,-1.4997345
52.4655803,-1.4959148
52.4655803,-1.4959148
52.4655803,-1.4959148
52.4655803,-1.4959148
52.4655803,-1.4959148
52.4655803,-1.4959148
52.4655803,-1.4959148
52.4655803,-1.4959148
52.4655803,-1.4959148
52.4655803,-1.4959148
52.4655803,-1.4959148
52.4655803,-1.4959148
52.4655803,-1.4959148
52.4655803,-1.4959148
52.4655803,-1.4959148
52.4655803,-1.4959148
52.4655803,-1.4959148
52.4655803,-1.4959148
52.4655803,-1.4959148
52.4655803,-1.4959148
52.4655803,-1.4959148
52.4650013,-1.4900318
52.4648086,-1.4892859
52.4648086,-1.4892859
52.4648086,-1.4892859
52.4648086,-1.4892859
52.4648086,-1.4892859
52.4645811,-1.48836
52.4645811,-1.48836
52.4642202,-1.4870182
52.4642202,-1.4870182
52.4638713,-1.4857771
52.4638713,-1.4857771
52.4638713,-1.4857771
52.4638713,-1.4857771
52.4638713,-1.4857771
52.4638713,-1.4857771
52.4638713,-1.4857771
52.4638713,-1.4857771
52.4638713,-1.4857771
52.4638713,-1.4857771
52.4638713,-1.4857771
52.4638713,-1.4857771
52.4638713,-1.4857771
52.4638713,-1.4857771
52.4633084,-1.4831514
52.4633084,-1.4831514
52.4633084,-1.4831514
52.4633084,-1.4831514
52.4633084,-1.4831514
52.4633084,-1.4831514
52.4633084,-1.4831514
52.4633084,-1.4831514
52.4633084,-1.4831514
52.4633084,-1.4831514
52.4633084,-1.4831514
52.4633084,-1.4831514
52.4633084,-1.4831514
52.4633084,-1.4831514
52.4633084,-1.4831514
52.4633084,-1.4831514
52.4633084,-1.4831514
52.4633084,-1.4831514
52.4633084,-1.4831514
52.4633084,-1.4831514
52.4633084,-1.4831514
52.4616939,-1.4835141
52.4616939,-1.4835141
52.4616939,-1.4835141
52.4616939,-1.4835141
52.4616939,-1.4835141
52.4616939,-1.4835141
52.4616939,-1.4835141
52.4616939,-1.4835141
52.4616939,-1.4835141
52.4616939,-1.4835141
52.4616939,-1.4835141
52.4616939,-1.4835141
52.4616939,-1.4835141
52.4588965,-1.4845399
52.458451,-1.4847144
52.458349,-1.4846404
52.458349,-1.4846404
52.4577844,-1.4852571
52.4577853,-1.4853073
52.4577853,-1.4853073
52.4577853,-1.4853073
52.4582357,-1.4861033
52.4582799,-1.4861077
52.4586182,-1.4857599
52.4586797,-1.4855101
52.4586844,-1.4852723
52.4586844,-1.4852723
52.4588965,-1.4845399
52.4588965,-1.4845399
52.4588965,-1.4845399
52.4588965,-1.4845399
52.4588965,-1.4845399
52.4588965,-1.4845399
52.4588965,-1.4845399
52.4588965,-1.4845399
52.4588965,-1.4845399
52.4588965,-1.4845399
52.4588965,-1.4845399
52.4588965,-1.4845399
52.4588965,-1.4845399
52.4588965,-1.4845399
52.4588965,-1.4845399
52.4588965,-1.4845399
52.4588965,-1.4845399
52.4588965,-1.4845399
52.4616939,-1.4835141
52.4616939,-1.4835141
52.4616939,-1.4835141
52.4616939,-1.4835141
52.4616939,-1.4835141
52.4616939,-1.4835141
52.4616939,-1.4835141
52.4616939,-1.4835141
52.4616939,-1.4835141
52.4616939,-1.4835141
52.4616939,-1.4835141
52.4616939,-1.4835141
52.4616939,-1.4835141
52.4616939,-1.4835141
52.4633084,-1.4831514
52.4633084,-1.4831514
52.4633084,-1.4831514
52.4633084,-1.4831514
52.4634691,-1.4818783
52.4635097,-1.480884
52.4635097,-1.480884
52.4635097,-1.480884
52.4635097,-1.480884
52.4635097,-1.480884
52.4635097,-1.480884
52.4635097,-1.480884
52.4635097,-1.480884
52.4635097,-1.480884
52.4635097,-1.480884
52.4635097,-1.480884
52.4635097,-1.480884
52.4635097,-1.480884
52.4635097,-1.480884
52.4635097,-1.480884
52.4635097,-1.480884
52.4635097,-1.480884
52.4639332,-1.4755936
52.4639332,-1.4755936
52.4639332,-1.4755936
52.4639332,-1.4755936
52.4639332,-1.4755936
52.4647476,-1.4734728
52.4647476,-1.4734728
52.4647476,-1.4734728
52.4647476,-1.4734728
52.4647476,-1.4734728
52.4647476,-1.4734728
52.4647476,-1.4734728
52.4647476,-1.4734728
52.4652799,-1.4720545
52.4654607,-1.4717197
52.4654607,-1.4717197
52.4654607,-1.4717197
52.4654607,-1.4717197
52.4662314,-1.4710946
52.4662314,-1.4710946
52.4662314,-1.4710946
52.4662314,-1.4710946
52.4668276,-1.4711406
52.46729,-1.47126
52.46729,-1.47126
52.46729,-1.47126
52.4677481,-1.4713645
52.46825,-1.4711869
52.46825,-1.4711869
52.46825,-1.4711869
52.46825,-1.4711869
52.46825,-1.4711869
52.46825,-1.4711869
52.46825,-1.4711869
52.46825,-1.4711869
52.46825,-1.4711869
52.4695441,-1.4705631
52.4695441,-1.4705631
52.4695441,-1.4705631
52.4695441,-1.4705631
52.4695441,-1.4705631
52.4710953,-1.4702142
52.4710953,-1.4702142
52.4710953,-1.4702142
52.4713135,-1.4704804
52.4713147,-1.4702065
52.4713147,-1.4702065
52.4713147,-1.4702065
52.4713147,-1.4702065
52.4713147,-1.4702065
52.4710953,-1.4702142
52.4710953,-1.4702142
52.4710953,-1.4702142
52.4710953,-1.4702142
52.4695441,-1.4705631
52.4695441,-1.4705631
52.4695441,-1.4705631
52.4695441,-1.4705631
52.4695441,-1.4705631
52.4695441,-1.4705631
52.4695441,-1.4705631
52.4695441,-1.4705631
52.4695441,-1.4705631
52.46825,-1.4711869
52.46825,-1.4711869
52.46825,-1.4711869
52.46825,-1.4711869
52.46825,-1.4711869
52.4677481,-1.4713645
52.4677481,-1.4713645
52.4677481,-1.4713645
52.4677481,-1.4713645
52.46729,-1.47126
52.4668276,-1.4711406
52.4668276,-1.4711406
52.4668276,-1.4711406
52.4668276,-1.4711406
52.4662314,-1.4710946
52.4662314,-1.4710946
52.4662314,-1.4710946
52.4662314,-1.4710946
52.4654607,-1.4717197
52.4652626,-1.4717228
52.4652626,-1.4717228
52.4652626,-1.4717228
52.4652626,-1.4717228
52.4652799,-1.4720545
52.4652799,-1.4720545
52.4652799,-1.4720545
52.4652799,-1.4720545
52.4647476,-1.4734728
52.4647476,-1.4734728
52.4647476,-1.4734728
52.4647476,-1.4734728
52.4647476,-1.4734728
52.4639332,-1.4755936
52.4639332,-1.4755936
52.4639332,-1.4755936
52.4639332,-1.4755936
52.4639332,-1.4755936
52.4639332,-1.4755936
52.4639332,-1.4755936
52.4639332,-1.4755936
52.4639332,-1.4755936
52.4639332,-1.4755936
52.4639332,-1.4755936
52.4639332,-1.4755936
52.4639332,-1.4755936
52.4639332,-1.4755936
52.4639332,-1.4755936
52.4639332,-1.4755936
52.4639332,-1.4755936
52.4639332,-1.4755936
52.4639332,-1.4755936
52.4639332,-1.4755936
52.4639332,-1.4755936
52.4639332,-1.4755936
52.4635097,-1.480884
52.4635097,-1.480884
52.4635097,-1.480884
52.4635097,-1.480884
52.4635097,-1.480884
52.4634691,-1.4818783
52.4634691,-1.4818783
52.4634691,-1.4818783
52.4633084,-1.4831514
52.4637831,-1.4830288
52.4637831,-1.4830288
52.4637831,-1.4830288
52.4637831,-1.4830288
52.4637831,-1.4830288
52.4637831,-1.4830288
52.4637831,-1.4830288
52.4637831,-1.4830288
52.4637831,-1.4830288
52.4655966,-1.4824573
52.4655966,-1.4824573
52.4655966,-1.4824573
52.4655966,-1.4824573
52.4655966,-1.4824573
52.4657617,-1.4823934
52.4657617,-1.4823934
52.4657617,-1.4823934
52.4657617,-1.4823934
52.4657617,-1.4823934
52.4657617,-1.4823934
52.4657617,-1.4823934
52.4657617,-1.4823934
52.4657617,-1.4823934
52.4681164,-1.4813778
52.4681164,-1.4813778
52.4681164,-1.4813778
52.4684306,-1.4812331
52.4689435,-1.4810027
52.4689435,-1.4810027
52.4689435,-1.4810027
52.4689435,-1.4810027
52.4689435,-1.4810027
52.4697391,-1.4805228
52.4697391,-1.4805228
52.4697391,-1.4805228
52.4697391,-1.4805228
52.4697391,-1.4805228
52.4697391,-1.4805228
52.4697391,-1.4805228
52.4697391,-1.4805228
52.4697391,-1.4805228
52.4711536,-1.4789149
52.471444,-1.478624
52.471444,-1.478624
52.471444,-1.478624
52.471444,-1.478624
52.471444,-1.478624
52.471444,-1.478624
52.471444,-1.478624
52.471444,-1.478624
52.4726901,-1.4778711
52.4726901,-1.4778711
52.4726901,-1.4778711
52.4726901,-1.4778711
52.4737051,-1.4772499
52.4737051,-1.4772499
52.4737051,-1.4772499
52.4737051,-1.4772499
52.4737051,-1.4772499
52.4741983,-1.4766277
52.4741983,-1.4766277
52.4741983,-1.4766277
52.4741983,-1.4766277
52.4741983,-1.4766277
52.4741983,-1.4766277
52.4741983,-1.4766277
52.4741983,-1.4766277
52.4741983,-1.4766277
52.4741983,-1.4766277
52.4741983,-1.4766277
52.4752902,-1.4753744
52.4752902,-1.4753744
52.4752902,-1.4753744
52.4752902,-1.4753744
52.475211,-1.4752241
52.475211,-1.4752241
52.475211,-1.4752241
52.475211,-1.4752241
52.475211,-1.4752241
52.4758661,-1.474373
52.4758661,-1.474373
52.4758661,-1.474373
52.4758661,-1.474373
52.4758661,-1.474373
52.4758661,-1.474373
52.4758661,-1.474373
52.4758661,-1.474373
52.4758661,-1.474373
52.4758661,-1.474373
52.4758661,-1.474373
52.4758661,-1.474373
52.4758661,-1.474373
52.4778152,-1.471851
52.4778152,-1.471851
52.4778152,-1.471851
52.4778152,-1.471851
52.4778152,-1.471851
52.4782697,-1.4698269
52.4782697,-1.4698269
52.4782697,-1.4698269
52.4782697,-1.4698269
52.4782697,-1.4698269
52.4782697,-1.4698269
52.4782697,-1.4698269
52.4782697,-1.4698269
52.4791794,-1.4695474
52.4792158,-1.4694012
52.4792158,-1.4694012
52.4792158,-1.4694012
52.4790625,-1.4688594
52.478985,-1.4685182
52.478985,-1.4685182
52.478985,-1.4685182
52.478985,-1.4685182
52.478985,-1.4685182
52.478985,-1.4685182
52.478985,-1.4685182
52.478985,-1.4685182
52.478985,-1.4685182
52.478985,-1.4685182
52.478985,-1.4685182
52.478985,-1.4685182
52.478985,-1.4685182
52.478985,-1.4685182
52.4788445,-1.4655221
52.4788445,-1.4655221
52.4788445,-1.4655221
52.4788989,-1.4643988
52.4788847,-1.4641689
52.4788847,-1.4641689
52.4788847,-1.4641689
52.4788847,-1.4641689
52.4787915,-1.4633189
52.4787454,-1.462894
52.4787454,-1.462894
52.4787454,-1.462894
52.4787454,-1.462894
52.4786527,-1.4620373
52.4786303,-1.4617906
52.4786303,-1.4617906
52.4786303,-1.4617906
52.4786303,-1.4617906
52.478527,-1.4608008
52.478527,-1.4608008
52.478527,-1.4608008
52.478527,-1.4608008
52.4783905,-1.4595535
52.4783905,-1.4595535
52.4783905,-1.4595535
52.4783905,-1.4595535
52.4783905,-1.4595535
52.4783905,-1.4595535
52.4783905,-1.4595535
52.4783905,-1.4595535
52.4783905,-1.4595535
52.4781733,-1.4577256
52.4781733,-1.4577256
52.4781733,-1.4577256
52.4781733,-1.4577256
52.4781733,-1.4577256
52.4779177,-1.4558961
52.4779177,-1.4558961
52.4779177,-1.4558961
52.4779177,-1.4558961
52.4779177,-1.4558961
52.4779177,-1.4558961
52.4779177,-1.4558961
52.4779177,-1.4558961
52.4779177,-1.4558961
52.4779177,-1.4558961
52.4779177,-1.4558961
52.4779177,-1.4558961
52.4779177,-1.4558961
52.4779177,-1.4558961
52.4779177,-1.4558961
52.4779177,-1.4558961
52.4779177,-1.4558961
52.4779177,-1.4558961
52.4779177,-1.4558961
52.4779177,-1.4558961
52.4779177,-1.4558961
52.4779177,-1.4558961
52.4779177,-1.4558961
52.4779177,-1.4558961
52.4779177,-1.4558961
52.4779177,-1.4558961
52.4779177,-1.4558961
52.4779177,-1.4558961
52.4779177,-1.4558961
52.4779177,-1.4558961
52.4779177,-1.4558961
52.4779177,-1.4558961
52.4779177,-1.4558961
52.4779177,-1.4558961
52.4779177,-1.4558961
52.4779177,-1.4558961
52.4779177,-1.4558961
52.4779177,-1.4558961
52.4779177,-1.4558961
52.4779177,-1.4558961
52.4781583,-1.4393927
52.478156,-1.4389293
52.478156,-1.4389293
52.478156,-1.4389293
52.478156,-1.4389293
52.4780731,-1.4375258
52.4780731,-1.4375258
52.4780731,-1.4375258
52.4780131,-1.4371309
52.4778468,-1.4360803
52.4778468,-1.4360803
52.4778468,-1.4360803
52.4778468,-1.4360803
52.4778468,-1.4360803
52.4778468,-1.4360803
52.4778468,-1.4360803
52.4778468,-1.4360803
52.4778468,-1.4360803
52.4778468,-1.4360803
52.4778468,-1.4360803
52.4778468,-1.4360803
52.4778468,-1.4360803
52.4778468,-1.4360803
52.4776917,-1.4319496
52.4775905,-1.4309562
52.4775905,-1.4309562
52.4774739,-1.4306369
52.4773768,-1.4303859
52.4773768,-1.4303859
52.4773768,-1.4303859
52.4773768,-1.4303859
52.4773768,-1.4303859
52.4770723,-1.4291862
52.4770723,-1.4291862
52.4770723,-1.4291862
52.4770723,-1.4291862
52.4770796,-1.4273099
52.4770796,-1.4273099
52.4770796,-1.4273099
52.4770796,-1.4273099
52.4770796,-1.4273099
52.476845,-1.425236
52.476845,-1.425236
52.476845,-1.425236
52.476845,-1.425236
52.4765934,-1.4242439
52.4765934,-1.4242439
52.4765934,-1.4242439
52.4765934,-1.4242439
52.4765934,-1.4242439
52.4764405,-1.4236878
52.4764405,-1.4236878
52.4764405,-1.4236878
52.4764405,-1.4236878
52.4760086,-1.4216806
52.4760086,-1.4216806
52.4760086,-1.4216806
52.4760086,-1.4216806
52.4760086,-1.4216806
52.4760086,-1.4216806
52.4760086,-1.4216806
52.4760086,-1.4216806
52.4760086,-1.4216806
52.4761305,-1.4194275
52.4761305,-1.4194275
52.4761305,-1.4194275
52.4761305,-1.4194275
52.4761305,-1.4194275
52.4761305,-1.4194275
52.4761305,-1.4194275
52.4761305,-1.4194275
52.4761305,-1.4194275
52.4763357,-1.4179123
52.4763357,-1.4179123
52.4763357,-1.4179123
52.4763357,-1.4179123
52.4761284,-1.4172064
52.475849,-1.4163216
52.475849,-1.4163216
52.475849,-1.4163216
52.475849,-1.4163216
52.475849,-1.4163216
52.475849,-1.4163216
52.475849,-1.4163216
52.475849,-1.4163216
52.475849,-1.4163216
52.475849,-1.4163216
52.475849,-1.4163216
52.475849,-1.4163216
52.475849,-1.4163216
52.475849,-1.4163216
52.475849,-1.4163216
52.475849,-1.4163216
52.475849,-1.4163216
52.475849,-1.4163216
52.475849,-1.4163216
52.475849,-1.4163216
52.475849,-1.4163216
52.475849,-1.4163216
52.475849,-1.4163216
52.475849,-1.4163216
52.475849,-1.4163216
52.475849,-1.4163216
52.475849,-1.4163216
52.475849,-1.4163216
52.475849,-1.4163216
52.475849,-1.4163216
52.475849,-1.4163216
52.475849,-1.4163216
52.475849,-1.4163216
52.475849,-1.4163216
52.475849,-1.4163216
52.475849,-1.4163216
52.475849,-1.4163216
52.475849,-1.4163216
52.475849,-1.4163216
52.475849,-1.4163216
52.475849,-1.4163216
52.475849,-1.4163216
52.475849,-1.4163216
52.475849,-1.4163216
52.475849,-1.4163216
52.475849,-1.4163216
52.475849,-1.4163216
52.475849,-1.4163216
52.475849,-1.4163216
52.475849,-1.4163216
52.475849,-1.4163216
52.475849,-1.4163216
52.475849,-1.4163216
52.475849,-1.4163216
52.475849,-1.4163216
52.475849,-1.4163216
52.475849,-1.4163216
52.475849,-1.4163216
52.475849,-1.4163216
52.475849,-1.4163216
52.475849,-1.4163216
52.475849,-1.4163216
52.475849,-1.4163216
52.475849,-1.4163216
52.475849,-1.4163216
52.475849,-1.4163216
52.475849,-1.4163216
52.475849,-1.4163216
52.475849,-1.4163216
52.475849,-1.4163216
52.475849,-1.4163216
52.475849,-1.4163216
52.475849,-1.4163216
52.475849,-1.4163216
52.475849,-1.4163216
52.475849,-1.4163216
52.4724876,-1.3783548
52.4724876,-1.3783548
52.4724876,-1.3783548
52.4724876,-1.3783548
52.4724876,-1.3783548
52.4724876,-1.3783548
52.4724876,-1.3783548
52.4724876,-1.3783548
52.4724876,-1.3783548
52.4724876,-1.3783548
52.4724876,-1.3783548
52.4724876,-1.3783548
52.4724876,-1.3783548
52.4724876,-1.3783548
52.4724876,-1.3783548
52.4724876,-1.3783548
52.4724876,-1.3783548
52.4724876,-1.3783548
52.4724876,-1.3783548
52.4724876,-1.3783548
52.4724876,-1.3783548
52.4724876,-1.3783548
52.4724876,-1.3783548
52.4724876,-1.3783548
52.4724876,-1.3783548
52.4724876,-1.3783548
52.4724876,-1.3783548
52.4724876,-1.3783548
52.4724876,-1.3783548
52.4724876,-1.3783548
52.4724876,-1.3783548
52.4724876,-1.3783548
52.4724876,-1.3783548
52.4724876,-1.3783548
52.4724876,-1.3783548
52.4724876,-1.3783548
52.4724876,-1.3783548
52.4724876,-1.3783548
52.4724876,-1.3783548
52.4724876,-1.3783548
52.4724876,-1.3783548
52.4724876,-1.3783548
52.4724876,-1.3783548
52.4724876,-1.3783548
52.4724876,-1.3783548
52.4724876,-1.3783548
52.4724876,-1.3783548
52.4724876,-1.3783548
52.4724876,-1.3783548
52.4724876,-1.3783548
52.4724876,-1.3783548
52.4724876,-1.3783548
52.4724876,-1.3783548
52.4724876,-1.3783548
52.4724876,-1.3783548
52.4724876,-1.3783548
52.4724876,-1.3783548
52.4724876,-1.3783548
52.4724876,-1.3783548
52.4574775,-1.4034998
52.4574775,-1.4034998
52.4574775,-1.4034998
52.4574775,-1.4034998
52.4569655,-1.4044485
52.4569655,-1.4044485
52.4569655,-1.4044485
52.4569655,-1.4044485
52.4569655,-1.4044485
52.4569655,-1.4044485
52.4569655,-1.4044485
52.4569655,-1.4044485
52.4569655,-1.4044485
52.4569655,-1.4044485
52.4569655,-1.4044485
52.4569655,-1.4044485
52.4569655,-1.4044485
52.4569655,-1.4044485
52.4561979,-1.4066169
52.4561979,-1.4066169
52.4561979,-1.4066169
52.4561979,-1.4066169
52.4577689,-1.4080079
52.4577689,-1.4080079
52.4577689,-1.4080079
52.4577689,-1.4080079
52.4577689,-1.4080079
52.4576135,-1.4097781
52.4576135,-1.4097781
52.4576135,-1.4097781
52.4576135,-1.4097781
52.4574957,-1.4103958
52.4574957,-1.4103958
52.4574957,-1.4103958
52.4574957,-1.4103958
52.4574957,-1.4103958
52.4574957,-1.4103958
52.4574957,-1.4103958
52.4574957,-1.4103958
52.4574957,-1.4103958
52.4574957,-1.4103958
52.4574957,-1.4103958
52.4574957,-1.4103958
52.4574957,-1.4103958
52.4574957,-1.4103958
52.4574957,-1.4103958
52.4574957,-1.4103958
52.4574957,-1.4103958
52.4574957,-1.4103958
52.4574957,-1.4103958
52.4574957,-1.4103958
52.4574957,-1.4103958
52.4574957,-1.4103958
52.4574957,-1.4103958
52.4560132,-1.4207748
52.4560132,-1.4207748
52.4560132,-1.4207748
52.4560132,-1.4207748
52.4556819,-1.4231749
52.4556819,-1.4231749
52.4556819,-1.4231749
52.4556819,-1.4231749
52.4556819,-1.4231749
52.4556819,-1.4231749
52.4556819,-1.4231749
52.4556819,-1.4231749
52.4556819,-1.4231749
52.4556819,-1.4231749
52.4556819,-1.4231749
52.4556819,-1.4231749
52.4556819,-1.4231749
52.4556819,-1.4231749
52.4556819,-1.4231749
52.4556819,-1.4231749
52.4556819,-1.4231749
52.4556819,-1.4231749
52.4556819,-1.4231749
52.4556819,-1.4231749
52.4556819,-1.4231749
52.4556819,-1.4231749
52.4556819,-1.4231749
52.4556819,-1.4231749
52.4556819,-1.4231749
52.4556819,-1.4231749
52.4556819,-1.4231749
52.4556819,-1.4231749
52.4556819,-1.4231749
52.4556819,-1.4231749
52.4556819,-1.4231749
52.4556819,-1.4231749
52.4556819,-1.4231749
52.4556819,-1.4231749
52.4556819,-1.4231749
52.4556819,-1.4231749
52.4556819,-1.4231749
52.4556819,-1.4231749
52.4556819,-1.4231749
52.4556819,-1.4231749
52.4556819,-1.4231749
52.4556819,-1.4231749
52.4556819,-1.4231749
52.4556819,-1.4231749
52.4556819,-1.4231749
52.4556819,-1.4231749
52.4556819,-1.4231749
52.4556819,-1.4231749
52.4556819,-1.4231749
52.4556819,-1.4231749
52.4556819,-1.4231749
52.4556819,-1.4231749
52.4556819,-1.4231749
52.4556819,-1.4231749
52.4469449,-1.4449317
52.4469449,-1.4449317
52.4469449,-1.4449317
52.4469449,-1.4449317
52.4469449,-1.4449317
52.4468193,-1.4451713
52.4468193,-1.4451713
52.4468193,-1.4451713
52.4468193,-1.4451713
52.4468193,-1.4451713
52.4468193,-1.4451713
52.4468193,-1.4451713
52.4468193,-1.4451713
52.4468193,-1.4451713
52.4468193,-1.4451713
52.4468193,-1.4451713
52.4468193,-1.4451713
52.4468193,-1.4451713
52.4468193,-1.4451713
52.4468193,-1.4451713
52.4468193,-1.4451713
52.4468193,-1.4451713
52.4468193,-1.4451713
52.4468193,-1.4451713
52.4468193,-1.4451713
52.4468193,-1.4451713
52.4468193,-1.4451713
52.4425625,-1.4533054
52.4425625,-1.4533054
52.4425625,-1.4533054
52.4425625,-1.4533054
52.4425625,-1.4533054
52.4425625,-1.4533054
52.4425625,-1.4533054
52.4425625,-1.4533054
52.4425625,-1.4533054
52.4416015,-1.4554624
52.4416015,-1.4554624
52.4416015,-1.4554624
52.4416015,-1.4554624
52.441339,-1.4566183
52.4412557,-1.4570981
52.4412557,-1.4570981
52.4412557,-1.4570981
52.4412557,-1.4570981
52.4406794,-1.4579231
52.4406794,-1.4579231
52.4406794,-1.4579231
52.4406794,-1.4579231
52.4406794,-1.4579231
52.4397045,-1.4588731
52.4397045,-1.4588731
52.4397045,-1.4588731
52.4397045,-1.4588731
52.439226,-1.4592826
52.439226,-1.4592826
52.439226,-1.4592826
52.439226,-1.4592826
52.439226,-1.4592826
52.439226,-1.4592826
52.439226,-1.4592826
52.439226,-1.4592826
52.439226,-1.4592826
52.4380158,-1.4605697
52.4380158,-1.4605697
52.4380158,-1.4605697
52.4380158,-1.4605697
52.4380158,-1.4605697
52.4380158,-1.4605697
52.4380158,-1.4605697
52.4380158,-1.4605697
52.4380158,-1.4605697
52.4372542,-1.461213
52.4372542,-1.461213
52.4372542,-1.461213
52.4372542,-1.461213
52.4372542,-1.461213
52.4372542,-1.461213
52.4372542,-1.461213
52.4372542,-1.461213
52.4372542,-1.461213
52.4372542,-1.461213
52.4372542,-1.461213
52.4372542,-1.461213
52.4372542,-1.461213
52.4372542,-1.461213
52.4352741,-1.4643854
52.4352741,-1.4643854
52.4352741,-1.4643854
52.4350559,-1.4643258
52.4349845,-1.4646394
52.4349845,-1.4646394
52.4349845,-1.4646394
52.4349845,-1.4646394
52.4349845,-1.4646394
52.4344077,-1.4650233
52.4344077,-1.4650233
52.4344077,-1.4650233
52.4344077,-1.4650233
52.4334968,-1.4656608
52.4334968,-1.4656608
52.4334968,-1.4656608
52.4334968,-1.4656608
52.4334968,-1.4656608
52.4332836,-1.4658039
52.4332836,-1.4658039
52.4332836,-1.4658039
52.4332836,-1.4658039
52.4332836,-1.4658039
52.4332836,-1.4658039
52.4332836,-1.4658039
52.4332836,-1.4658039
52.4332836,-1.4658039
52.4324659,-1.466377
52.4324659,-1.466377
52.4324659,-1.466377
52.4324659,-1.466377
52.4328069,-1.4675279
52.4328069,-1.4675279
52.4328069,-1.4675279
52.4328069,-1.4675279
52.4328069,-1.4675279
52.4328069,-1.4675279
52.4328069,-1.4675279
52.4328069,-1.4675279
52.4328069,-1.4675279
52.4337899,-1.4708581
52.4339425,-1.4711189
52.4339425,-1.4711189
52.4339425,-1.4711189
52.4339425,-1.4711189
52.4344145,-1.4717315
52.4347342,-1.4721238
52.4347342,-1.4721238
52.4347342,-1.4721238
52.4347342,-1.4721238
52.4347342,-1.4721238
52.4347342,-1.4721238
52.4347342,-1.4721238
52.4347342,-1.4721238
52.4347342,-1.4721238
52.4347342,-1.4721238
52.4347342,-1.4721238
52.4347342,-1.4721238
52.4347342,-1.4721238
52.4347342,-1.4721238
52.4347342,-1.4721238
52.4353419,-1.4728455
52.4353419,-1.4728455
52.4353419,-1.4728455
52.4353419,-1.4728455
52.4353419,-1.4728455
52.4353419,-1.4728455
52.4353419,-1.4728455
52.4353419,-1.4728455
52.4353419,-1.4728455
52.4353419,-1.4728455
52.4353419,-1.4728455
52.4353419,-1.4728455
52.4353419,-1.4728455
52.4353419,-1.4728455
52.4353419,-1.4728455
52.4353419,-1.4728455
52.4353419,-1.4728455
52.4353419,-1.4728455
52.4363494,-1.4740571
52.4362757,-1.4747671
52.4362757,-1.4747671
52.4362757,-1.4747671
52.4362126,-1.4753296
52.4361017,-1.475961
52.4361017,-1.475961
52.4361017,-1.475961
52.4361017,-1.475961
52.4354939,-1.4768539
52.4354939,-1.4768539
52.4354939,-1.4768539
52.4354939,-1.4768539
52.4352018,-1.4772422
52.4352018,-1.4772422
52.4352018,-1.4772422
52.4352018,-1.4772422
52.4352018,-1.4772422
52.4344653,-1.4788766
52.4344653,-1.4788766
52.4344653,-1.4788766
52.4344653,-1.4788766
52.4336236,-1.4798161
52.4336236,-1.4798161
52.4336236,-1.4798161
52.4336236,-1.4798161
52.4336236,-1.4798161
52.4336236,-1.4798161
52.4336236,-1.4798161
52.4336236,-1.4798161
52.4327142,-1.4811985
52.4322567,-1.481911
52.4322567,-1.481911
52.4322567,-1.481911
52.4322567,-1.481911
52.4322567,-1.481911
52.4316892,-1.482807
52.4316892,-1.482807
52.4316892,-1.482807
52.4316892,-1.482807
52.4312551,-1.4835472
52.4309136,-1.4841794
52.4309136,-1.4841794
52.4309136,-1.4841794
52.4309136,-1.4841794
52.430865,-1.4842524
52.430865,-1.4842524
52.430865,-1.4842524
52.430865,-1.4842524
52.430865,-1.4842524
52.430865,-1.4842524
52.430865,-1.4842524
52.430865,-1.4842524
52.430865,-1.4842524
52.430865,-1.4842524
52.430865,-1.4842524
52.430865,-1.4842524
52.430865,-1.4842524
52.430865,-1.4842524
52.430865,-1.4842524
52.430865,-1.4842524
52.430865,-1.4842524
52.430865,-1.4842524
52.430865,-1.4842524
52.430865,-1.4842524
52.430865,-1.4842524
52.430865,-1.4842524
52.430865,-1.4842524
52.430865,-1.4842524
52.4302873,-1.4852092
52.4302489,-1.4851856
52.4299352,-1.4847361
52.4300045,-1.485226
52.4299726,-1.4852552
52.4299726,-1.4852552
52.4299726,-1.4852552
52.4299726,-1.4852552
52.4299726,-1.4852552
52.4299726,-1.4852552
52.4299726,-1.4852552
52.4299726,-1.4852552
52.4299726,-1.4852552
52.4299726,-1.4852552
52.4299726,-1.4852552
52.4299726,-1.4852552
52.4264308,-1.4855411
52.4264308,-1.4855411
52.4264308,-1.4855411
52.4264308,-1.4855411
52.4264308,-1.4855411
52.4264308,-1.4855411
52.4264308,-1.4855411
52.4264308,-1.4855411
52.4264308,-1.4855411
52.4226371,-1.4866503
52.4225855,-1.4865334
52.4225855,-1.4865334
52.4222936,-1.4864114
52.4221497,-1.4865799
52.4221497,-1.4865799
52.4221497,-1.4865799
52.4221497,-1.4865799
52.4221497,-1.4865799
52.4221497,-1.4865799
52.4221497,-1.4865799
52.4221497,-1.4865799
52.4221497,-1.4865799
52.4221497,-1.4865799
52.4221497,-1.4865799
52.4221497,-1.4865799
52.4221497,-1.4865799
52.4179456,-1.4869112
52.4171879,-1.4868919
52.4171879,-1.4868919
52.4171879,-1.4868919
52.4171879,-1.4868919
52.4171879,-1.4868919
52.4171879,-1.4868919
52.4171879,-1.4868919
52.4171879,-1.4868919
52.4171879,-1.4868919
52.4171879,-1.4868919
52.4171879,-1.4868919
52.4171879,-1.4868919
52.4171879,-1.4868919
52.4171879,-1.4868919
52.4171879,-1.4868919
52.4171879,-1.4868919
52.4171879,-1.4868919
52.4171879,-1.4868919
52.4171879,-1.4868919
52.4171879,-1.4868919
52.4171879,-1.4868919
52.4171879,-1.4868919
52.4171879,-1.4868919
52.4171879,-1.4868919
52.4171879,-1.4868919
52.4171879,-1.4868919
52.4171879,-1.4868919
52.4171879,-1.4868919
52.4171879,-1.4868919
52.4171879,-1.4868919
52.4171879,-1.4868919
52.4071671,-1.4876229
52.4071209,-1.4875481
52.4071209,-1.4875481
52.4071209,-1.4875481
52.4071209,-1.4875481
52.4066907,-1.4874844
52.406659,-1.4875171
52.4065024,-1.4879187
52.4065024,-1.4879187
52.4069228,-1.4886493
52.4069228,-1.4886493
52.4069228,-1.4886493
52.4069228,-1.4886493
52.4069228,-1.4886493
52.4069228,-1.4886493
52.4069228,-1.4886493
52.4069228,-1.4886493
52.4069228,-1.4886493
52.4076184,-1.4906398
52.4076562,-1.490705
52.4076562,-1.490705
52.4076562,-1.490705
52.4076562,-1.490705
52.4076562,-1.490705
52.4076562,-1.490705
52.4076562,-1.490705
52.4076562,-1.490705
52.4076562,-1.490705
52.4076562,-1.490705
52.4076562,-1.490705
52.4076562,-1.490705
52.4078134,-1.4909621
52.4078134,-1.4909621
52.4078134,-1.4909621
52.4078134,-1.4909621
52.4084993,-1.4921926
52.4084993,-1.4921926
52.4084993,-1.4921926
52.4084993,-1.4921926
52.4084993,-1.4921926
52.408433,-1.4945627
52.408433,-1.4945627
52.408433,-1.4945627
52.408433,-1.4945627
52.408433,-1.4945627
52.408433,-1.4945627
52.408433,-1.4945627
52.408433,-1.4945627
52.408433,-1.4945627
52.408433,-1.4945627
52.408433,-1.4945627
52.408433,-1.4945627
52.408433,-1.4945627
52.4076025,-1.4983454
52.4073942,-1.4988361
52.4073942,-1.4988361
52.4074924,-1.499118
52.4075366,-1.4991689
52.4077994,-1.4991433
52.4077994,-1.4991433
52.4077994,-1.4991433
52.4077994,-1.4991433
52.4081252,-1.5007803
52.4081252,-1.5007803
52.4081252,-1.5007803
52.4081252,-1.5007803
52.4081252,-1.5007803
52.4081252,-1.5007803
52.4081252,-1.5007803
52.4081252,-1.5007803
52.4061814,-1.502316
52.4057094,-1.5022979
52.4057094,-1.5022979
52.4057094,-1.5022979
52.404909,-1.5024846
52.4048955,-1.5025102
52.4039603,-1.5023325
52.4042604,-1.5028215
52.4042604,-1.5028215
52.4042604,-1.5028215
52.4044499,-1.5051756
52.4044009,-1.5059608
52.4044009,-1.5059608
52.4044009,-1.5059608
52.4044009,-1.5059608
52.4044009,-1.5059608
52.4044009,-1.5059608
52.4044009,-1.5059608
52.4044009,-1.5059608
52.4044009,-1.5059608
52.4044009,-1.5059608
52.4044009,-1.5059608
52.4044009,-1.5059608
52.4028821,-1.5103178
52.4028594,-1.5110303
52.4028594,-1.5110303
52.4028102,-1.5125597
52.4028133,-1.5128437
52.4028583,-1.5141747
52.4029969,-1.5147116
52.403053,-1.514845
52.403053,-1.514845
52.403053,-1.514845
52.4033775,-1.5154293
52.4033775,-1.5154293
52.4033775,-1.5154293
52.4044267,-1.5168009
52.4045073,-1.5169093
52.4045073,-1.5169093
52.4045073,-1.5169093
52.4045073,-1.5169093
52.4045073,-1.5169093
52.4054077,-1.5182498
52.4057728,-1.5188161
52.4059188,-1.5190315
52.4059188,-1.5190315
52.4062227,-1.5194085
52.4062227,-1.5194085
52.4062227,-1.5194085
52.4062227,-1.5194085
52.4078119,-1.5197475
52.4079909,-1.5197036
52.4079909,-1.5197036
52.4079909,-1.5197036
52.4079909,-1.5197036
52.4079909,-1.5197036
52.4079909,-1.5197036
52.4079909,-1.5197036
52.4079909,-1.5197036
52.4095419,-1.5191448
52.4096381,-1.5192178
52.4098813,-1.5193832
52.4098813,-1.5193832
52.4098813,-1.5193832
52.4098813,-1.5193832
52.4098813,-1.5193832
52.4098813,-1.5193832
52.4098813,-1.5193832
52.4102703,-1.5208634
52.4103323,-1.5211314
52.4103323,-1.5211314
52.4103323,-1.5211314
52.4103323,-1.5211314
52.4106757,-1.5221902
52.4106757,-1.5221902
52.4106757,-1.5221902
52.4106757,-1.5221902
52.4106757,-1.5221902
52.4106757,-1.5221902
52.4106757,-1.5221902
52.4106757,-1.5221902
52.4106757,-1.5221902
52.4106757,-1.5221902
52.4109935,-1.5231438
52.4109935,-1.5231438
52.4109935,-1.5231438
52.4109935,-1.5231438
52.4109935,-1.5231438
52.4113229,-1.5240481
52.4113229,-1.5240481
52.4113229,-1.5240481
52.4113229,-1.5240481
52.412108,-1.5263253
52.412108,-1.5263253
52.412108,-1.5263253
52.412108,-1.5263253
52.412057,-1.5269898
52.4121885,-1.527379
52.4124571,-1.5275245
52.4124571,-1.5275245
52.4124571,-1.5275245
52.4124571,-1.5275245
52.4124571,-1.5275245
52.4124571,-1.5275245
52.4124571,-1.5275245
52.4130501,-1.5290328
52.4130716,-1.5290957
52.4130716,-1.5290957
52.4130716,-1.5290957
52.4130716,-1.5290957
52.4130716,-1.5290957
52.4130716,-1.5290957
52.4130716,-1.5290957
52.4130716,-1.5290957
52.4130716,-1.5290957
52.4130716,-1.5290957
52.4130716,-1.5290957
52.4130716,-1.5290957
52.4130716,-1.5290957
52.4130716,-1.5290957
52.4130716,-1.5290957
52.4130716,-1.5290957
52.4130716,-1.5290957
52.4130716,-1.5290957
52.4130716,-1.5290957
52.4130716,-1.5290957
52.4130716,-1.5290957
52.4130716,-1.5290957
52.4130716,-1.5290957
52.4130716,-1.5290957
52.4130716,-1.5290957
52.4130716,-1.5290957
52.4130716,-1.5290957
52.4130716,-1.5290957
52.4130716,-1.5290957
52.4130716,-1.5290957
52.4130716,-1.5290957
52.4130716,-1.5290957
52.4130716,-1.5290957
52.4130716,-1.5290957
52.4130716,-1.5290957
52.4130716,-1.5290957
52.4130716,-1.5290957
52.4130716,-1.5290957
52.4130716,-1.5290957
52.4130716,-1.5290957
52.4130716,-1.5290957
52.4130716,-1.5290957
52.4130716,-1.5290957
52.4130716,-1.5290957
52.4130716,-1.5290957
52.4130716,-1.5290957
52.4130716,-1.5290957
