time_seconds,vehicle_forward_acc,vehicle_right_acc,vehicle_down_acc,acceleration_magnitude,gyro_magnitude,stationary,forward_velocity,right_velocity,down_velocity
0.019504,2.305616,8.439561,6.500257999999999,10.899330671134855,0.0,False,0.0,0.0,0.0
0.024202,2.5187,8.355764,6.514622999999999,10.890498360764994,0.1581298336083359,False,0.011832852600000002,0.0,0.0
0.039519,3.174711,8.394072,6.397307,11.021105730685736,0.10733675270381529,False,0.06045990098699999,0.0,0.0
0.059027,0.1496508456028917,-0.247846951121239,0.0985048527965322,0.3058213412994928,0.07041134062777103,False,0.0633792896830212,0.0,0.0
0.078503,-0.0955654334777457,-0.16553280907731,0.0277854793693332,0.1931473422561083,0.015717491212022358,False,0.06151805730060862,0.0,0.0
0.09817,-0.1521118174737769,0.0288555080304207,0.0305098833951262,0.15780208599271903,0.03478192779303643,False,0.05852647418635185,0.0,0.0
0.118543,-0.179439418909912,0.0091440601834861,0.046414954176889,0.18557065195393585,0.04561844236709535,False,0.05487075490490022,0.0,0.0
0.138369,-0.2243581367124498,-0.1607008455139223,-0.0013385231158409,0.27597667818513844,0.06434679588759647,False,0.05042263048643919,0.0,0.0
0.158983,-0.2198382454072344,-0.324401862314763,-0.1017559120716278,0.40486996438183304,0.06698363865900388,False,0.04589088489561446,0.0,0.0
0.178772,-0.1243833299049699,-0.3403629084382781,-0.0780456534196432,0.37068753177914054,0.01623154983358028,False,0.043429463180125014,0.0,0.0
0.198839,-0.132967872706775,-0.0726286188921536,0.0107239514433015,0.15188934982053579,0.05662979652091291,False,0.04076119687851816,0.0,0.0
0.2189,-0.0147902117882963,0.095015584872682,0.1035615708708217,0.14132130304618876,0.07699322376677055,False,0.04046449043983315,0.0,0.0
0.239016,0.1837983504189992,0.0296340072301856,0.017127077210004,0.18695813642369608,0.08425738242433123,False,0.044161778056861736,0.0,0.0
0.259049,0.1607863590192331,-0.0679125786547036,0.0203576750618772,0.17572366522502883,0.0660950767455489,False,0.047382811187094025,0.0,0.0
0.279679,0.2938491442125188,-0.0576893933922441,0.1252236089333589,0.3245864105268265,0.08777320801930394,False,0.0534449190321983,0.0,0.0
0.299294,0.0600496897950869,0.2649284958869196,0.1079989529129061,0.29233003097129084,0.062044245293177674,False,0.054622793697528926,0.0,0.0
0.319242,0.1545274970721563,0.1710527764668175,0.2006719899510187,0.305625665216935,0.03760173025274236,False,0.057705308209124305,0.0,0.0
0.339171,0.0957170752275215,0.1051784216587795,0.1008471021719064,0.1743398889790112,0.02694744850630575,False,0.059612853801333576,0.0,0.0
0.35978,0.0715172774539864,-0.0610538179439187,-0.0060213549335284,0.09422603873237571,0.047273701790741966,False,0.06108675337238278,0.0,0.0
0.379354,0.1099408166882053,-0.2338218389796932,-0.1043781190673183,0.2786654397264691,0.019015242123096934,False,0.06323873491823771,0.0,0.0
0.399492,0.0582703663079772,-0.0959912931975629,-0.0405316011565268,0.119384147405416,0.06330362859268021,False,0.06441218355494775,0.0,0.0
0.419252,0.2297925526728312,0.0413121483960875,0.0608525492494944,0.24127648791201847,0.07424737441822438,False,0.0689528843957629,0.0,0.0
0.439625,0.3186888310078009,0.2302702165441455,-0.0064371163270848,0.39322815273453493,0.06393096277235312,False,0.07544553194988482,0.0,0.0
0.459704,0.276018311232649,0.0901126980211667,0.0085457403921918,0.2904813869411055,0.054671948136132846,False,0.08098770362112519,0.0,0.0
0.480025,0.0568851218784158,0.000347829357126,0.151967819059724,0.16226600416030745,0.09628623420302614,False,0.08214366618281647,0.0,0.0
0.500253,-0.0866725049511878,0.1420658590652585,0.4021948392285086,0.43526488501659477,0.12513799228451766,False,0.08039045475266385,0.0,0.0
0.52,-0.0926091438405581,0.0358233499901011,0.2357461490749663,0.2558046378216601,0.08090427791532412,False,0.07856170198924434,0.0,0.0
0.539647,0.181787871079158,-0.1805210403050288,0.1375274860200104,0.29077222266799585,0.06023131625657869,False,0.08213328829233654,0.0,0.0
0.560247,0.1463557372467911,-0.1089477491174271,0.0669293980754677,0.19434288818876294,0.10885422970652082,False,0.08514821647962045,0.0,0.0
0.579919,-0.1048128432541772,0.0903336606275079,0.2771456767376072,0.3097670552007375,0.14025623882736912,False,0.08308633822712429,0.0,0.0
0.600047,-0.16856400404306,0.1839596782992995,0.228200259188597,0.3381277051540636,0.14092996252749093,False,0.07969348195374557,0.0,0.0
0.619793,-0.1305581564784314,0.0754988541588016,0.1034481384182939,0.18288528247114108,0.13426387852657914,False,0.07711548059592245,0.0,0.0
0.640071,-0.1481937068596633,-0.0981251291365342,-0.0279221689049649,0.17991543357151638,0.12889813859788665,False,0.07411040860822221,0.0,0.0
0.660458,-0.038672698006339,-0.1093891086549992,-0.0988407189108802,0.15241732965199314,0.13328251532365376,False,0.07332198831396698,0.0,0.0
0.680539,0.016286390068366,-0.0855159241854617,-0.1218147320876994,0.1497232404950901,0.16274015613240636,False,0.07364903531292984,0.0,0.0
0.700175,-0.0755485429062699,-0.1271249065997445,-0.0578815686864579,0.15880365300225122,0.14475016756466985,False,0.07216556412442232,0.0,0.0
0.720824,-0.155073085367359,0.0416441089876603,0.0409236647303963,0.16570045248488074,0.12263771162248585,False,0.06896345998467172,0.0,0.0
0.740352,-0.0949149421110761,0.2251729816327344,0.0914516338193269,0.2609120909838195,0.09933103822572278,False,0.06710996099512663,0.0,0.0
0.760819,-0.039058496067107,0.1395433802964069,0.1000700918222783,0.17610208510091827,0.05494384865478573,False,0.06631055075612115,0.0,0.0
0.780709,-0.0367513059972675,-0.0039329570710189,0.0053125971143508,0.03734100068191366,0.04514664001894272,False,0.0655795672798355,0.0,0.0
0.800475,-0.0433068405752801,-0.094780635148031,-0.0057484535228873,0.10436424654823936,0.06311208158506579,False,0.06472356426902451,0.0,0.0
0.820665,-0.040752843048385,-0.0770268948855278,-0.0229125615333352,0.09010506216773463,0.07689319607741638,False,0.06390076436787762,0.0,0.0
0.8409,-0.205624859133787,0.02363828186596,0.0128137596305677,0.2073753685933657,0.08094339986064338,False,0.059739945343305435,0.0,0.0
0.861094,-0.1340855482199388,0.0035448978298396,0.1503084814138358,0.20145505733785624,0.08945766094639408,False,0.05703222178255198,0.0,0.0
0.880796,-0.0389076434236947,0.113432296220215,0.2005782627877259,0.2336928112833555,0.0784125351968676,False,0.05626566339181835,0.0,0.0
0.900932,0.0801088828600722,0.1742059278171844,0.1507723678123742,0.24392098166308834,0.057545170301251176,False,0.057878735857088755,0.0,0.0
0.921063,0.2661348434732237,0.2149831673512118,0.2054129334507575,0.399048857138724,0.1238868947548529,False,0.06323629639104822,0.0,0.0
0.941355,0.0448266878438924,0.10962983938971,0.075394533207838,0.14040110136781395,0.16257384844125453,False,0.06414591954077649,0.0,0.0
0.961227,-0.1603440042493647,-0.0466724538316312,0.1280173627394241,0.21042091818101955,0.1559456853202422,False,0.06095956348833311,0.0,0.0
0.981014,-0.1096841193864418,0.0152560269134418,0.1877470754793844,0.21797320191671393,0.11424515183586567,False,0.05878924381803359,0.0,0.0
1.001414,0.181161914788858,0.2007877963611095,0.1955071705589315,0.33370410887112995,0.15502256263524997,False,0.06248494687972629,0.0,0.0
1.020894,0.2145619552137619,0.0738608609572799,0.0686658175250904,0.23708069070021712,0.24170059579570755,False,0.06666461376729035,0.0,0.0
1.041316,-0.1845869783850842,-0.1719486149619553,0.0614586034109976,0.25964560213856996,0.24953574455376126,False,0.06289497849471018,0.0,0.0
1.06126,-0.3243238723801896,-0.1467892222516964,0.1472290534617926,0.38523946338374376,0.168956663085538,False,0.05642666318395962,0.0,0.0
1.081562,-0.2340915234658247,-0.0079650700731711,0.2111525722394045,0.31535328199201956,0.08540588612619156,False,0.05167413707455649,0.0,0.0
1.101316,-0.155404752895791,0.0211166799516739,0.2142850396945785,0.26554590870825023,0.061712194629586783,False,0.04860427158585302,0.0,0.0
1.121519,-0.1552358326173893,-0.1660698741975092,-0.0017209570701233,0.22733307840617442,0.08081199105330841,False,0.04546804205948391,0.0,0.0
1.141454,-0.1282735705941875,-0.2495369371371445,0.0589752537290593,0.28670694526149193,0.033469518640099984,False,0.042910908429688775,0.0,0.0
1.162623,-0.101615606972633,-0.0013621535058128,0.1329962374674362,0.1673785715767843,0.03313357593137209,False,0.04075980764568511,0.0,0.0
1.181554,-0.0967351502966923,0.0304755181219961,0.1439367209604984,0.17608016966310583,0.04812260834576613,False,0.03892851451541843,0.0,0.0
1.201809,-0.1126496319581176,-0.0286116200676289,0.0208484931302734,0.1180814297381123,0.08304835971288055,False,0.03664679622010677,0.0,0.0
1.221686,-0.0032456225286723,-0.0796827065841703,-0.0355700556751834,0.08732179942553434,0.07672564110517423,False,0.03658228298110435,0.0,0.0
1.241835,0.0020255635135885,-0.0177467453032053,0.0185498396006575,0.025751629572020127,0.04296060495384114,False,0.036623096060339644,0.0,0.0
1.261915,-0.0093698816597367,0.0611043800849207,0.0510764568004944,0.08018942815092707,0.03560859032593119,False,0.036434948836612135,0.0,0.0
1.282155,-0.0112843963525586,-0.0649808658367679,-0.0371304212910033,0.07568697847836878,0.04160136387187324,False,0.03620655265443635,0.0,0.0
1.301881,0.0521047369286736,-0.1729300429824994,-0.0982509695592952,0.2056038822485532,0.035096745732332506,False,0.03723437069509137,0.0,0.0
1.32203,-0.04200947017004,0.0129384099723478,0.0561337055232087,0.07129650014093497,0.04349205602176103,False,0.036387921880635235,0.0,0.0
1.341766,0.0522344705766103,0.1506553686392183,0.0927392226357266,0.1844614957960506,0.04425689114702929,False,0.03741882139193521,0.0,0.0
1.362681,0.0369157358697651,0.0119895621799327,-0.0162293391243437,0.042070329265239736,0.023412488739986616,False,0.03819091400765135,0.0,0.0
1.38255,-0.0572374521160318,-0.0221747276867092,0.0752453130002166,0.09710665065388316,0.024150296085141482,False,0.03705366307155792,0.0,0.0
1.402315,-0.0939009815828775,-0.0067223764609385,0.082216672871807,0.1249886634284094,0.019210597960500866,False,0.03519771017057234,0.0,0.0
1.422201,-0.1545835415495012,-0.0321764000730179,0.0399090122467988,0.16286227708760678,0.03942775455183822,False,0.03212366186331895,0.0,0.0
1.442222,0.1286484143133456,0.0079559973033301,0.1310438097968482,0.18381020778101892,0.04234372683172798,False,0.03469933176628642,0.0,0.0
1.462659,-0.0068325776067116,0.0796872428787199,0.1856670268118332,0.20216079154848454,0.014787439163019403,False,0.03455969437773806,0.0,0.0
1.482903,-0.0125438359296703,0.0061966070264076,0.1664660249798899,0.16705293541592,0.02678747515164503,False,0.03430575696317781,0.0,0.0
1.50249,-0.0377794685391964,-0.032216386122939,0.0796151898675674,0.0938283658366447,0.02302717694377667,False,0.033565770512900564,0.0,0.0
1.522395,-0.0532713248804988,-0.1211554496900171,0.0147326928694973,0.13316729810017494,0.057726003785122694,False,0.03250540479115424,0.0,0.0
1.542577,0.0052451813658528,-0.0178229126424564,0.0332113926611068,0.03805475982201885,0.04801001529889362,False,0.032611263041479883,0.0,0.0
1.562633,0.1424730574461681,0.0132590198959693,0.0489219103525773,0.15122078897825666,0.06391080820956656,False,0.03546870268162021,0.0,0.0
1.58268,-0.0128588260438805,0.0629144275294303,0.0807854081815211,0.10319814326642555,0.027865658022016994,False,0.03521092179591853,0.0,0.0
1.603135,0.0501637840072417,-0.0339435911270438,0.0615839604343104,0.08637798786322726,0.027106162269860335,False,0.03623702199778665,0.0,0.0
1.622812,0.0435277093213471,-0.0706837650877344,0.0200083405405475,0.0853884641911788,0.04223846230629141,False,0.0370935167341028,0.0,0.0
1.642685,0.1793089794935086,-0.0903203612231506,-0.0548868863388918,0.20813949185693312,0.015928942463327562,False,0.0406569240835773,0.0,0.0
1.662978,-0.0128968684548189,-0.0172948605562832,0.0269281736765414,0.03450460773804218,0.048076814661539305,False,0.04039520793202366,0.0,0.0
1.683201,-0.1675053269739432,0.2051052698601964,0.176649061727101,0.31832545813700913,0.03941848638646593,False,0.037007747704629626,0.0,0.0
1.703184,-0.0687094502454951,0.0758507999881635,0.1534501449897902,0.184448582020221,0.05384268243689202,False,0.035634726760373894,0.0,0.0
1.723076,0.0640520796896941,-0.0295080426210813,0.0705578557865873,0.09975873147300604,0.05067565624636745,False,0.03690885072956129,0.0,0.0
1.742976,0.0368232587331562,-0.0144262043041186,0.0596949752450584,0.07160696770469525,0.03199865397169075,False,0.037641633578351104,0.0,0.0
1.763745,-0.0003201622914575,0.0366940083489472,0.0921661668995792,0.09920259610295774,0.010961606725293515,False,0.037634984127719824,0.0,0.0
1.783477,0.0032911113541283,0.0308799460044474,0.1442215348940436,0.1475271283743322,0.01257883182175515,False,0.037699924336959484,0.0,0.0
1.803384,-0.058340657721043,-0.0034385711923272,0.13833013854771,0.1501688494521991,0.011797936472112401,False,0.03653853686370667,0.0,0.0
1.823738,-0.0740094551978346,0.0966980217564854,0.1427242439236558,0.1876116112448193,0.0212055042618656,False,0.035032148412609945,0.0,0.0
1.843576,-0.0181936161128464,-0.0131707706652451,0.1025480079561269,0.10497890646671822,0.034712109558481176,False,0.034671223456163296,0.0,0.0
1.86401,-0.0480436327282931,-0.0839859761940483,0.1369493592583222,0.16768113144973518,0.024227539619201946,False,0.03368949986499336,0.0,0.0
1.883923,0.0336079169342952,-0.1115028053590693,0.0683394420902008,0.1350283193585882,0.03456066679044257,False,0.034358734314905985,0.0,0.0
1.903773,0.0382977933664098,-0.0413478904622412,-0.02291211239217,0.06083858904252423,0.016906745221952096,False,0.035118945513229215,0.0,0.0
1.923819,0.0523628891740253,0.1253264535899829,0.0173628266999497,0.13693085803830296,0.01453371308372365,False,0.03616861198961173,0.0,0.0
1.943644,-0.0555689322508059,0.1833041172774059,0.1177216870153436,0.2248259354168957,0.036381333373036236,False,0.035066957907739504,0.0,0.0
1.964179,0.0866403081154115,0.0129310150527299,0.0347868180655321,0.09425432006943658,0.047667352747976253,False,0.03684611663488948,0.0,0.0
1.984461,0.0528377838830581,0.0564604038178658,0.0285649739070077,0.08243522511194629,0.032057773191536555,False,0.03791777256760567,0.0,0.0
2.00418,0.195888095272109,-0.1354923608335396,-0.1015695605749193,0.25893377792200684,0.04774495396374365,False,0.041780489918276355,0.0,0.0
2.02386,0.0298906916629212,-0.1930319294498318,-0.0375341188314752,0.19890598108570787,0.06440258089548896,False,0.04236873873020265,0.0,0.0
2.044552,-0.0648613429174404,0.0577433292353712,0.0406428522751536,0.09588079743774677,0.06943500824512085,False,0.04102662782255498,0.0,0.0
2.064526,-0.2174276551154921,0.0897089578197472,0.1699272088220311,0.29016846593000545,0.03381877546570839,False,0.03668372783927815,0.0,0.0
2.084638,-0.1772315249647413,0.0707736240410982,0.1354396504577675,0.23401670499637556,0.03688029732797717,False,0.03311924740918725,0.0,0.0
2.10515,0.0891463624232549,-0.1998812655343727,-0.0272116386146112,0.22054493311117557,0.08554301630174142,False,0.034947817595213065,0.0,0.0
2.12441,0.104040295942856,-0.1448151714560118,-0.1004215939684893,0.20464680207343403,0.04061710927675676,False,0.036951633695072476,0.0,0.0
2.144117,0.0292288732076703,-0.0777162405160424,0.0101512954300808,0.08364920721588577,0.05383977150768751,False,0.03752764709937603,0.0,0.0
2.165205,-0.1519781636277532,0.0865187131786989,0.1177532108732197,0.2108285289535433,0.053693904737875046,False,0.03432273158479401,0.0,0.0
2.184633,-0.105254196654903,0.0853650760783523,0.1899455844346711,0.23333445346446513,0.02903357496072435,False,0.03227785305218255,0.0,0.0
2.205434,0.0076839990372642,0.0634054411273316,0.1780475684010998,0.189156629329507,0.03895172011606163,False,0.032437687916156685,0.0,0.0
2.224349,0.0256103320160297,0.055675679487676,0.1521781911166346,0.1640544794996975,0.051261713461412894,False,0.03292210734623989,0.0,0.0
2.244632,0.0929585939487056,0.0820862352398232,0.1155776515889996,0.16952180907362951,0.05136380718949872,False,0.034807586507301494,0.0,0.0
2.265494,0.2020582685223927,0.0808744501162946,0.1280706991452458,0.2525278688371492,0.08300831230665999,False,0.03902292610521559,0.0,0.0
2.285127,-0.0349510864147359,0.1526290189934767,0.1839086833384353,0.2415359180075673,0.1128534000462547,False,0.038336731425635075,0.0,0.0
2.304922,-0.1285713366957487,0.1698471804541378,0.2326962827263941,0.31547775408518736,0.11729444156480733,False,0.035791661815742754,0.0,0.0
2.324827,-0.0360416918906355,0.0476178687083848,0.0644603567264017,0.08787264969240108,0.12454908209216156,False,0.03507425193865965,0.0,0.0
2.344905,0.1243366757845492,-0.1256831772036562,-0.00746835669052,0.17695097153961767,0.13947836407486286,False,0.03757068371506181,0.0,0.0
2.365861,0.1370546524240437,-0.014243263391894,0.0913022504999396,0.16529654941794766,0.1625969752885951,False,0.040442801011260125,0.0,0.0
2.385159,0.156561834583461,0.2172469724895951,0.1362140478073055,0.3004365522437055,0.23632600820265212,False,0.043464131295051694,0.0,0.0
2.405466,0.0481853822266438,0.1485332640526394,0.1423166579204444,0.21127705202435887,0.2713581170114504,False,0.04444263185192816,0.0,0.0
2.425126,-0.0456178437233569,0.0171496540762164,0.1191208928542497,0.12870464410927887,0.28815580959786324,False,0.04354578504432697,0.0,0.0
2.445461,-0.0708835365549113,-0.002161680310027,0.0831739517857741,0.10930258401317179,0.27428195507178377,False,0.04210436832848286,0.0,0.0
2.466277,-0.093739297511735,-0.1295031581829704,0.0183861548672155,0.16092288391698134,0.25838533427034904,False,0.04015309111147859,0.0,0.0
2.486457,-0.0685636716736591,-0.1403845552664747,0.0697888137898221,0.17111189017987521,0.25010122731606094,False,0.03876947621710413,0.0,0.0
2.505572,0.0804014766124354,0.2478498595867275,0.3796825864319224,0.46049192911304615,0.3131340746213992,False,0.04030635044255081,0.0,0.0
2.525717,0.1197384791547488,0.3864542476136644,0.3807901754348126,0.555594588343525,0.40031323246178113,False,0.042718482105123266,0.0,0.0
2.54556,-0.0702624196401472,-0.1171411070789634,0.1729709729492441,0.22040372969707533,0.44823434801897993,False,0.04132426491220384,0.0,0.0
2.566577,0.0099780028615085,-0.2359929499343938,0.1979885305602451,0.3082072211893269,0.46721652280928594,False,0.04153397259834416,0.0,0.0
2.585897,0.5724762941068074,0.5769511527359121,0.6195680006410935,1.0219913147262865,0.6837050872130468,False,0.05259421460048769,0.0,0.0
2.605971,0.2914822689946572,0.719274452684446,0.7973504068692314,1.1126928249779056,0.8396893919855127,False,0.05844542966828635,0.0,0.0
2.625848,-0.2799037323851245,0.0635237050772489,0.4586465019548615,0.5410526538751061,0.9145812119358238,False,0.05288178317966719,0.0,0.0
2.645958,-0.313023873351596,-0.1059792896082089,0.4974137534509797,0.5971900846766368,0.9376479455664584,False,0.046586873086566644,0.0,0.0
2.667067,-0.1166207647216351,0.2275201591124911,0.8022171249211283,0.841972767423955,0.9958752042409732,False,0.044125125364057646,0.0,0.0
2.686536,-0.0446158944691696,0.062512450914215,0.5803700533461242,0.5854295716647472,1.1028012399326543,False,0.043256498514637386,0.0,0.0
2.70665,-0.3027841947196649,-0.1509781274444155,0.5945552285551052,0.6840822928134243,1.1506763074509703,False,0.037166297222046056,0.0,0.0
2.726243,-0.1424329014101054,-0.2931671788423553,0.5082310703904884,0.6037656391885414,1.2113770912469823,False,0.0343756093847178,0.0,0.0
2.746293,-0.1666162345464948,0.6542009914169031,1.5384766058541874,1.6800744547626252,1.4625131815874346,False,0.031034953882060595,0.0,0.0
2.767323,-0.6094508013433877,1.2508888355172012,2.03748887812987,2.4672888129650716,1.8085208103671353,False,0.018218203529809088,0.0,0.0
2.786773,0.0969269949913316,-0.577369525541119,0.6993415622347907,0.9120466172573769,1.9210868872588767,False,0.020103433582390483,0.0,0.0
2.806488,-0.4746903025428416,-1.4507677635838627,0.0229025238893925,1.526624548729268,1.8545613129292868,False,0.0107449142677585,0.0,0.0
2.826537,-1.23854203168372,-0.0650902997445702,1.5289847754383086,1.9687604107382415,1.8648722319295763,False,-0.014086614925468654,0.0,0.0
2.84661,-1.1636420604492452,0.8314685228672078,2.061583277007907,2.509089148955095,2.0398533912087897,False,-0.03744440200486636,0.0,0.0
2.867617,-0.0931527151661141,-1.1955809808216225,0.5371950719421594,1.3140281029582868,2.126082249051527,False,-0.03940126109236092,0.0,0.0
2.88698,-0.5331634156558728,-1.516870377552366,0.0347425737374944,1.6082182739042605,1.976822475051819,False,-0.04972490430970547,0.0,0.0
2.90686,-1.351844824324243,-0.451672685408044,1.4069626091142506,2.002757206263789,1.9000325145033703,False,-0.07659957941727158,0.0,0.0
2.927203,-0.8883372603581553,-0.8281371702128876,0.3992840450123793,1.2784295089797832,1.93307317088671,False,-0.09467102430473753,0.0,0.0
2.946939,0.3249476310038293,-1.966607692618552,-1.567653060020186,2.5358771453191733,1.8156201322173646,False,-0.08825785785924596,0.0,0.0
2.967965,-0.0521110916372194,-1.408091960592331,-0.6998093101155458,1.5732678112390064,1.5102866655923306,False,-0.08935354567201013,0.0,0.0
2.987325,-0.8268079002395669,-0.4964179981353336,0.6144411551930702,1.143494672469552,1.39332915435406,False,-0.105360546620648,0.0,0.0
3.007331,-1.1317180187420184,-0.7360709096840465,0.5903406677674639,1.47346128624019,1.450946470017416,False,-0.12800169730360128,0.0,0.0
3.027107,0.3308740866403451,-0.9689282308101884,-1.7154500928430991,1.9977659018780058,1.4751470954525177,False,-0.12145833136620188,0.0,0.0
3.047338,1.006661655629355,-1.0773719209389825,-1.9272950905660813,2.4266364192153524,1.1547469869274394,False,-0.1010925594111645,0.0,0.0
3.067144,-0.0737368689264729,-0.4613237593993333,-0.6487209847703923,0.7994345832567424,0.914042900897436,False,-0.10255299183712223,0.0,0.0
3.087653,-0.9365934542355868,-0.3205056872563753,-0.1402010977326568,0.9997937496734373,0.8251832794288795,False,-0.12176158699003999,0.0,0.0
3.107316,-0.138080593530698,-0.3994034971527282,-0.5331626442010258,0.6803321314027795,0.8919741623802788,False,-0.12447666570063409,0.0,0.0
3.127532,0.618909917451764,-0.3810398877933713,-1.265125856421422,1.4590354055319463,0.7652155924319629,False,-0.11196478280942923,0.0,0.0
3.147868,0.0498269746523601,-0.4783580832781229,-0.5037559567555583,0.6964763077142211,0.5610393515200159,False,-0.11095150145289884,0.0,0.0
3.168677,-0.2446348390203799,-0.2443008130473005,0.1783258647733561,0.3890105471131401,0.6027907273789138,False,-0.116042107818074,0.0,0.0
3.187841,0.252006955054215,-0.4019344533508791,-0.230876002152863,0.5276007378276265,0.6705353090762634,False,-0.11121264653141504,0.0,0.0
3.207945,0.4463157845096753,-0.3413136982519203,-1.184792538768745,1.3112689198021046,0.5465944576283224,False,-0.10223991399963257,0.0,0.0
3.227707,0.2400312180368254,-0.4033112439595943,-0.9873428753151644,1.0932158517749795,0.43179912675224347,False,-0.09749641706878881,0.0,0.0
3.247898,-0.0730097605172357,-0.4136889474117597,-0.2472842419502914,0.4874612463143753,0.3353887794813655,False,-0.09897055714339233,0.0,0.0
3.268939,-0.2550501029754646,-0.4650513347531136,-0.102490952687452,0.5402107869769255,0.28465203058471233,False,-0.10433706636009904,0.0,0.0
3.288356,0.0559421902714784,-0.3933935000856683,-0.2182291386352375,0.45333423818580115,0.33994015109427717,False,-0.10325083685159775,0.0,0.0
3.308004,0.4148023286310405,-0.2701075612395321,-0.4686049257201148,0.681622801031227,0.25124170824327713,False,-0.09510080069865502,0.0,0.0
3.328079,0.2163979620553865,-0.2389427837403847,-0.0647871498212282,0.32881469958821335,0.15864331005749976,False,-0.09075661161039317,0.0,0.0
3.347953,0.0015917430869531,-0.2165443232877903,0.3399472980868481,0.40306096694020155,0.2202508978528805,False,-0.09072497730828306,0.0,0.0
3.369366,-0.0792710571931582,-0.2921488096778944,0.0722477205266347,0.31121465361712364,0.25117967816883596,False,-0.09242240845596016,0.0,0.0
3.388375,0.1102244550700238,-0.3378070223301714,-0.4671404745425853,0.5869269441650573,0.22599921745218501,False,-0.09032715178953407,0.0,0.0
3.408556,0.2629758728708327,-0.3372236186358899,-0.6475369114068812,0.7760026612792147,0.10904442039370929,False,-0.08502003569912779,0.0,0.0
3.428181,0.0593570076319766,-0.3231503412626706,-0.1666036741517711,0.3683831994731472,0.05809981234909455,False,-0.08385515442435025,0.0,0.0
3.448519,-0.0395456008470735,-0.2587325653448956,0.2623747376781029,0.3706034240100326,0.03785838883259561,False,-0.08465943285437803,0.0,0.0
3.468295,-0.017703544933545,-0.1958303270749489,0.2569364470578215,0.32354175979646305,0.1284896891777702,False,-0.08500953815898382,0.0,0.0
3.488567,0.2953146215234617,-0.0754801118555467,-0.1263604306258905,0.3299620150854213,0.14788726181115125,False,-0.07902292015146012,0.0,0.0
3.508526,0.0430907957876127,-0.1643889074829866,-0.1785926050418993,0.24652758093307026,0.06402477406441978,False,-0.07816287095833517,0.0,0.0
3.528673,-0.1165407366152476,-0.2518681718824163,0.0914505695737357,0.29220288495080876,0.09149533838398544,False,-0.08051081717892258,0.0,0.0
3.548614,0.0576528789758929,-0.2015534414370419,0.1572082499483578,0.2620344978455115,0.05962792812935898,False,-0.07936116111926429,0.0,0.0
3.568882,-0.0266223326435842,-0.1987120663820921,-0.0622995857718713,0.20994397421353483,0.12032174571123874,False,-0.07990074255728445,0.0,0.0
3.589136,0.0212138398230133,-0.1803428147574412,-0.1016318989077174,0.20809276948097383,0.08063890997527186,False,-0.07947107744550914,0.0,0.0
3.60905,0.0414474865566425,-0.1791889535901702,0.0503396856408144,0.1906847114506542,0.029492880988469066,False,-0.07864569219822017,0.0,0.0
3.628827,-0.0995059757602273,-0.1813941160289584,0.387470910169025,0.4392481881227682,0.014686441468238654,False,-0.08061362188083017,0.0,0.0
3.649163,-0.0693402759631028,-0.1588445550173851,0.2578357229526293,0.31067495322252053,0.08183370837252825,False,-0.08202372573281586,0.0,0.0
3.66884,-0.0891285575088461,-0.1758439738542725,0.0010913424287988,0.19714510882283298,0.12415018900106435,False,-0.0837775083589174,0.0,0.0
3.689356,-0.0251330352420827,-0.1880421291173017,0.1063240859429583,0.21747717819360568,0.07374305209984193,False,-0.08429313770994397,0.0,0.0
3.709156,0.02638402245531,-0.063289980645164,0.1835323204195393,0.19592307401010217,0.06354727076751605,False,-0.08377073406532883,0.0,0.0
3.729332,0.0569520033976355,-0.0892072282052936,0.0942578445258952,0.14172509132028616,0.07071255468444058,False,-0.08262167044477814,0.0,0.0
3.749289,-0.0053668425387809,-0.1644703812038631,-0.1301289956156743,0.2097924326378916,0.05830486707814366,False,-0.08272877652132458,0.0,0.0
3.769361,-0.0879994710771331,-0.1614342656023732,-0.119851512348676,0.21947508749900885,0.03559356448854203,False,-0.08449510190478479,0.0,0.0
3.78949,0.0745209072228996,-0.0627503000902141,0.0016132485801332,0.09743494417157139,0.01818317903998088,False,-0.08299507056329505,0.0,0.0
3.809853,0.0480680634094167,-0.093313480259156,0.1904556173966618,0.21746559846548424,0.040413610492011226,False,-0.0820162605880891,0.0,0.0
3.829731,-0.1148075652239392,-0.1478670639633182,0.2459818638344497,0.3091157113012065,0.035703181076761216,False,-0.0842984053696106,0.0,0.0
3.849662,-0.0808077126912264,-0.1371376720158067,0.0008796399779118,0.15917726371185523,0.0783646926108946,False,-0.08590898389125941,0.0,0.0
3.869644,0.2206468289357155,-0.0427684043324518,-0.1722585342432356,0.2831733782476011,0.04079986089437071,False,-0.08150001895546591,0.0,0.0
3.889785,0.1650533441144416,-0.005997238312407,-0.0369853705234461,0.1692527426764266,0.02395605937962252,False,-0.07817567955165698,0.0,0.0
3.909749,-0.0124833021673341,-0.0934531225481965,0.076098422952068,0.12116224214994138,0.03459921198524614,False,-0.07842489619612564,0.0,0.0
3.929879,-0.1070249135242733,-0.1368751796660417,0.0714364288560407,0.1878624770708444,0.01947127129901897,False,-0.08057930770536925,0.0,0.0
3.949891,0.0740580925470204,-0.0577390491922596,0.1277735685836099,0.1585701223494504,0.02547377463196218,False,-0.07909725715731829,0.0,0.0
3.970106,0.1321695771655798,-0.0873796955118717,0.0962449686330213,0.18538366244911342,0.038099746062145876,False,-0.07642544915491611,0.0,0.0
3.990234,0.0568705147954819,-0.1465884929848981,-0.0995496430595093,0.18609828898182365,0.048018159492008855,False,-0.07528075943311265,0.0,0.0
4.010059,0.067448413867163,-0.172930198242417,0.0077347481982652,0.18577935387724956,0.05638851228752183,False,-0.07394359462819614,0.0,0.0
4.030466,-0.0895772687295387,-0.1313446821470509,0.3512682424908604,0.3855708635049746,0.05690597835904414,False,-0.0757715979511598,0.0,0.0
4.050009,-0.0528358630826769,-0.0178451958138794,0.3700713036541323,0.3742497150694922,0.01882816435556053,False,-0.07680416922338458,0.0,0.0
4.070205,0.2380283165653406,0.0465410969458368,0.1203246208919264,0.27074262240112396,0.058311782960221686,False,-0.0719969493420311,0.0,0.0
4.090497,0.1585283969924911,-0.0375201721136758,-0.0653606048395012,0.17553069427719514,0.05893837899026406,False,-0.0687800911102594,0.0,0.0
4.110405,-0.1600642357252817,-0.157936520195665,-0.0298134941287795,0.2268333053191286,0.04554956664996935,False,-0.07196664991507831,0.0,0.0
4.130463,-0.1692013636881141,-0.2234303448436985,0.1840990962056157,0.3353247645113854,0.04366762452893448,False,-0.07536049086793445,0.0,0.0
4.150508,0.0667155247964821,-0.0664194844582666,0.3229512312084992,0.3363926380045459,0.10327935558958529,False,-0.07402317817338892,0.0,0.0
4.170591,0.2462431728899161,0.0992405904369329,0.1015023079497741,0.28423073990034037,0.12329607498213395,False,-0.06907787653224083,0.0,0.0
4.190542,0.0485553327815267,-0.021046313425907,-0.055704570228686,0.07683467182664949,0.12031444569128015,False,-0.0681091490879166,0.0,0.0
4.210842,-0.2349041577268963,-0.0787905879469021,0.0434783450233968,0.2515517572039095,0.0762995645859136,False,-0.07287770348977275,0.0,0.0
4.230451,-0.086230660050258,-0.0661524100529438,0.1681165760189173,0.2001875401238558,0.05241361355602188,False,-0.07456860050269826,0.0,0.0
4.251206,0.039571342763419,-0.0464687947900353,-0.0275263349990666,0.06695475469165162,0.08031916359748774,False,-0.07374729728364351,0.0,0.0
4.270719,-0.016571541925309,-0.1137734139359132,-0.1258622351319367,0.1704708419431952,0.05700755107878254,False,-0.07407065778123206,0.0,0.0
4.290946,-0.1649165656697718,-0.1490632720756164,0.1625903019287662,0.2754141227233795,0.020204337009662062,False,-0.07740642515503457,0.0,0.0
4.310805,-0.0309621437820054,-0.0598887842555982,0.1001128585517783,0.12069757774951216,0.03695090507687194,False,-0.07802130236840142,0.0,0.0
4.330991,-0.0276253264559054,-0.121817537167365,0.0058878887250468,0.12504934328878434,0.006774604637910614,False,-0.07857894720824032,0.0,0.0
4.35104,-0.1064871749097911,-0.0873870113425156,0.2731547331738095,0.30592403702046767,0.02519352214359874,False,-0.08071390857800675,0.0,0.0
4.371122,0.0340618790579391,0.0090360916997146,0.2518208421423971,0.25427465287650947,0.03258832160452575,False,-0.08002987792276524,0.0,0.0
4.391215,0.1490292114072265,-0.0126662702239828,0.0189569310055528,0.1507630773339283,0.03910938346484128,False,-0.07703543397795981,0.0,0.0
4.411133,-0.0115811831842997,-0.0654106370839748,-0.0611135203276109,0.09026371150419794,0.027051286956446267,False,-0.0772661079846247,0.0,0.0
4.431154,-0.184968400903418,-0.1512018668295996,0.1096908265091443,0.26288284707409637,0.03055544026846938,False,-0.080969360339112,0.0,0.0
4.451549,0.0645303969190644,-0.0482060879000248,0.328368846340501,0.3381036797849862,0.04432472199574409,False,-0.07965326289394771,0.0,0.0
4.471648,0.0537804537258062,-0.0037595879682942,0.1633233663918467,0.17199126057509526,0.06426018672553013,False,-0.07857232955451272,0.0,0.0
4.491443,0.207350469381465,0.0196900318445297,-0.194348601890427,0.2848741714573579,0.06140880129916232,False,-0.07446782701310657,0.0,0.0
4.511422,0.1044596939176808,-0.0499442841500258,-0.1633907119956834,0.20025679498856072,0.01970916571039982,False,-0.0723808267883253,0.0,0.0
4.531599,-0.1529397886900024,-0.1237280287064474,0.0624556790095827,0.2063974706547396,0.035801660925158206,False,-0.07546669290472353,0.0,0.0
4.551494,-0.0368298887062098,-0.0655755083295238,0.1994876804898719,0.2131945652731712,0.03414826417257545,False,-0.07619942354053358,0.0,0.0
4.571821,0.1498939182289127,0.0219807039025375,0.1320477702468849,0.20096753890427455,0.05019835380766983,False,-0.07315252986469448,0.0,0.0
4.59176,0.2287566697109288,0.0367206178465034,0.0330176233455681,0.2340260266800548,0.03720802139324262,False,-0.06859135062732828,0.0,0.0
4.611988,0.0453789256825438,0.0156391673244522,0.0676787622002752,0.08297135230707914,0.022905369457836736,False,-0.06767342571862177,0.0,0.0
4.631779,-0.0917304579979241,-0.0723325726619415,0.1187081192494439,0.16654757749107058,0.04375279513356832,False,-0.06948886321285866,0.0,0.0
4.652119,-0.0293583629325357,-0.0804167322248917,0.1822075707565673,0.2013165744215262,0.02852149478901833,False,-0.07008601231490644,0.0,0.0
4.671828,0.0334387132960764,-0.033448603769737,0.1765200150679202,0.18274647017280754,0.02920681281824499,False,-0.06942696871455407,0.0,0.0
4.69259,0.0502421240194612,-0.0344561341412585,0.1084753920497476,0.1244122457248231,0.03722255962450729,False,-0.068383841735662,0.0,0.0
4.712869,0.0793330613832797,-0.0782952648113498,0.0198318161571684,0.11321300301826791,0.016172966332741807,False,-0.06677504658387044,0.0,0.0
4.732107,-0.0303035184297082,-0.0502785108823514,0.0705494599116196,0.09177939953817313,0.013115931876919765,False,-0.06735802567142116,0.0,0.0
4.752094,-0.0882467735692437,-0.0901065994380669,0.152418795542685,0.19783372195446464,0.012593128761352358,False,-0.06912181393474959,0.0,0.0
4.772221,0.0161443215215565,-0.0350426424908475,0.2911855669624366,0.2937305913883816,0.03353604835099091,False,-0.06879687717548522,0.0,0.0
4.792494,0.0630605447660524,0.0075284869606958,0.0388981771427108,0.07447401296515702,0.055602023353471586,False,-0.06751845075144307,0.0,0.0
4.812479,0.116381952328435,-0.084868327332271,-0.1681741624881318,0.22142705512321698,0.04318226402123909,False,-0.06519255743415928,0.0,0.0
4.83258,-0.0319559733273569,-0.05703998878724,-0.0548196021243132,0.08532252533308667,0.026096547549436494,False,-0.0658349044540125,0.0,0.0
4.852458,-0.1401724013306758,-0.0958869966334079,0.1437627451379306,0.22250920229908877,0.040043275003425985,False,-0.0686212514476637,0.0,0.0
4.872455,0.0128061120892977,0.0058930300046052,0.2370249244169162,0.237443759876573,0.0350387866370969,False,-0.06836516762421402,0.0,0.0
4.892613,0.1979900868213238,0.0561810460195831,0.0906455961119157,0.2248844336672825,0.042185152328751876,False,-0.06437408345406988,0.0,0.0
4.913285,0.0450628280347005,-0.0185032725089125,0.0055969899986276,0.049034231523179844,0.02661304428283243,False,-0.06344254467293654,0.0,0.0
4.932759,-0.0570072970189896,-0.0568984987338801,-0.0521149277568966,0.09593350179518731,0.02661978185485373,False,-0.06455270477508433,0.0,0.0
4.952454,0.0765667140984438,-0.0108678299461641,0.0244192470235891,0.0810979103354127,0.02727115608110518,False,-0.06304472334091545,0.0,0.0
4.972689,-0.0387688877114038,-0.0666826453229654,0.1869641235880585,0.20225030370978098,0.013467294605821913,False,-0.06382921178375568,0.0,0.0
4.992747,-0.0548135078224702,-0.0798490587551426,0.1650056533238011,0.1913302340266709,0.013577184207338427,False,-0.06492866112365878,0.0,0.0
5.013115,0.2176946345748743,0.0442092945008726,0.105776587504037,0.24603679014926233,0.02293765016299621,False,-0.06049465680663765,0.0,0.0
5.033125,0.1160117760212107,0.040014096097765,-0.0631830018459727,0.13802880780614213,0.035765658528817836,False,-0.05817326116845322,0.0,0.0
5.053161,-0.1222140801776114,-0.1179736434278713,0.0804029417358673,0.18793268735663687,0.045389357012409856,False,-0.06062194247889186,0.0,0.0
5.073106,-0.0900583633467241,-0.0682844251346233,0.3956137411617444,0.41144076574963767,0.03047572050009647,False,-0.06241815653584226,0.0,0.0
5.093468,0.0755835420570036,-0.0091337842306491,0.2964828766099625,0.3061019339487634,0.05395295041978705,False,-0.06087912445247759,0.0,0.0
5.113285,0.2413057959766615,0.0269326102493526,-0.1235561674063063,0.27243343989112073,0.05916905964268826,False,-0.056097167493607936,0.0,0.0
5.133631,0.186042306884261,0.081839916423445,-0.1794433261263375,0.27112620522977326,0.0346904700746473,False,-0.052311950717740766,0.0,0.0
5.153235,-0.0302331025601296,-0.0010597209450302,0.0606726796962977,0.06779629459212491,0.0633206427478433,False,-0.05290464046032953,0.0,0.0
5.173573,-0.2662351550120105,-0.0860157936882513,0.2780193489967875,0.3944295031367286,0.030408513117217685,False,-0.05831933104296397,0.0,0.0
5.193553,-0.0350266928009338,-0.051074618919187,0.245286378321671,0.2529839783394851,0.02813280316641056,False,-0.05901916436512661,0.0,0.0
5.213713,0.1305588211534411,0.0155344994624673,0.0361913777198008,0.13636987305040257,0.050124075712176475,False,-0.056387098530673155,0.0,0.0
5.233508,0.0792071789611541,-0.0709472586015896,-0.0757885780184306,0.13058024069560015,0.0580674865479814,False,-0.05481919242313716,0.0,0.0
5.253733,0.0474185215534557,-0.0122833268534136,-0.0701516455164323,0.08556079519012497,0.06587457537624057,False,-0.05386015282471848,0.0,0.0
5.273598,-0.0425649522583382,-0.0607900359578079,0.0326692043812837,0.08108317055599315,0.15399194902331745,False,-0.05470570560133034,0.0,0.0
5.293858,-0.1152992945441628,-0.0271363039345819,0.2536285824387789,0.2799245686671966,0.09894298550680589,False,-0.057041669308795125,0.0,0.0
5.313915,-0.1657234350731703,-0.0028827910751543,0.2215541922847119,0.27669265898423356,0.06161310196703296,False,-0.060365584246057626,0.0,0.0
5.334022,0.109187544649616,-0.0203540064005248,-0.0870482121224434,0.14111554385282435,0.05975599441897022,False,-0.05817015028578776,0.0,0.0
5.354244,0.0358262380086514,-0.0348669077839853,-0.0085716529434396,0.05072172929280162,0.018254361095365677,False,-0.05744567210077683,0.0,0.0
5.374114,-0.1008230854847328,-0.1161296047900423,0.1302521654637587,0.20153661276143234,0.026968130394968058,False,-0.05944902680935847,0.0,0.0
5.394101,-0.025937832886693,-0.0439228443087741,0.132413760942212,0.1418992301384757,0.01617349510773723,False,-0.05996744627526482,0.0,0.0
5.414371,0.0954559888299765,0.0135046290514351,0.0387557278328056,0.10390489521276638,0.0028658440292521157,False,-0.058032553381681194,0.0,0.0
5.434084,-0.014415249893222,-0.0473115714015755,0.074376314520844,0.08931976477619007,0.022286677006678232,False,-0.058316721202826285,0.0,0.0
5.454202,-0.073257798688944,-0.0464063608068061,0.1512793053610348,0.17437225588550068,0.028482200389014892,False,-0.059790521596850464,0.0,0.0
5.47406,0.0158241780223321,-0.0354905711309425,0.1694000460247107,0.17379977227389296,0.024418991645848116,False,-0.059476285069683006,0.0,0.0
5.494358,0.0087863484710128,0.0119670504803026,0.2009939995063661,0.20154155416245373,0.0335921710670805,False,-0.059297939768418385,0.0,0.0
5.514493,0.0325642388578625,-0.0313270273948484,0.0731085543117338,0.08594575621484306,0.03908551227756904,False,-0.05864225881901533,0.0,0.0
5.53456,-0.0246454580598398,-0.0876813221260903,-0.1021431423037722,0.13685260089763435,0.01807975901388069,False,-0.05913681922590214,0.0,0.0
5.554299,0.049426293850344,-0.0587805183889049,-0.0329013416141172,0.08355002181841595,0.02448041717373297,False,-0.05816119361159018,0.0,0.0
5.575089,0.0856496618930684,0.0310478387866414,0.0921014457495079,0.12954732411311226,0.030695603773178985,False,-0.0563805371408333,0.0,0.0
5.594511,-0.020143140661721,-0.0540070480062156,0.0318460892071641,0.06585347939064577,0.009561937774321688,False,-0.056771757218765234,0.0,0.0
5.614712,-0.0725826138905567,-0.0392308387983689,0.212254452820126,0.22772625517050143,0.0074568127909985776,False,-0.05823799860196838,0.0,0.0
5.634773,0.0505982007934888,0.0032410470970014,0.102309607091465,0.11418379050037328,0.04529444312495739,False,-0.05722294809585019,0.0,0.0
5.654678,0.0433520427490874,0.0097986528667645,-0.1271429743562961,0.13468759830321356,0.02655731106494029,False,-0.05636002568492962,0.0,0.0
5.674606,0.0020443252685142,-0.0267431974754544,0.0001270611241128,0.02682152161127137,0.040891677356156474,False,-0.05631928637097867,0.0,0.0
5.695089,-0.0150682263187528,-0.0189505068204345,0.3355986801818638,0.33647087138852505,0.03219095964708104,False,-0.05662792885066569,0.0,0.0
5.714853,-0.1029417346775702,-0.0419964429894068,0.236708296533159,0.26151772331874507,0.05948060612502196,False,-0.05866246929483313,0.0,0.0
5.735212,-0.023228525772092,-0.0497652254089219,-0.0367692419864695,0.06609174854552646,0.031063760895937893,False,-0.059135378851027154,0.0,0.0
5.754859,0.0745574592378078,0.00079431379104,0.076933932693791,0.10713671481863148,0.0341320048781199,False,-0.05767054844938194,0.0,0.0
5.774997,-0.0352503835337628,0.0129307157569928,0.1342930786061895,0.13944326412843938,0.010598263537013977,False,-0.058380420672984865,0.0,0.0
5.795331,-0.0020716990366619,-0.0073768575893205,0.113046085967861,0.11330546111041886,0.015906487072889476,False,-0.05842254660119635,0.0,0.0
5.815384,0.0521153941238549,-0.0335146446022109,0.1537491404658819,0.16576502617106756,0.027892987003904763,False,-0.05737747660283069,0.0,0.0
5.835501,0.0498764111947517,-0.0199873883397575,0.0297946042930696,0.06143997502679203,0.014887628622450253,False,-0.056374112838825874,0.0,0.0
5.855296,-0.0152241346502434,-0.050455221364905,0.0345566509000647,0.06302115327617584,0.018038143696068064,False,-0.05667547458422745,0.0,0.0
5.875387,0.0292572587811387,-0.0273351553268384,0.0497780082096053,0.06388308077608994,0.018048725744495096,False,-0.05608766699805559,0.0,0.0
5.895464,0.0047697177218068,-0.0147521202292917,0.0737174802950271,0.07533022075802581,0.03038402990059087,False,-0.05599190537535488,0.0,0.0
5.915738,-0.0003445751884709,-0.0270756779520063,0.1088322647877433,0.11215022482122244,0.030087195332898678,False,-0.05599889129272594,0.0,0.0
5.9354,-0.0946267527896215,-0.0175971026724253,0.1415362830036493,0.17116191098623876,0.028166348893670975,False,-0.05785944250607542,0.0,0.0
5.955572,0.1810383716869585,0.0161648160815037,0.0072560876105729,0.1819033922427685,0.028691127356728248,False,-0.054207536472406004,0.0,0.0
5.97563,0.1148700653694708,0.0425832134692482,-0.1034783806635744,0.1603628300202689,0.016231361649596748,False,-0.051903472701225195,0.0,0.0
5.996128,-0.0441952323636954,-0.0904986222297564,0.0229062700280806,0.10328560594663969,0.03625834208840774,False,-0.052809386574216216,0.0,0.0
6.016343,-0.1539362527056758,-0.0414683475522219,0.1652895035185917,0.22964453775171767,0.0361701785867861,False,-0.0559212079226615,0.0,0.0
6.035898,-0.0117439743372791,-0.0466025160317799,0.2071570543433232,0.21265878913867994,0.029694738961640998,False,-0.056150861340827,0.0,0.0
6.056064,0.0900955307769961,0.0432854366393178,0.1704011532968934,0.1975535034767959,0.05881126992337438,False,-0.054333994867178124,0.0,0.0
6.075882,0.0955392930443195,-0.0376709874704967,-0.0608986757780734,0.11939643430158868,0.029813031798191877,False,-0.052440597157625814,0.0,0.0
6.096239,0.0724324088065535,-0.0003401314528412,-0.156578311914421,0.17252054166647696,0.05718059123513852,False,-0.05096609061155082,0.0,0.0
6.116889,0.0283737834231475,-0.0261972446163533,0.041202852555406,0.05647160587352956,0.043786953707697,False,-0.05038017198386283,0.0,0.0
6.136266,-0.1211686247284827,0.0011661008881101,0.2847071730915562,0.3094210235579646,0.03224302847128352,False,-0.052728056425226696,0.0,0.0
6.155987,-0.0138606876337212,-0.043272538912643,0.2303291692903073,0.23476830602018842,0.021905899388064393,False,-0.053001403046051304,0.0,0.0
6.176275,0.1714047341186275,0.0229060770970694,-0.01607804507214,0.17367433540853422,0.02787345159825026,False,-0.04952394380025246,0.0,0.0
6.196264,0.0943201239817295,-0.0046829157199561,-0.0986855787518106,0.13659084501220733,0.030525060540480504,False,-0.04763857884198169,0.0,0.0
6.21676,-0.0841164480739344,-0.0995183847245865,0.115827499970436,0.17434303967800685,0.03792265657888434,False,-0.049362629561705014,0.0,0.0
6.236891,-0.0675901759028212,-0.0304306124675119,0.3017115926924969,0.31068366422901184,0.039912616977592436,False,-0.05072328739280472,0.0,0.0
6.256613,0.0970586418368162,0.0069222348611452,0.1245402118332013,0.1580460744660837,0.02341274964629315,False,-0.048809096858499046,0.0,0.0
6.276439,0.1525285168138915,0.0417342131867199,0.0082907251096244,0.1583522311639578,0.04960018949560576,False,-0.04578506648414681,0.0,0.0
6.296875,0.107724996344309,0.0335637287685024,0.0041233612978235,0.112907930787077,0.0289761399430635,False,-0.0435835984588545,0.0,0.0
6.316795,-0.1600843411179063,-0.04373839283764,0.1614772320834596,0.23154900077631382,0.055302579650500935,False,-0.04677247853392318,0.0,0.0
6.336767,-0.0970276468307435,-0.0104132465773383,0.2904773946715728,0.30643093311377134,0.012414034879925222,False,-0.0487103146964268,0.0,0.0
6.356609,0.0064236964752869,-0.0129691602785727,0.1465692651525287,0.14728208472889762,0.055106633221419,False,-0.048582855710964164,0.0,0.0
6.376912,-0.0082516706282028,-0.0909382623667975,-0.1227136015170948,0.15295909789138132,0.034170443675785075,False,-0.048750389379728566,0.0,0.0
6.39728,0.0265711607327517,-0.0463185392506787,-0.0330737565027696,0.06281167909080988,0.05228517954449425,False,-0.04820918797792387,0.0,0.0
6.417132,0.0701129650986925,0.0019635630279388,-0.0559441680262953,0.08971863457972107,0.06857250467935382,False,-0.046817305394784674,0.0,0.0
6.436872,-0.0619414539366791,0.0389861134901208,0.1352494515544364,0.15378255722490167,0.030956062088062817,False,-0.04804002969549475,0.0,0.0
6.457538,-0.0834347008605363,0.0075804700415142,0.1937910997376395,0.2111250889194868,0.015586347262909294,False,-0.04976429122347854,0.0,0.0
6.4771,-0.1085091220089545,-0.0556961304223819,-0.0049417352961036,0.12206846132772341,0.03724284270836479,False,-0.05188694666821777,0.0,0.0
6.497629,0.1488556380323323,0.0342738697188126,-0.0604169296658501,0.16426473909443606,0.04332421033325363,False,-0.04883108927505205,0.0,0.0
6.517339,0.0913484545281854,0.0152476373648179,-0.1019110860243532,0.13770584607982359,0.035624295726371914,False,-0.04703061123630153,0.0,0.0
6.537583,-0.123805695379531,-0.0741479123350098,-0.0562329761680722,0.154880310952582,0.05154863463759249,False,-0.04953693373356474,0.0,0.0
6.557372,-0.2022029421084553,-0.0553979107106324,0.1679634912204672,0.268638591217618,0.050335857964278315,False,-0.05353832775494902,0.0,0.0
6.577419,-0.094229207115447,-0.0343975197349133,0.2783724384253752,0.2958944867894785,0.053498119565083775,False,-0.05542734066999237,0.0,0.0
6.597751,0.1851330161762867,0.0517588896569772,0.1553820127108185,0.247177641001603,0.041078718261406355,False,-0.05166321618509615,0.0,0.0
6.618091,0.0971684078696978,0.0177894022328736,-0.04317488765553,0.10780646197609194,0.01457089238859446,False,-0.04968681076902649,0.0,0.0
6.637631,-0.0271627905064098,-0.0449093239771398,0.0855672662998685,0.10038138089412509,0.036656975775423706,False,-0.05021757169552175,0.0,0.0
6.657652,-0.1373402088918142,-0.0195986726122738,0.2890373625151472,0.3206072954196814,0.033818649026831335,False,-0.05296726001774474,0.0,0.0
6.677959,-0.0008529880885728,0.0137182517168998,0.2667951363194127,0.2671489524264347,0.03911888101671621,False,-0.05298458164685939,0.0,0.0
6.698234,0.040561118075666,0.0107190264218316,0.1477319710984694,0.15357355602973788,0.043713934826322826,False,-0.05216220497787527,0.0,0.0
6.71793,0.0775989828367364,-0.0533433485175069,-0.0504731715154935,0.10683939353622679,0.03883732589919136,False,-0.05063381541192293,0.0,0.0
6.737915,0.0362751900748957,-0.0380921919027461,-0.1252288434017394,0.1358277133675702,0.03720757811252971,False,-0.04990885573827614,0.0,0.0
6.757825,-0.0249603475729721,-0.0698961668508989,0.0034567077074516,0.07429967644335357,0.015320492616100828,False,-0.05040581625845402,0.0,0.0
6.777909,-0.0766176405763116,-0.0301611494846546,0.2266799143231512,0.24117160144442323,0.015074930115924251,False,-0.051944604951788646,0.0,0.0
6.798743,-0.1069578048258546,-0.0422493082474983,0.1473489906661225,0.1869136193830797,0.041918649274517425,False,-0.05417296385753048,0.0,0.0
6.818697,0.1898667816704108,0.0546513842665546,-0.0378915490374609,0.2011763854745093,0.049204052048586404,False,-0.050384362096079056,0.0,0.0
6.838284,0.2276432579403483,0.0858802181371195,-0.0836665792506377,0.2572877012926938,0.002518247406431703,False,-0.04592551360280155,0.0,0.0
6.858013,-0.028653716957682,-0.011143763587468,0.009284967858214,0.03211587754541977,0.03210982969434749,False,-0.04649082278465966,0.0,0.0
6.878142,-0.1112864894158952,-0.0311833556436091,0.183015128726554,0.2164523544305007,0.029155598158844213,False,-0.04873090853011229,0.0,0.0
6.898992,-0.084029440367631,-0.0421770326474429,0.1726479245934573,0.19658879621654138,0.03339715805274455,False,-0.050482922361777344,0.0,0.0
6.91885,0.1066989608298571,-0.0247101219648822,0.2645406963284422,0.2863163257371605,0.03503850768797096,False,-0.048364094397618025,0.0,0.0
6.938533,0.186531053365124,0.0113687194522994,0.1327761512412966,0.2292435124271557,0.04123215343636565,False,-0.04469260367423235,0.0,0.0
6.958611,0.0831431455546543,-0.0362892418196704,-0.1957453538904587,0.21574507015055955,0.03251930832597766,False,-0.04302325559778594,0.0,0.0
6.978493,-0.0456831464634837,-0.0457195321878918,-0.1170553383230164,0.13371304246108384,0.02638743752242722,False,-0.04393152791577292,0.0,0.0
6.998994,-0.072665484344399,-0.0265065068876898,0.2601843942645132,0.2714383660081693,0.03649394978623169,False,-0.04542124301031741,0.0,0.0
7.019188,0.061046362156973,0.0298406917127515,0.2553954549220858,0.2642800855330476,0.027685220425346085,False,-0.04418847277291949,0.0,0.0
7.038807,0.0808708032930615,0.0506114818119209,0.0273887101810945,0.09925598401027233,0.04100045936328031,False,-0.04260186848311288,0.0,0.0
7.058917,0.0097160945032766,0.0197824569442634,-0.0538052643977291,0.05814425656982615,0.026556874025381826,False,-0.042406477822651986,0.0,0.0
7.07856,-0.1268272116546982,-0.0588770313940179,0.0873932955407994,0.16489158422235894,0.012972552909894028,False,-0.04489774474118526,0.0,0.0
7.099206,-0.16477900701183,-0.0118018519554981,0.1538843526736535,0.22576934880353794,0.029429605943675153,False,-0.04829977211995139,0.0,0.0
7.119644,0.0515118106240747,0.0029002912855306,0.0115667731808581,0.0528740821681935,0.0343988604171708,False,-0.047246973734416525,0.0,0.0
7.139206,-0.0139451061557242,-0.0278049478007161,-0.0272545176166474,0.04135685962946301,0.007253622956840257,False,-0.0475197679010348,0.0,0.0
7.158798,-0.0189038784312009,-0.0494549428954464,-0.0286549708213659,0.06020178858893495,0.013795887285709463,False,-0.04789013268725889,0.0,0.0
7.179079,-0.1280877041182743,-0.01884588415383,0.0709565335193413,0.14763623181628407,0.011247476250252766,False,-0.05048787941448158,0.0,0.0
7.199459,-0.0560100514852835,-0.0538493103956623,0.1793626359840825,0.19546823088325882,0.02379199758322113,False,-0.05162936426375168,0.0,0.0
7.219403,0.0148912364950446,0.0055559304444968,0.1053402889960999,0.10653259488643502,0.032975143623644766,False,-0.05133237344309451,0.0,0.0
7.239509,0.1354201880246643,0.0349010740121563,0.0172646919683892,0.1409069972733817,0.03104050299205862,False,-0.048609615142670586,0.0,0.0
7.259518,0.1170391921621488,0.0146682646611707,-0.0693649879014888,0.13683870810816737,0.01301653967074199,False,-0.04626777794669816,0.0,0.0
7.279531,0.0272443894866451,-0.0248661667330819,0.0388014170032562,0.05353627712082739,0.03591670725442409,False,-0.04572253597990192,0.0,0.0
7.300185,-0.1236556034270913,-0.1201245467463414,0.2995605118245521,0.3456256865953682,0.027133963551239617,False,-0.048276518813085,0.0,0.0
7.319875,0.1805529872824116,0.0580880761131313,0.2866426663262036,0.3437115417930025,0.03389043412233016,False,-0.044721430493494356,0.0,0.0
7.340246,0.1918182605811833,0.0899855058041624,-0.0306748762607611,0.21408546046108476,0.03626311919843631,False,-0.04081390070719509,0.0,0.0
7.359711,0.0937297111439573,0.0669939939599793,-0.0763820039405001,0.1382304760311777,0.02241954774298536,False,-0.03898945187977793,0.0,0.0
7.37987,-0.0711583855588358,0.0319475896900286,0.0579114019856561,0.09714882810557525,0.02719578358863741,False,-0.040423933774258534,0.0,0.0
7.400117,-0.0028529848481757,-0.0303068291536791,0.1556300982311658,0.15857922591353676,0.008851815971878313,False,-0.040481698158479545,0.0,0.0
7.420237,0.0109583809146552,-0.0510574529123644,0.0963695042705978,0.10960853508522846,0.019005294657015975,False,-0.04026121553447668,0.0,0.0
7.441016,-0.1018542996707893,-0.0841421136841028,0.0676812019941071,0.14844170155324465,0.024805677495283215,False,-0.04237764602733602,0.0,0.0
7.460236,-0.0364339419045785,-0.0699477713297985,0.1045202926903563,0.13093744468558158,0.01352189927487999,False,-0.043077906390742014,0.0,0.0
7.479868,-0.0313443545459076,-0.0033053243993995,0.1021658017370796,0.10691699947092176,0.010257993273540395,False,-0.04369325875918726,0.0,0.0
7.500474,-0.010098934524616,0.0367667275186924,0.1312859253194478,0.13671055159697762,0.01986033486626044,False,-0.043901357404001494,0.0,0.0
7.520111,0.0228518614444603,0.0650141616708652,0.1711414886127169,0.18449514333396128,0.022766653003900243,False,-0.043452615400816616,0.0,0.0
7.541397,0.1467958912817716,0.1025575298216861,0.0214327319507265,0.18035088749215356,0.022799424839236623,False,-0.040327918058992836,0.0,0.0
7.560672,-0.0019915092747,0.0455913328118197,0.0041791144128229,0.045825764958424726,0.022741855113424674,False,-0.040366304400262676,0.0,0.0
7.580271,-0.1388556728761671,-0.0559603895233762,0.0103820533629477,0.15006748521092841,0.017725430347385083,False,-0.0430877367329626,0.0,0.0
7.601007,-0.1304931673324554,-0.0957803719443442,0.09750034915705,0.1889673634678745,0.03668242737333504,False,-0.04579364305076844,0.0,0.0
7.620691,-0.1315337310785615,-0.0915605188001405,0.156118207674428,0.22373499007056105,0.0443461311728543,False,-0.04838275301331882,0.0,0.0
7.640403,0.0728308093364568,0.0096219634034925,0.1218792089298421,0.14230759128628934,0.03299302843026084,False,-0.04694711209967857,0.0,0.0
7.660817,0.1541070223566932,0.0761151999534984,-0.0180766831911096,0.1728272677525139,0.015393738792119346,False,-0.04380117134528908,0.0,0.0
7.68038,-0.0203918057735967,0.0333142681263908,-0.0473211273606075,0.06135923156448413,0.018161761836341758,False,-0.04420009624163797,0.0,0.0
7.701343,-0.0159752132557872,0.0212584148363558,0.2274469752927732,0.2289961881991791,0.04864299544641551,False,-0.044534984637119024,0.0,0.0
7.721077,0.0178289302173163,-0.0360063966133576,0.3091863999756636,0.3117860825625214,0.016851451836562927,False,-0.044183148528210495,0.0,0.0
7.741147,0.0715481138534875,-0.0057677747997709,-0.03178632776123,0.07850331492794953,0.03829067543149376,False,-0.04274717788317103,0.0,0.0
7.7606,0.0068317006847754,-0.0399353606451182,-0.0965043360935702,0.10466418704104463,0.006937953156371121,False,-0.04261428080975009,0.0,0.0
7.781432,0.0577994291461909,-0.0383984186924216,0.0201224531949382,0.07225043730169758,0.01699498423064876,False,-0.04141020310177667,0.0,0.0
7.80126,0.0178382687447718,-0.0249626668056024,0.1569660494343558,0.15993648502104468,0.007456485096880433,False,-0.041056505909105326,0.0,0.0
7.821262,0.0232651466895159,0.0218714873477396,0.0256982623528028,0.04098816533147718,0.015197925976921984,False,-0.040591156445021634,0.0,0.0
7.841317,0.0557991954214234,0.0014986724480245,-0.0325241885162412,0.06460355305573108,0.014221662103987707,False,-0.03947210358084498,0.0,0.0
7.861297,0.0953032080393288,0.0198745059583376,0.1142613648535366,0.15011114864615685,0.012592983244648586,False,-0.037567945484219156,0.0,0.0
7.881095,0.0061482789354411,0.0265684003176774,0.1854564973143944,0.18745077653995548,0.040358646880191605,False,-0.037446221857855296,0.0,0.0
7.902018,0.0312752802950341,0.009087573320807,-0.0182981095344008,0.03735703359378152,0.01767311339294806,False,-0.036791849168242304,0.0,0.0
7.921448,-0.0227808831092364,-0.0222330062922949,-0.0245743419161676,0.04021409559647747,0.033652912162248305,False,-0.03723448172705476,0.0,0.0
7.941496,0.0295352140958906,0.0044505420415038,0.2017797552755631,0.2039784445357387,0.020093532367406186,False,-0.03664235975486035,0.0,0.0
7.961426,-0.0010538107915492,0.031134018859996,0.1764860179404284,0.17921426331636717,0.0096778513111124,False,-0.03666336220393592,0.0,0.0
7.981449,0.01289260147779,0.0024113375892985,0.137112758280562,0.1377386736001857,0.0139297862869464,False,-0.036405213644546144,0.0,0.0
8.002391,-0.0457968313889944,-0.0097761950451501,0.0340884917019241,0.05792192176840258,0.019822396424246994,False,-0.037364290887494454,0.0,0.0
8.021811,-0.0379969193179532,-0.0308734023196711,0.0944118094132093,0.10635094078156278,0.020177268125293867,False,-0.03810219106064911,0.0,0.0
8.041729,-0.0661522724896343,-0.0491723165277072,0.1638035309605925,0.1833729440877297,0.019093803471283557,False,-0.03941981202409768,0.0,0.0
8.061696,-0.0514131871829289,-0.0603458743080638,0.0736216292887199,0.10819003956666814,0.019181680974304626,True,0.0,0.0,0.0
8.08197,0.043248365403408,0.0199998611831895,0.0883381426139351,0.10036953221916244,0.0183153446869012,True,0.0,0.0,0.0
8.102664,-0.0123856108025913,-0.0070561274657222,0.0459105793858398,0.04807258667171222,0.011012740349250044,True,0.0,0.0,0.0
8.121989,-0.0223944102257139,0.0051056477668954,0.0085571034050957,0.024511247768374902,0.008035081766852158,True,0.0,0.0,0.0
8.142115,-0.0274284442238391,0.0028161267744147,0.1375636524354355,0.140299709885399,0.020543679587649334,True,0.0,0.0,0.0
8.162001,0.082699562330769,0.0499822378214861,0.1116677407663271,0.14767236043078602,0.01881828031463024,True,0.0,0.0,0.0
8.182146,0.0441049204406858,0.0651099311827967,0.0388509272815049,0.08771511669228133,0.017545913626824908,True,0.0,0.0,0.0
8.202132,-0.0424318272621056,-0.0510846203453881,-0.0353129103281197,0.07521369580385896,0.007176347957004315,True,0.0,0.0,0.0
8.222576,-0.028949384072612,0.0003813757337785,-0.045991717440069,0.054345656300398684,0.010995555556678343,True,0.0,0.0,0.0
8.242128,0.1004568598775185,0.0146955301748638,-0.0535364596107132,0.11477670413120096,0.02516457239851295,True,0.0,0.0,0.0
8.262335,0.0128143746448086,-0.0375349651906063,0.0670056919125325,0.07786427009915885,0.021467441603507394,True,0.0,0.0,0.0
8.282072,-0.0302706522526422,-0.0155995048948423,0.1567754330562287,0.1604312729823355,0.019737557498332968,False,-0.0005974518635103758,0.0,0.0
8.302642,0.0676619529263861,0.0068531717620985,0.058304850455233,0.08957991640775513,0.007940846176573375,False,0.00079435450818546,0.0,0.0
8.32246,0.0360331644596673,-0.0275167009488519,0.1560085372544843,0.162462984917703,0.023595872944224803,False,0.0015084597614471106,0.0,0.0
8.342545,-0.0250800095250268,0.0022532894484758,0.2507377698968529,0.251999034609185,0.013577724109732087,False,0.0010047277701369496,0.0,0.0
8.362607,0.0433421553268351,-0.0808099137665062,0.2777684066097929,0.29251337115056625,0.01372691283573987,False,0.0018742580903039646,0.0,0.0
8.382812,0.1317904444839175,0.0838180686308192,0.139773040139449,0.20959649957977178,0.04177169297502795,False,0.004537084021101374,0.0,0.0
8.402858,0.0855107367028612,0.0342271686582598,-0.1007489284774525,0.1365061601363904,0.0384260061937225,False,0.006251232249046988,0.0,0.0
8.422823,-0.0137962308320294,0.0435044944083802,0.0258023232430861,0.052428397874054136,0.014975545065205473,False,0.005975790500485533,0.0,0.0
8.443267,-0.0069260303464716,0.0423244474003902,0.2832590887406656,0.28648741699820063,0.017082052247900426,False,0.005834194736082259,0.0,0.0
8.462926,-0.0370755087169467,0.000594819622499,0.2835652213792095,0.2859793382970941,0.037685993830599715,False,0.0051053273102158415,0.0,0.0
8.482842,-0.0945587366259121,-0.0787073360767989,0.1317335933744932,0.18024965755293712,0.061808780565547485,False,0.0032220955115741506,0.0,0.0
8.503171,0.0144115986609879,0.0217321708941013,0.0928949778946321,0.09648553438614514,0.05846741188046551,False,0.0035150689007533774,0.0,0.0
8.52304,0.0468745609690914,0.0013434875405018,0.076712777215457,0.08991039769083935,0.06117537991708756,False,0.00444641955264825,0.0,0.0
8.543306,-0.0668949704404314,-0.0318266163363807,0.3510082827565117,0.3587404147030616,0.0675886711956967,False,0.0030907260817025044,0.0,0.0
8.563043,-0.0986695722370758,0.1217576834098999,0.040448847852037,0.1618540306799623,0.10843866861502865,False,0.0011432847344592402,0.0,0.0
8.583522,0.1534917320562119,0.203993917942511,-0.130213716412884,0.2865813013949215,0.1319919097104061,False,0.00428664191523839,0.0,0.0
8.603011,-0.1050131845135612,0.0481462937802597,0.0974055298013762,0.1511081459165624,0.09469361782612384,False,0.0022400399622535864,0.0,0.0
8.623672,-0.1023111442952795,0.1008825745699489,0.0675778683805745,0.1587817130331231,0.09673117930119533,False,0.00012618940996894862,0.0,0.0
8.643352,0.0179213264647083,-0.0202298739918374,-0.1536990232343793,0.15605707765808813,0.09331615084217737,False,0.0004788811147944264,0.0,0.0
8.663947,-0.2653944597915145,-0.2498898828595265,-0.0509506442331311,0.3680694784838167,0.10878562832010485,False,-0.0049869177846118525,0.0,0.0
8.68348,-0.4713433014839794,-0.2285251787310473,0.399405655461523,0.658720838278647,0.13499523846788078,False,-0.014193666492498015,0.0,0.0
8.703758,-0.0518565511607696,-0.0745329630961318,0.5549033588490513,0.5622828488831381,0.18703753824834202,False,-0.01524521363693616,0.0,0.0
8.723547,-0.0396047454784039,-0.1042973311580557,0.535949938595742,0.5474384036874669,0.23751039583352979,False,-0.016028951945208272,0.0,0.0
8.743849,-0.3691326478097644,-0.1536084809725149,0.6794539895857792,0.7883604512339284,0.32515957948213675,False,-0.023523082961042455,0.0,0.0
8.763888,-0.2100297895623307,-0.1068762622599233,0.5112004077193362,0.5629039925161877,0.41804449944234406,False,-0.02773186991408175,0.0,0.0
8.783878,0.4137283300538599,-0.0905470434693278,-0.1413600894843707,0.4464891634398547,0.4121964912575069,False,-0.019461440596305113,0.0,0.0
8.80392,-0.0098761169294223,-0.2922382033234394,0.0495026180972502,0.2965656999145345,0.3656476786005895,False,-0.019659377731804595,0.0,0.0
8.824049,-0.1553044217310319,-0.2604137617370411,0.403577302564349,0.5047865190913509,0.3822465828977415,False,-0.02278550043682865,0.0,0.0
8.845154,0.1568852475900454,-0.2218945422065276,0.3990501213800783,0.48279516168442443,0.38455823929542843,False,-0.019474437286440684,0.0,0.0
8.864164,0.0357466683438115,-0.144666949167646,0.0875780692668062,0.17284753019831736,0.3824061160664144,False,-0.018794893121224836,0.0,0.0
8.884548,0.0495796788383733,-0.2465165246858658,-0.1737286819628281,0.30563081721818364,0.3538021727618416,False,-0.017784260947783438,0.0,0.0
8.904187,0.2212705425063963,-0.1306060682065997,0.1423688142592016,0.29374730178681296,0.3255110606262097,False,-0.013438728763500378,0.0,0.0
8.924264,0.0020637328653806,-0.1307902075657006,0.5115476577747362,0.5280069540860588,0.36052113288127785,False,-0.01339729519876213,0.0,0.0
8.944375,0.1644189556211638,0.0281514665138843,0.2489019860995718,0.29963026669338333,0.4473229593504005,False,-0.010090665582264907,0.0,0.0
8.964364,0.5010380622980026,0.2056079857726515,-0.6303614958152259,0.8310652195172369,0.4012420684125731,False,-7.541575499067123e-05,0.0,0.0
8.984461,0.419022017783741,0.1128149658698686,-0.7471580890403828,0.8640323361600849,0.23699417457186578,False,0.008345669736409092,0.0,0.0
9.00432,0.0674706228710536,-0.0395964942774476,-0.2414675280517269,0.2538242195163483,0.10574278709207546,False,0.009685568836005364,0.0,0.0
9.024653,0.2964032214689917,0.0901786241800917,-0.0887257776172294,0.3222721172704713,0.11665143468470501,False,0.015712335538134614,0.0,0.0
9.044451,0.2134629178725307,0.1007103384570065,-0.2401180465649375,0.33669818215271236,0.0729901389161577,False,0.019938474386174927,0.0,0.0
9.064778,0.0171763366432408,-0.0690199287439501,-0.0779244558236147,0.10550354458362224,0.07725422517247843,False,0.02028761778112208,0.0,0.0
9.084616,0.0774943691846501,-0.0682663709424608,-0.0351148034004555,0.10908127279617313,0.04268183877248027,False,0.02182495107700717,0.0,0.0
9.10529,0.0687419687000799,-0.0492117278088269,-0.1121207431430395,0.14042191231300147,0.04024327971226998,False,0.023246122537912597,0.0,0.0
9.125034,-0.0463817350465253,-0.0998776503967823,-0.0371044872302803,0.11620479063846711,0.03159418588917904,False,0.022330361561154033,0.0,0.0
9.144839,-0.0215852075808678,-0.0802075338999211,0.0500703817127892,0.09698563195381343,0.028580335092507226,False,0.021902866525014948,0.0,0.0
9.164657,0.0544671626177909,-0.0911933325964338,0.0160521901732515,0.10742703813768165,0.03546718708891361,False,0.022982296753774372,0.0,0.0
9.185525,-0.0399232749262616,-0.1362647343276876,-0.1031581358036284,0.1755093920128293,0.03879885713523015,False,0.022149177852613142,0.0,0.0
9.204864,0.0146075722466833,-0.1071632156962394,0.0964927669341157,0.1449420230157644,0.037432356618305504,False,0.022431673692291758,0.0,0.0
9.225393,-0.0282335413160237,-0.0671166464766364,0.1072021380825241,0.12959195769405588,0.05024316218153471,False,0.021852067322615115,0.0,0.0
9.245126,-0.0828558161650779,-0.1115075273698066,0.2626131413720163,0.2970937174593027,0.03120218918601706,False,0.020217073502229597,0.0,0.0
9.265326,-0.0640136896224349,-0.1094550899676935,0.3035213870222133,0.32894285454893457,0.02571475586117823,False,0.01892399697185647,0.0,0.0
9.284845,-0.1262106343238206,-0.1229581561696061,0.1511566848633787,0.23215549910337507,0.056524286045911275,False,0.01646049160048972,0.0,0.0
9.305426,-0.0144811205322897,-0.0907916320493797,0.1295563351887043,0.1588636751733654,0.05320526092408531,False,0.01616245565881467,0.0,0.0
9.325711,0.11208420282905,0.0208767420971949,-0.128226004080906,0.17158267688485612,0.04544257205528754,False,0.018436083713201885,0.0,0.0
9.345702,-0.0592203780912506,-0.1129180530105223,0.0310584297635436,0.13123325011724266,0.04161488106435004,False,0.01725220913477974,0.0,0.0
9.365524,-0.1305576503549072,-0.0943853557826284,0.4926451548244515,0.518317609216989,0.030787041056262617,False,0.014664295389444595,0.0,0.0
9.3857,-0.0657218932725065,-0.0997361640041694,0.397914112051426,0.41545434193815345,0.1144290364243272,False,0.01333829047077855,0.0,0.0
9.405491,0.1717957945670214,-0.016307315310879,-0.0956605191086836,0.197308536256558,0.1178365308170603,False,0.016738301041054414,0.0,0.0
9.42578,-0.1030637321753908,-0.0928615978927658,0.0397090253604019,0.1442990504064093,0.07173152378835962,False,0.01464724097894791,0.0,0.0
9.446524,-0.0837097117445896,-0.173428389042108,0.4073248921048105,0.45055331504084906,0.09268019571623702,False,0.012910766718518098,0.0,0.0
9.466016,0.0851379628686481,-0.0213198810342083,0.2933120596637444,0.30616168015106665,0.1517925750852129,False,0.014570275890753754,0.0,0.0
9.48569,0.0199638409310922,-0.0863864551828919,-0.1924491661132279,0.211891142149606,0.1639046212008679,False,0.014963044497232066,0.0,0.0
9.505975,-0.083373362706287,-0.2241545830855789,0.064905492658525,0.24780863121463229,0.1665544764483981,False,0.01327181583473508,0.0,0.0
9.525827,0.0671326023400919,-0.1035111327940747,0.3717762353152949,0.39171279026153716,0.18343587571682918,False,0.0146045322563906,0.0,0.0
9.546311,0.1661852367133008,0.0344653909956331,-0.2554842737403415,0.306720736512169,0.1445320717487991,False,0.018008670645225808,0.0,0.0
9.565985,-0.0929811333333441,-0.1201413673119337,-0.5994231480397296,0.6183749264818179,0.042978563877821695,False,0.01617935982802558,0.0,0.0
9.585884,-0.0080439901703563,-0.1595075911872635,0.4281736145273154,0.4569901767014364,0.05824082373215544,False,0.016019292467625654,0.0,0.0
9.606133,-0.0282115348508401,-0.0291631408206585,0.5549858941541856,0.5564671797970538,0.09066312906027456,False,0.015448037098431,0.0,0.0
9.626375,0.208688451851229,-0.0258618454813063,-0.2789315719122136,0.3493172294593842,0.13420178969745525,False,0.019672308740803505,0.0,0.0
9.646305,0.047168978937312,-0.013415622533904,-0.5478165370907959,0.5500071361465342,0.04417707011561541,False,0.020612386491024155,0.0,0.0
9.66648,-0.0557484699647621,-0.1054209053102009,-0.0047843477449909,0.11934969276533278,0.05453131614036104,False,0.019487661109485077,0.0,0.0
9.686373,-0.0460118933627777,-0.1080061972369355,0.4474238622575957,0.46256950341534125,0.03003167369628273,False,0.018572346514819354,0.0,0.0
9.706353,0.2706802700787698,0.0956743636868607,0.2517521622541565,0.38183837376099933,0.07085277802598851,False,0.023980538310993265,0.0,0.0
9.72646,0.1017204032339069,0.1160105986380519,-0.3732226398571203,0.4038572004215667,0.0913380546924446,False,0.026025830458817373,0.0,0.0
9.746736,-0.1417370157000543,-0.0653205092188593,-0.3716680368763203,0.40310455241744203,0.05970897713074643,False,0.023151970728482952,0.0,0.0
9.766833,-0.0112864294629124,-0.1078943162051617,0.0395008923691246,0.11545080102518944,0.08766866286764045,False,0.022925147355566805,0.0,0.0
9.786611,-0.0099131879420285,-0.0564832996243213,0.3164313500756783,0.3215858108535594,0.05983321949385642,False,0.02272908432444936,0.0,0.0
9.8065,-0.1605392052662672,-0.1584980405225347,0.0832946631740334,0.24048381689894105,0.03118359071691392,False,0.019536120070908707,0.0,0.0
9.826902,-0.0944237289341563,-0.1472580007120016,-0.0380484422412088,0.17902079017954728,0.006965068556733667,False,0.017609687153193984,0.0,0.0
9.846405,0.098263117742821,-0.0125398684614085,-0.0524694228247604,0.11209785431100998,0.061089165618790374,False,0.019526112738532247,0.0,0.0
9.866787,-0.0060464872763528,-0.0120560861510223,-0.0439381044985509,0.04596157360871739,0.06669666388208634,False,0.019402873234865628,0.0,0.0
9.886704,-0.1478207516252704,-0.1734721403261488,0.3345502757680165,0.40480544104155863,0.06572979271228535,False,0.01645872732474519,0.0,0.0
9.90696,-0.029944063154928,-0.0529879418138586,0.4989445575976603,0.502643054713999,0.015622077230637415,False,0.01585218038147897,0.0,0.0
9.926899,0.1234678881992757,0.0089390450076102,0.1022502965686236,0.16055948769975695,0.07200935408681292,False,0.01831400660428443,0.0,0.0
9.947115,0.0336305746562058,0.0028756792920979,-0.1280136343987976,0.1323887294111045,0.05346730251284424,False,0.01899388230153427,0.0,0.0
9.966938,-0.1139961017030017,-0.1414416131888784,0.061705065005956,0.19185503952813612,0.02489578811767163,False,0.016734137577475598,0.0,0.0
9.987506,-0.1356362457215719,-0.1788005265797438,0.1959362181326849,0.2979225084393178,0.01599951789898683,False,0.013944371275474439,0.0,0.0
10.007081,0.0677340916112906,-0.0859842555470166,0.1979173588496277,0.22616914091536375,0.048309054078919826,False,0.015270266118765431,0.0,0.0
10.02761,0.2127385435633055,0.1024276090947542,0.0259407739926302,0.23753321194654217,0.0571148059613267,False,0.019637575679576486,0.0,0.0
10.047222,0.1106508666546467,0.0815886239876334,-0.1762947824143736,0.22356244801431024,0.042638685064152713,False,0.02180766047640746,0.0,0.0
10.067472,-0.0979157127854445,-0.0712753124511559,-0.0461250697440931,0.12959621535441926,0.0479869110695823,False,0.019824867292502137,0.0,0.0
10.087408,-0.1570604493021465,-0.1382081965640717,0.3944010463784213,0.446454561760633,0.049419900708115555,False,0.01669371017521462,0.0,0.0
10.107565,0.046623268410334,-0.0599724580123768,0.3874366509506384,0.39481335258214756,0.06184588863457295,False,0.017633495396561692,0.0,0.0
10.127433,0.2531675132321898,0.0561423286312559,0.0061374618349816,0.2593904764213343,0.06154857497131839,False,0.022663427549459006,0.0,0.0
10.147643,0.0389501362370879,0.0477814876149041,-0.1942453730926736,0.20379266090684645,0.023293168354691467,False,0.023450609802810572,0.0,0.0
10.167591,-0.0526736533216838,-0.0560558809285562,-0.0690868009703997,0.10339130335406853,0.02912365337659408,False,0.022399875766349654,0.0,0.0
10.187621,-0.0583671096000785,0.0059313852611692,0.2534757590837468,0.2601765962904151,0.021371582019120625,False,0.02123078256106007,0.0,0.0
10.207995,-0.0092078346329416,0.0119949873258222,0.2066130710556919,0.20716569472438873,0.03370337492002841,False,0.021043182138248514,0.0,0.0
10.22756,0.0265346715999361,0.011687598255465,0.024226764636273,0.03778392349450983,0.042295165279260936,False,0.021562332988101264,0.0,0.0
10.247793,0.1107125433614781,0.0510801472498032,-0.2250204975328209,0.2559309926729215,0.040891468217710156,False,0.02380237987793397,0.0,0.0
10.267903,-0.0525097463356738,-0.0546319371670822,-0.1048995633605205,0.12940572016759028,0.0598088288131443,False,0.02274640887912353,0.0,0.0
10.287836,-0.2126499171247428,-0.1569328654508489,0.2118707300135227,0.338728678662196,0.044964230072358634,False,0.018507658081076038,0.0,0.0
10.307897,-0.0201210605335006,-0.0659405880670833,0.3623864681028532,0.3688861213107452,0.050764583382511864,False,0.01810400948571348,0.0,0.0
10.32799,0.0052711340381735,-0.0081108853348451,0.1685533625766115,0.16883070618476384,0.053173044919395014,False,0.0182099223819425,0.0,0.0
10.348016,0.1176661775083121,0.0280866470696188,-0.1069435274005954,0.1614654982524528,0.05649403845539811,False,0.020566305252723915,0.0,0.0
10.368282,0.0683331577714023,0.0724168751163672,-0.068469085398231,0.12083724553258043,0.045208642569756506,False,0.021951145028119238,0.0,0.0
10.3882,-0.0806150335985845,-0.0642765976803105,0.0957680179428308,0.14071879018864455,0.035435595578457546,False,0.02034545478890273,0.0,0.0
10.408067,-0.2026568975168875,-0.1680254061398713,0.3985984756338965,0.47768514734844425,0.040455414606700046,False,0.01631927020593444,0.0,0.0
10.429118,0.0022426973632921,-0.0720450072350336,0.2023289030462915,0.21478477079829236,0.06868923246768739,False,0.0163664812281291,0.0,0.0
10.448235,0.2443269246813626,0.0960299902845299,-0.1360996455340615,0.2957034302689036,0.06634036632398106,False,0.021037279047262613,0.0,0.0
10.468712,-0.0081590671657925,0.0009036005919661,-0.0840112880079431,0.08441139368473476,0.03889476923700667,False,0.020870205828908684,0.0,0.0
10.48829,-0.1533195708735737,-0.1126320640646078,0.1574145081699516,0.2469254949386524,0.01919140969288082,False,0.01786851527034598,0.0,0.0
10.50833,-0.0939747519056201,-0.0870358847294278,0.1518146788535723,0.19863080310407644,0.03569272330601855,False,0.0159852612421572,0.0,0.0
10.52853,0.1787911848813769,0.0131274893311306,0.0342582947770875,0.18251643632412798,0.045924473214180694,False,0.019596843176760855,0.0,0.0
10.548696,0.1916292372556352,0.0804835494482664,0.1306526622155868,0.24549844082394554,0.03254218509872993,False,0.023461238375257935,0.0,0.0
10.568791,-0.0456544167871344,-0.0265667284148822,0.0969812362281299,0.11043313366548929,0.040909484340431373,False,0.02254381286992049,0.0,0.0
10.588636,0.0366621182445263,-0.0437343411262289,0.0790885899880802,0.09752850134306199,0.015752535954569345,False,0.02327137260648312,0.0,0.0
10.608719,0.0409984505000306,-0.0645337732337934,0.143841323989033,0.16289815013717032,0.01800697087241494,False,0.02409474448787529,0.0,0.0
10.629221,0.0444036120176142,-0.0590678448694781,0.0904304703967664,0.11678339365644409,0.02983268948653473,False,0.02500510734146036,0.0,0.0
10.649434,0.1542628345850571,0.0535675210566504,0.0726833274380034,0.17874386012904442,0.028324909002501664,False,0.028123222016928122,0.0,0.0
10.669118,0.1010104093506033,0.0556019540485522,0.0173081111654482,0.11659438581385156,0.027057757371962667,False,0.030111510914585377,0.0,0.0
10.688911,-0.1218657921302338,-0.0796987135201421,0.0407964361828199,0.15122005632029745,0.024978468748103836,False,0.027699421290951667,0.0,0.0
10.709299,-0.1151473028789231,-0.1670050649335696,0.0622685921820433,0.21219559525609827,0.025075427693261786,False,0.025351798079856123,0.0,0.0
10.729232,-0.0959946793771402,-0.1266077931006632,0.1777893729071209,0.23843987263301325,0.03933295576231209,False,0.02343833613583159,0.0,0.0
10.749433,0.0117529546571027,-0.1030266487334427,0.2248105192058442,0.24757300304762095,0.048285257967624035,False,0.023675757572859724,0.0,0.0
10.769353,0.0585297799729739,0.0094870669056143,0.1469668415626142,0.1584771027658156,0.04982615028275815,False,0.024841670789921413,0.0,0.0
10.789457,0.2085882624658513,0.1653335087173251,-0.1500625536266095,0.305553599789372,0.03158258030940474,False,0.029035129218534867,0.0,0.0
10.809147,0.0005439854626318,0.0243194880704791,-0.0505046971106128,0.056057629725385916,0.025699782372619426,False,0.029045840292294088,0.0,0.0
10.829889,-0.1798198199908597,-0.0463448659569489,0.2065131085930929,0.2777241046126449,0.02575791662770885,False,0.02531601758604363,0.0,0.0
10.849352,-0.1096347890363024,-0.0929893275638075,0.2250897331771586,0.26708086788380797,0.035043259337567335,False,0.023182195687030074,0.0,0.0
10.870345,0.106346596463343,0.0259616335236533,-0.0136253324179485,0.1103143448426051,0.03311110775857552,False,0.02541472978658511,0.0,0.0
10.889521,0.0548723311962371,-0.0067163611197745,-0.1248387340084331,0.1365312848633201,0.03781898893413202,False,0.026466961609604146,0.0,0.0
10.909748,-0.0007249178767913,-0.0633881705418233,0.1030451135437076,0.12098297853749079,0.05548177450298431,False,0.026452298695710287,0.0,0.0
10.929755,-0.0598781856001486,-0.0142769969206039,0.3355476057996718,0.3411472197010093,0.020250387008647515,False,0.025254315836408133,0.0,0.0
10.950064,0.0538168148687576,-0.0235343689398806,0.2171909828657181,0.22499342017533136,0.03874038857574869,False,0.02634728152957769,0.0,0.0
10.969769,0.0914275769650301,0.0393936492195635,0.0298000403107092,0.10391777437498559,0.04873511777968737,False,0.028148861933673615,0.0,0.0
10.989859,0.0717425961674449,0.0014768227804551,0.0245023006080291,0.07582574658686964,0.05358198643200903,False,0.029590170690677563,0.0,0.0
11.009775,0.0010796484442851,-0.048115240125758,0.1289074077779428,0.1375985528744813,0.02354014728076271,False,0.029611672969093946,0.0,0.0
11.030283,0.0344943858485685,-0.0215426555209914,0.2384134443735117,0.241857228794195,0.025576393510422853,False,0.030319083834076433,0.0,0.0
11.050249,0.0152625170505813,-0.0233422502455384,0.0217880565814443,0.03539102263061694,0.08214487110587002,False,0.030623815249508343,0.0,0.0
11.070083,0.1389591707255805,0.0166598717562711,-0.1363128187682747,0.19536731307009608,0.1513031938526084,False,0.03337993144167943,0.0,0.0
11.090501,0.015956772799722,0.1055931776297157,-0.1589229774498104,0.1914707563092484,0.2876837570336567,False,0.03370573682870415,0.0,0.0
11.110328,0.0862681194174897,0.0532397094471542,-0.0479344770337295,0.11213549473001314,0.356913829535926,False,0.035416174832394814,0.0,0.0
11.130641,0.4011162563776618,0.3265069084428828,-0.3367691723841659,0.6171827021714682,0.5502519091343527,False,0.043564049348194175,0.0,0.0
11.150605,0.2306275781397243,0.1441475114189959,-0.6266684299628817,0.6831404730793129,0.9883513223236968,False,0.0481682983181756,0.0,0.0
11.170703,0.0722870529665401,0.1366111065267058,-0.6186963790773863,0.6377093553779082,1.4335135146380726,False,0.04962112350869706,0.0,0.0
11.190493,-0.0009115109844357,0.0157885730293631,0.0373931498116277,0.04059996974645562,1.5473464809479482,False,0.049603084706315075,0.0,0.0
11.21044,0.2332432505023643,0.1594337533290441,0.5069509392797809,0.5803626370142613,1.2595365551273212,False,0.05425558782408577,0.0,0.0
11.230928,0.247026204507409,0.1716870468044457,0.1776775830880463,0.34938189890974286,1.336132609521974,False,0.05931666070203364,0.0,0.0
11.250613,0.1030910480311581,0.072304055534258,-0.4130614504681169,0.4318279778959304,1.8436254999934232,False,0.06134600798252689,0.0,0.0
11.270787,0.0352583783282777,0.0726006823149444,-0.3961129896974018,0.4042517939625616,2.183372918225606,False,0.06205731050692159,0.0,0.0
11.290706,0.2756043194091422,0.1976161113295561,-0.2014147245747271,0.3944334666448895,1.9814043356541338,False,0.06754707294523224,0.0,0.0
11.311264,0.4171320986361871,0.2806762480820084,0.3933030553422192,0.6383303512222708,1.6234289003174731,False,0.07612247462899473,0.0,0.0
11.331217,0.1700752597433467,0.2506683874285652,0.3925222162665971,0.4958164223738917,1.6117718900641615,False,0.07951598628665389,0.0,0.0
11.351189,-0.1382793207383427,-0.128306644424069,-0.0163236548028962,0.18934156240336153,1.9625903648874363,False,0.07675427169286782,0.0,0.0
11.37112,0.1643613776215186,0.178506642625247,-0.2207629014162488,0.32804807964184374,2.052159720348784,False,0.08003015831024225,0.0,0.0
11.391,0.3154258282149578,0.1315663571591725,0.192856879574494,0.39242443277711175,1.6818641334917634,False,0.08630082377515579,0.0,0.0
11.410879,0.3552415541778536,0.2365441124007175,0.5776086736537014,0.7181792664830475,1.265456405660424,False,0.09336267063065717,0.0,0.0
11.431831,0.1645084899277656,0.1186467588038468,0.2790544736860791,0.34498042831034137,1.549614132720788,False,0.09680945251162391,0.0,0.0
11.451718,-0.0271979461461418,0.0006496382160741,-0.2034665813072642,0.20527737335918383,2.2309978029435618,False,0.09626856695661562,0.0,0.0
11.471423,0.2245236884452988,0.1751305488113843,-0.1396261092832116,0.31713884371616413,2.3361934385846563,False,0.10069280623743025,0.0,0.0
11.491046,0.6228675650589147,0.4407231796321988,0.235920050206543,0.7986608759398413,1.5903478145899408,False,0.112915336466582,0.0,0.0
11.511419,0.5352689252881394,0.3558288562456894,0.8303547187023881,1.050055215780369,0.9360026551944176,False,0.1238203702814769,0.0,0.0
11.531817,0.4145805132365928,0.3763752226313652,0.7442667180245195,0.9313797602081098,1.0616165664141644,False,0.13227698359047696,0.0,0.0
11.551943,0.2045963904865778,0.0383635688130087,0.0415212601727148,0.2122627180136374,1.5805200800388461,False,0.1363946905454097,0.0,0.0
11.571486,-0.0072632245580356,0.0733269230094089,0.0290392004708532,0.079201434538742,1.5626264152720573,False,0.13625274534787202,0.0,0.0
11.591591,0.558267650664788,0.2190952252478399,0.3326273148633518,0.6857889019941827,1.0254220018967801,False,0.1474767164644871,0.0,0.0
11.611338,0.9180756073132798,0.5177611407803441,0.5560601047476865,1.1916972181463792,0.7364390757041617,False,0.165605955482103,0.0,0.0
11.632366,0.697746877146418,0.2197775918706717,0.5420684084073208,0.9104894583954809,0.9005761937232186,False,0.18027817681473746,0.0,0.0
11.651689,0.2772527124657429,0.154176527426334,0.3647073433672485,0.4833745074834327,1.0433237589272084,False,0.18563553097771301,0.0,0.0
11.671759,0.4320140050953753,0.282301897016577,0.2172881496047249,0.5599505349728227,0.784574023295444,False,0.1943060520599774,0.0,0.0
11.691704,0.6845930588367845,0.3622414999520548,0.31064415345657,0.8344976636107309,0.4391248510264478,False,0.20796026061847697,0.0,0.0
11.711781,0.4661767075944469,0.212736633552271,0.3089830903841815,0.5983712460522405,0.5715716089703897,False,0.21731969037685095,0.0,0.0
11.732622,0.3532639445766414,0.1125086247948265,0.3561716530368723,0.5141126837747632,1.0633497887064256,False,0.2246820642457724,0.0,0.0
11.752543,0.5539694955704887,0.1950840061220131,0.1824739178926719,0.6150095138925388,1.1005652994061734,False,0.23571769056703212,0.0,0.0
11.773189,0.7263169829296031,0.4511501848473451,0.1430567726113771,0.8669129651641728,0.5764979632808775,False,0.2507132309965975,0.0,0.0
11.792038,0.6628939431839542,0.333618768793458,0.2986876968224798,0.7999651261363534,0.0997755191367101,False,0.26320811893167145,0.0,0.0
11.811968,0.5530857156792629,0.289902000841313,0.3583184493364779,0.7199577002262961,0.07063059849668556,False,0.2742311172451594,0.0,0.0
11.833127,0.3965308588479307,0.1913657227220143,0.0718477670756243,0.4461161995325316,0.5352773355392512,False,0.2826213136875224,0.0,0.0
11.852225,0.2990144843125842,0.1230613648301091,0.0019453413918952,0.3233535923655417,0.7931867610355079,False,0.2883318923089246,0.0,0.0
11.873425,0.3629502807637002,0.1703615337775784,0.0760507712990499,0.40809273249186656,0.5319691796861921,False,0.2960264382611145,0.0,0.0
11.892117,0.6508453635018958,0.3173768636974226,0.3850680122950862,0.8201250727146536,0.12336483128104217,False,0.30819203979569293,0.0,0.0
11.912374,0.6821174381951259,0.4333206934088897,0.4420245597856524,0.9211062556947175,0.2510982605654607,False,0.32200969274121094,0.0,0.0
11.932369,0.2991011302801669,0.070028616101795,0.1804979908702346,0.35629344354927056,0.09478317636585092,False,0.32799021984116283,0.0,0.0
11.952413,0.1020512707369411,0.0475590081123064,-0.0770933087874841,0.13645401925723277,0.352306972724072,False,0.33003573551181414,0.0,0.0
11.972862,0.2583201402418335,0.1231642416901625,0.0995877194053012,0.3030122755632555,0.3422610763452368,False,0.3353181240596192,0.0,0.0
11.993617,0.5779605073337316,0.2847697994298714,0.2959385551278952,0.7090217310604661,0.15223569580752078,False,0.34731369438933146,0.0,0.0
12.012478,0.6668708906757471,0.3307831863277274,0.1977904355389697,0.7702307171091552,0.06002062747089537,False,0.3598915462583663,0.0,0.0
12.032939,0.3258606128492626,0.1347771529474828,0.1377439595804386,0.3785807950279883,0.13701198813607515,False,0.36655898025787537,0.0,0.0
12.052732,0.1478907666470274,0.0714326643735042,0.1589831823797389,0.22858249425214638,0.18392305394648056,False,0.36948618220212,0.0,0.0
12.073009,0.3085066104400323,0.0806140722721919,0.0932689670193873,0.33222591341189445,0.07953013107621539,False,0.37574177074201254,0.0,0.0
12.092609,0.5555562346166165,0.2205080617687052,0.0958407579815148,0.605352778152422,0.0584006121372028,False,0.3866306729404975,0.0,0.0
12.112828,0.3522081186676394,0.1447633944243733,0.1232734724754536,0.4002541045846014,0.13699446351221645,False,0.39375196889183883,0.0,0.0
12.132806,0.0892283918199837,-0.0255146163069301,0.1415801109895245,0.16928564434079008,0.20224964829882894,False,0.3955345737036185,0.0,0.0
12.153243,0.1991742980870021,0.064317174955304,0.184339664925929,0.27890538194463893,0.07961221211598131,False,0.39960509883362244,0.0,0.0
12.173175,0.4531352839452607,0.1228668479455441,0.167871756999034,0.4986068337660127,0.18442219944735505,False,0.40863699131321973,0.0,0.0
12.193633,0.4501082561116931,0.1826561814374437,0.0861842540195745,0.49334414811379734,0.25340443968881055,False,0.41784530601675257,0.0,0.0
12.213112,0.1793787835302987,-0.0033699111950056,0.0417504469183249,0.1842042456083786,0.0392619554021447,False,0.42133942534113933,0.0,0.0
12.23331,0.0356650696687829,-0.0470615720617106,0.1289600384474702,0.14183610356947807,0.11525938127978996,False,0.4220597884183094,0.0,0.0
12.253305,0.2542403495563232,0.0719790165741827,0.2105725510724152,0.33787561828970847,0.07072550151819355,False,0.427143324207688,0.0,0.0
12.273669,0.5156269274690609,0.1152770661440012,0.0917946177367063,0.5362706239907056,0.17281535652250352,False,0.43764355095866836,0.0,0.0
12.293186,0.3894387435602791,0.1737976315254295,0.1828674216763719,0.4640136265458395,0.14387891763910376,False,0.4452442269167345,0.0,0.0
12.31344,0.1748234963466876,0.0277222703035678,0.1852850692486267,0.256246631260067,0.03491019099059757,False,0.4487851020117402,0.0,0.0
12.333416,0.1140999600252246,0.0241662334151782,0.1558915702309296,0.19469203729043358,0.009658607922469987,False,0.45106436281320406,0.0,0.0
12.353744,0.2569604323352236,0.0426796688476578,0.15961182422547,0.3054932934639205,0.1351181856524132,False,0.4562878544817147,0.0,0.0
12.373816,0.373033045145566,0.1419972781194983,0.2227861198572363,0.4571110750845607,0.3147456623593088,False,0.4637753737638761,0.0,0.0
12.393706,0.2862174479757578,0.113423159942418,0.1015941148586385,0.3242014881381472,0.5008687271072132,False,0.469468238804114,0.0,0.0
12.414099,0.1064272128827985,0.0072008194310584,0.2608293401480388,0.2817987723971497,0.4663320482488845,False,0.47163860895643295,0.0,0.0
12.433936,-0.0213606197309685,0.0592373745009289,0.4234183398713327,0.42807526575644356,0.2029206815014182,False,0.47121487834282977,0.0,0.0
12.453774,0.141251725026998,0.0632350531914542,0.349375475504118,0.3821177104753943,0.26032120697515215,False,0.4740170300639154,0.0,0.0
12.474047,0.4284658370397276,0.2887450883041104,0.5772763345437077,0.7747287692825933,0.8024699612683331,False,0.48270331797822236,0.0,0.0
12.493763,0.4164267474008121,0.3338438522850749,0.9549698435893176,1.0939974203920064,1.481407974784124,False,0.49091358772997634,0.0,0.0
12.513928,0.3979724606033228,0.3356113638441108,1.266041974393506,1.368897128299338,1.87833705835481,False,0.4989387023980425,0.0,0.0
12.533913,0.383282030112054,0.3940801609635308,1.201843281872442,1.3216018924221402,1.9651868296370705,False,0.506598593769832,0.0,0.0
12.554347,0.6022022207006592,0.544552905798306,1.6149267780600134,1.807532539216232,1.9254764741907393,False,0.5189039939476291,0.0,0.0
12.574212,0.4019769570963927,0.5400151255443991,1.5551729055052927,1.69462815268453,1.7718812625909786,False,0.5268892662003487,0.0,0.0
12.594376,-0.0687916043593731,0.2588883800922,1.9458304691080128,1.964182194371543,1.8623222948711105,False,0.5255021522900463,0.0,0.0
12.614114,0.1857044861274945,0.3111310442648394,2.5948064612712374,2.6199826820664613,2.6252328037187485,False,0.5291675874372308,0.0,0.0
12.634764,0.8482180117237464,0.2934192715544816,2.789667622107573,2.930497245548521,3.362052362066213,False,0.546683289379326,0.0,0.0
12.65425,0.6119974179391605,0.1073000904526093,2.6750656390286824,2.746275718511758,3.583964824175734,False,0.5586086710652877,0.0,0.0
12.674495,-0.4744538076697806,-0.2110794824573692,1.866213405944344,1.9371147204162207,3.2785252654187373,False,0.5490033537290125,0.0,0.0
12.694297,-1.2112783752050198,-0.255869670675073,1.074138118947543,1.6390354752679543,2.9154551850237724,False,0.5250176193432023,0.0,0.0
12.714457,-1.010283068487121,0.3456922504956694,0.6357750052912348,1.2427328224029421,2.6650958639908247,False,0.5046503126825032,0.0,0.0
12.734467,-0.8006273454516043,0.5570810170962374,0.5608089187523255,1.125100017441122,2.4788407732992854,False,0.48862975950001575,0.0,0.0
12.754728,-0.5981563613013486,0.2473587500749456,1.311584814102007,1.462611400333973,2.313299403966767,False,0.47651051346368933,0.0,0.0
12.774714,-0.8959478037436011,-0.3837624162640322,1.7396776898362791,1.9941099577716077,2.022545864316802,False,0.4586041006580703,0.0,0.0
12.794702,-1.255878111235575,-0.3356262996703552,1.7471160186683896,2.177679780408207,1.9805844845938787,False,0.433501608970694,0.0,0.0
12.814364,-0.7210533472390684,-0.1149126188495637,1.1156525938999682,1.3333429978108622,2.2614169871023346,False,0.41932425805727924,0.0,0.0
12.83493,-0.2146980776798344,0.2155661025186944,0.3380858780835467,0.4548253181981399,2.392913099134609,False,0.41490877739171567,0.0,0.0
12.854892,-0.6384018788785076,-0.1190078788697033,0.2233958441860508,0.6867499817169804,2.1883485092518966,False,0.40216499908554315,0.0,0.0
12.875073,-0.8695628297560479,-0.6841688759315946,0.2087280417234485,1.125963570053913,1.9622197143230418,False,0.3846163516182356,0.0,0.0
12.894813,-1.1007049023743405,-0.8224323480253833,-0.0982947984621596,1.3775369746740624,1.7064894442070246,False,0.3628884368453675,0.0,0.0
12.914952,-0.2260988142356006,-0.3123892303996901,-0.7437475552176487,0.8377757044464137,1.6341151874938316,False,0.35833503282547663,0.0,0.0
12.934794,0.3797244271055795,-0.0345644487187577,-1.5030608603800353,1.5506699493000642,1.6127460639080784,False,0.36586952490810576,0.0,0.0
12.955078,0.7436181643427633,-0.1374421877594793,-1.430237282192003,1.6178495024842638,1.62120174473876,False,0.3809530757536345,0.0,0.0
12.975558,0.8577934367597247,0.513628435461699,-1.000962153192866,1.414761104210669,1.3718413560893257,False,0.39852068533847296,0.0,0.0
12.994852,0.0951745327262676,0.1751213626631604,-1.17156085956511,1.1883940975137854,1.0499396156608247,False,0.4003569827728936,0.0,0.0
13.015412,-0.757025383855398,-0.2673258644862309,-1.277864402324365,1.509134844986534,0.7725050697432347,False,0.38479254088082687,0.0,0.0
13.035241,0.4100622139257804,-0.4683594839791553,-1.4194734396180628,1.5499730550251727,0.6059694692358684,False,0.39292366452076105,0.0,0.0
13.055346,1.8755150061893284,-0.6092509326666041,0.773303279113188,2.118192908798368,0.5144501269015297,False,0.43063089372019925,0.0,0.0
13.075956,1.1750576438965652,-0.4297299070305948,1.580314667955193,2.015644489792434,0.9911437855155022,False,0.45484883176090696,0.0,0.0
13.095461,0.449872539502501,0.3217414943357615,1.9690164153900271,2.045220901284561,1.7764881653903581,False,0.4636235956439035,0.0,0.0
13.115569,0.0530217681661238,0.1189332047669188,2.526262885142411,2.529616686366464,2.3128244441068153,False,0.4646897573581879,0.0,0.0
13.135486,-0.4668191931927256,-0.4186143632606179,2.937318020659883,3.0034971780833244,3.2749715860321595,False,0.45539211948736863,0.0,0.0
13.155734,-1.2802579737281556,1.6210945818252942,0.3654774930896334,2.0977564016045647,6.463432641283499,False,0.42946945603532033,0.0,0.0
13.175747,5.140733137508449,-5.103563376999117,-26.1519881511964,27.136690671385132,5.6328550241797455,False,0.5323509483162704,0.0,0.0
13.196029,2.097031511703455,4.371432941800877,2.2044103532352475,5.326010902278543,2.088319507364235,False,0.5748829414366396,0.0,0.0
13.215705,0.5290968493753873,-0.9443404381802698,0.6215268545907584,1.2482059005544506,1.1443439524177161,False,0.58529345104495,0.0,0.0
13.235774,-1.288406902262609,0.4119559309957224,-0.6807816511946587,1.514319547349175,0.20974380142688365,False,0.5594364129234424,0.0,0.0
13.255739,0.8651667010710908,-0.2127977245025109,0.3291732700973977,0.9498164738212825,0.36701795657160974,False,0.5767094661103275,0.0,0.0
13.27622,-0.0627626711273149,-0.0758211345089336,-0.0406261946762089,0.10648232256636082,0.2142351555417551,False,0.575424023842969,0.0,0.0
13.296153,0.3648740662751259,-0.1269269440871576,0.7585737785835622,0.8512800426005491,0.5457797478937818,False,0.582697058606031,0.0,0.0
13.315893,0.0548115701856347,0.4254444469677396,-0.4083361985432017,0.5922379055097821,0.34393100460848247,False,0.5837790390014955,0.0,0.0
13.335972,0.222113999230817,0.2270619326148722,1.2861288407189608,1.3247713556784833,0.10499988943803702,False,0.5882388659920509,0.0,0.0
13.356312,0.7693490229204046,-0.2139825234284642,0.2379569411409896,0.8332526299019829,2.0865950642757687,False,0.6038874251182527,0.0,0.0
13.377249,-1.812743496002876,0.637392609634072,-1.63982094032799,2.5261276763962335,1.6339659518242722,False,0.5659340145424405,0.0,0.0
13.396056,0.2082161169877696,0.0498646814325371,0.9955768875106266,1.018338733807754,0.5809371770355208,False,0.5698499350546293,0.0,0.0
13.415993,0.5316498667085384,-0.0010811978085856,-0.2923555356353837,0.6067326503300775,0.03616500070510161,False,0.5804494384471978,0.0,0.0
13.436187,-0.0985906806755249,0.103119632156005,0.268163941541145,0.3037526631898652,0.0014966382328405218,False,0.5784584982416362,0.0,0.0
13.456122,0.0474141420357416,0.1032016096421849,0.0734445283572551,0.13525077391032939,0.018058828035063628,True,0.0,0.0,0.0
13.47652,0.0258896101683425,0.1133722859193699,0.0909986301866645,0.1476627841573544,0.008767548916316351,True,0.0,0.0,0.0
13.496274,0.0460262369828621,0.0915939725146488,0.0849837967142068,0.13315448169618044,0.009502743761672204,True,0.0,0.0,0.0
13.516793,0.0415503285809149,0.0921972921848385,0.0873597942183757,0.1336357143030089,0.002663287254503352,True,0.0,0.0,0.0
13.536374,0.0637833770689874,0.092429737527753,0.0935949510287841,0.1461902542163958,0.002799080920588042,True,0.0,0.0,0.0
13.55662,0.0391719655124024,0.0992624001545016,0.094580099477687,0.14259334551004268,0.0028658440292521157,True,0.0,0.0,0.0
13.57677,0.0409927159655083,0.0891459182603461,0.091901534467178,0.13443693518572583,0.002286152663318878,True,0.0,0.0,0.0
13.596644,0.035103370461293,0.06758373925763,0.0893189123474744,0.11737834780197713,0.002663287254503352,True,0.0,0.0,0.0
13.616663,0.0410135897294426,0.0891483907202786,0.1085258240149595,0.14631269455736387,0.0037155815157253647,True,0.0,0.0,0.0
13.636888,0.027042505942652,0.073702963503732,0.0968216786873039,0.12465095836261485,0.002286152663318878,True,0.0,0.0,0.0
13.657312,0.0452952538698318,0.0585522404824012,0.1101970277149106,0.13275319132074465,0.002518247406431703,True,0.0,0.0,0.0
13.677509,0.0385197274853389,0.0787300642973509,0.113104079429231,0.14308992002703605,0.002026457746907149,True,0.0,0.0,0.0
13.69677,0.0267442581307633,0.068011147100065,0.0846089789093582,0.11180094268348456,0.001833,True,0.0,0.0,0.0
13.717005,0.0299583492953263,0.0641444842535594,0.0915598600578917,0.11573774460596949,0.003054,True,0.0,0.0,0.0
13.737357,0.0255763204960992,0.0432975659717814,0.1010047817538275,0.11283081727231382,0.0017281689732199222,True,0.0,0.0,0.0
13.757146,0.0332398932110099,0.0638607146265674,0.0913515533547446,0.11631073756803355,0.001222,True,0.0,0.0,0.0
13.777541,0.0364658229680716,0.0681774822914837,0.1032320599724929,0.12897590295287212,0.0017281689732199222,True,0.0,0.0,0.0
13.797257,0.0084543480318207,0.061858881812884,0.1114536500561147,0.12774941632201056,0.0017281689732199222,True,0.0,0.0,0.0
13.817402,0.0361412341059855,0.0341659252065535,0.0907982130565052,0.10352687932212566,0.0014966382328405218,True,0.0,0.0,0.0
13.837505,0.0359978184983091,0.0566094299016858,0.0958839026495148,0.11702219139006376,0.001058283043424584,True,0.0,0.0,0.0
13.857323,0.0227042017358713,0.0500974371971042,0.1106979715063136,0.12360936407001517,0.001058283043424584,True,0.0,0.0,0.0
13.877743,0.0337983141203538,0.0237227779728885,0.1146729180459846,0.12188098442870476,0.0025913106722274732,True,0.0,0.0,0.0
13.897454,0.015457128550213,0.0530306715359205,0.1133935776175079,0.1261319879787292,0.001833,True,0.0,0.0,0.0
13.917687,0.0016763441164702,0.0354431240903286,0.1137198302021644,0.11912692792181102,0.0008640844866099611,True,0.0,0.0,0.0
13.937486,0.0106071406359719,0.0349922871264102,0.0965758042874256,0.10326595549633748,0.0022029918293084974,True,0.0,0.0,0.0
13.958408,0.0049037322677469,0.0399971816632332,0.1040698869118923,0.11159911510854138,0.0008640844866099611,True,0.0,0.0,0.0
13.977857,0.0280939270503413,0.033688379634077,0.1054421972229899,0.11420259460577721,0.001222,True,0.0,0.0,0.0
13.997957,0.0159206036714921,0.0454599721407608,0.1108653023379435,0.12087675521284932,0.0013662375342523715,True,0.0,0.0,0.0
14.017542,0.0247436315527235,0.0451434941952508,0.1032871191829354,0.11540542170835597,0.001833,True,0.0,0.0,0.0
14.037915,0.0130979161336742,0.0391865272088269,0.0940959114252919,0.10276760125978067,0.001833,True,0.0,0.0,0.0
14.057815,0.0092508311522746,0.0440311568048904,0.094310527659239,0.10449304414145864,0.001833,True,0.0,0.0,0.0
14.07824,0.0151467615102352,0.036691182882955,0.0939861653730957,0.10202483309046521,0.0025192175372523904,True,0.0,0.0,0.0
14.097951,-0.0118263180397726,0.0338249931896211,0.104645241840048,0.11061021020872304,0.0019321516503628797,True,0.0,0.0,0.0
14.118341,0.0194982056786899,0.0289648525966885,0.108114979242206,0.11361334185375864,0.0014966382328405218,True,0.0,0.0,0.0
14.137981,0.0277162567712814,0.0341241654823942,0.1078290874986382,0.11644638968242166,0.001058283043424584,True,0.0,0.0,0.0
14.158612,0.0093163924307912,0.029779754146833,0.1061232380004728,0.11061541740948824,0.002116566086849168,True,0.0,0.0,0.0
14.178712,0.0121688622895095,0.0311974949844705,0.1060268601543796,0.11118929794239857,0.0019321516503628797,True,0.0,0.0,0.0
14.198358,0.0067340473807855,0.0418402779973013,0.1015718576264426,0.11005815970978455,0.0008640844866099611,True,0.0,0.0,0.0
14.218316,0.0185468234919227,0.0508911008216621,0.103586498960519,0.11689333416144274,0.002663287254503352,True,0.0,0.0,0.0
14.238387,0.0227327444944927,0.0103090041670343,0.1077642339348159,0.11061728325503907,0.003863354630369829,True,0.0,0.0,0.0
14.258542,0.0193606738600074,0.0292334652700695,0.1176798653639146,0.12279243419722162,0.0014966382328405218,True,0.0,0.0,0.0
14.278864,0.0071913092244285,0.0358929458039724,0.0942752992304623,0.10113283607138414,0.0008640844866099611,True,0.0,0.0,0.0
14.29851,0.0319870886837928,0.0226207019580496,0.1146662061673637,0.12117429115268673,0.002116566086849168,True,0.0,0.0,0.0
14.318671,0.0137777064253719,0.0309830484900468,0.1059204928949313,0.11121567022315479,0.0019321516503628797,True,0.0,0.0,0.0
14.338428,0.0099838955739217,0.013722919809115,0.1034915085934979,0.10487368139755762,0.001058283043424584,True,0.0,0.0,0.0
14.358744,0.013759089998031,0.0319539042803769,0.1035295859384657,0.10921877000279559,0.0014966382328405218,True,0.0,0.0,0.0
14.378807,0.0159199762918311,0.0185553625724705,0.1056911094249191,0.10848206182036978,0.0014966382328405218,True,0.0,0.0,0.0
14.399388,0.0078508459639545,0.0295051433125895,0.0989394122091393,0.1035432110403003,0.0019321516503628797,True,0.0,0.0,0.0
14.41876,0.0053570801570143,0.0395126050859824,0.1087284367960812,0.115809400467358,0.001222,True,0.0,0.0,0.0
14.438803,0.008769568478527,0.0211389401794426,0.1083903319122345,0.11078007120079851,0.0008640844866099611,True,0.0,0.0,0.0
14.459313,-0.0070572985012468,0.0290563221885811,0.1019343831918107,0.10622943941279757,0.0013662375342523715,True,0.0,0.0,0.0
14.479373,0.0095919358795121,0.0131668379024382,0.1106665349663096,0.11185907569667819,0.0033456719803351908,True,0.0,0.0,0.0
14.499172,0.01268339307242,0.0249900776617688,0.1226487645770273,0.1258097448278225,0.002026457746907149,True,0.0,0.0,0.0
14.519168,0.0133138454255169,0.0317734759838479,0.1083080878169742,0.11365497852131297,0.002518247406431703,True,0.0,0.0,0.0
14.538803,0.0161888513684815,0.0214417028624456,0.112871304406072,0.11602481152150329,0.002026457746907149,True,0.0,0.0,0.0
14.559495,0.0270693739365116,0.0282097319710429,0.1100860736960633,0.11682244478270369,0.001058283043424584,True,0.0,0.0,0.0
14.579557,0.0086227926392914,0.0241616750284892,0.1060009160181483,0.10906114472977563,0.003114716520006275,True,0.0,0.0,0.0
14.599411,0.0011193254712656,0.0248418245222817,0.0991290576492236,0.10220048534879644,0.001833,True,0.0,0.0,0.0
14.619661,0.0150924457600296,0.0066221270459616,0.1127446115201653,0.1139428888192031,0.0014966382328405218,True,0.0,0.0,0.0
14.639502,0.0046503322464913,0.0181094564805645,0.1037002499171428,0.1053722915993673,0.0014966382328405218,True,0.0,0.0,0.0
14.659725,0.0153616465924793,0.0202893572502967,0.1128654083187239,0.11569891355848883,0.001058283043424584,True,0.0,0.0,0.0
14.680255,0.0063978317750732,0.0244842274544316,0.1108845008965619,0.11373558011696303,0.0008640844866099611,True,0.0,0.0,0.0
14.699548,0.0206390131989771,0.0091098816771627,0.1197222750247064,0.12182931481006898,0.001833,True,0.0,0.0,0.0
14.719633,0.0022340798213223,0.0149372267330122,0.1157559916386503,0.1167371468529565,0.002026457746907149,True,0.0,0.0,0.0
14.739626,0.0224525826740902,0.0054895629999667,0.1291828704234099,0.1312344001453086,0.0013662375342523715,True,0.0,0.0,0.0
14.760028,0.0139986440599767,0.0147000396804915,0.1152485210640517,0.11702253975015717,0.0019321516503628797,True,0.0,0.0,0.0
14.781132,0.0026992393093335,0.0214627995064358,0.103804703749704,0.10603468383536739,0.0,True,0.0,0.0,0.0
14.80005,0.0079381779123087,0.0006225609930583,0.1009799380018456,0.10129338640609328,0.003054200058935236,True,0.0,0.0,0.0
14.819963,0.0065805370383118,0.0105420442567557,0.1275087748955652,0.1281129417357665,0.0013662375342523715,True,0.0,0.0,0.0
14.840445,0.0076095394694107,0.0053590068373845,0.1154399577902136,0.11581454096885223,0.000611,True,0.0,0.0,0.0
14.860183,0.0079316475952857,-0.0021034473697297,0.1033702233162117,0.10369541259311571,0.0022029918293084974,True,0.0,0.0,0.0
14.880777,-0.0030585847662138,0.0292681215310765,0.09454896504349,0.09902264725569132,0.0013662375342523715,True,0.0,0.0,0.0
14.900391,-0.0109757038194108,0.0112460236542038,0.1066894109162142,0.10784048184244703,0.0013662375342523715,True,0.0,0.0,0.0
14.920478,0.0232143241392836,0.0233407971037777,0.1053855849970091,0.11040751414575582,0.0017281689732199222,True,0.0,0.0,0.0
14.940108,0.0091717350597013,0.0141421445341894,0.1034913088790006,0.10485500459930353,0.0008640844866099611,True,0.0,0.0,0.0
14.960589,-0.0059365154684489,0.0122716265317445,0.1064880158469847,0.1073570330843276,0.0017281689732199222,True,0.0,0.0,0.0
14.980666,0.0243296146952931,0.0131490856521247,0.1172343604924091,0.12045216430090605,0.0033456719803351908,True,0.0,0.0,0.0
15.000937,0.2256764250121614,0.0760615423660302,0.6798248265268256,0.7203311750824045,0.045823254369370146,False,0.004574686811421758,0.0,0.0
15.020602,-0.2536849465380305,0.0167052718933758,-0.8319991614363804,0.8699757024422436,0.32769304562196616,False,-0.0004140276622485667,0.0,0.0
15.040738,0.0289883845482213,0.0520286287322069,0.0458531433982027,0.07516525398058281,0.10587229179535124,False,0.00016968244901438968,0.0,0.0
15.061494,-0.0471041268104568,0.0474351124388245,0.2347257856344597,0.24405958923257623,0.12464375296820936,False,-0.0008080108070634725,0.0,0.0
15.081586,0.1435614548577617,-0.0077724938655201,0.182950191102476,0.23268234872073815,0.07828152980748396,False,0.0020764259439386753,0.0,0.0
15.100879,-0.0580719678503051,0.0515282390844277,0.1141570394846365,0.13805557771073818,0.0014966382328405218,False,0.0009560434682026743,0.0,0.0
