time_seconds,forward_acceleration,right_acceleration,down_acceleration,acceleration_magnitude,stationary,forward_velocity,right_velocity,down_velocity
0.019504,2.305616,8.439561,6.500257999999999,10.899330671134855,False,0.0,0.0,0.0
0.024202,2.5187,8.355764,6.514622999999999,10.890498360764994,False,0.011832852600000002,0.03925537927200001,0.030605698854000003
0.039519,3.174711,8.394072,6.397307,11.021105730685736,False,0.06045990098699999,0.16782738009599998,0.12859325017299997
0.059027,0.1496508456028917,-0.247846951121239,0.0985048527965322,0.3058213412994928,False,0.0633792896830212,0.16299238177352685,0.1305148828413547
0.078503,-0.0955654334777457,-0.16553280907731,0.0277854793693332,0.1931473422561083,False,0.06151805730060862,0.15976846478393716,0.13105603283755185
0.09817,-0.1521118174737769,0.0288555080304207,0.0305098833951262,0.15780208599271903,False,0.05852647418635185,0.16033596606037145,0.13165607071428378
0.118543,-0.179439418909912,0.0091440601834861,0.046414954176889,0.18557065195393585,False,0.05487075490490022,0.16052225799848963,0.13260168257572955
0.138369,-0.2243581367124498,-0.1607008455139223,-0.0013385231158409,0.27597667818513844,False,0.05042263048643919,0.1573362030353306,0.1325751450164349
0.158983,-0.2198382454072344,-0.324401862314763,-0.1017559120716278,0.40486996438183304,False,0.04589088489561446,0.1506489830455741,0.13047754864499034
0.178772,-0.1243833299049699,-0.3403629084382781,-0.0780456534196432,0.37068753177914054,False,0.043429463180125014,0.143913541450489,0.12893310320946902
0.198839,-0.132967872706775,-0.0726286188921536,0.0107239514433015,0.15188934982053579,False,0.04076119687851816,0.14245610295518016,0.12914830074308176
0.2189,-0.0147902117882963,0.095015584872682,0.1035615708708217,0.14132130304618876,True,0.0,0.0,0.0
0.239016,0.1837983504189992,0.0296340072301856,0.017127077210004,0.18695813642369608,False,0.0036972876170285867,0.0005961176894424134,0.0003445282851564404
0.259049,0.1607863590192331,-0.0679125786547036,0.0203576750618772,0.17572366522502883,False,0.0069183207472608785,-0.0007643749987472616,0.0007523535896710256
0.279679,0.2938491442125188,-0.0576893933922441,0.1252236089333589,0.3245864105268265,False,0.012980428592365152,-0.0019545071844292595,0.003335716641966225
0.299294,0.0600496897950869,0.2649284958869196,0.1079989529129061,0.29233003097129084,False,0.014158303257695782,0.0032420652623926663,0.005454116103352877
0.319242,0.1545274970721563,0.1710527764668175,0.2006719899510187,0.305625665216935,False,0.017240817769291157,0.006654226047352746,0.009457120958895802
0.339171,0.0957170752275215,0.1051784216587795,0.1008471021719064,0.1743398889790112,False,0.019148363361500432,0.00875032681259056,0.011466902858079723
0.35978,0.0715172774539864,-0.0610538179439187,-0.0060213549335284,0.09422603873237571,True,0.0,0.0,0.0
0.379354,0.1099408166882053,-0.2338218389796932,-0.1043781190673183,0.2786654397264691,False,0.0021519815458549345,-0.0045768286761885225,-0.002043097302623692
0.399492,0.0582703663079772,-0.0959912931975629,-0.0405316011565268,0.119384147405416,True,0.0,0.0,0.0
0.419252,0.2297925526728312,0.0413121483960875,0.0608525492494944,0.24127648791201847,False,0.004540700840815144,0.0008163280523066891,0.0012024463731700095
0.439625,0.3186888310078009,0.2302702165441455,-0.0064371163270848,0.39322815273453493,False,0.011033348394937064,0.00550762317396056,0.0010713030022383111
0.459704,0.276018311232649,0.0901126980211667,0.0085457403921918,0.2904813869411055,False,0.016575520066177428,0.007316996037527567,0.0012428929235731303
0.480025,0.0568851218784158,0.000347829357126,0.151967819059724,0.16226600416030745,False,0.017731482627868715,0.0073240642778937244,0.004331030974685779
0.500253,-0.0866725049511878,0.1420658590652585,0.4021948392285086,0.43526488501659477,False,0.015978271197716092,0.010197772475065769,0.01246662818260004
0.52,-0.0926091438405581,0.0358233499901011,0.2357461490749663,0.2558046378216601,False,0.014149518434296585,0.010905176167320297,0.017121907388383414
0.539647,0.181787871079158,-0.1805210403050288,0.1375274860200104,0.29077222266799585,False,0.017721104737388797,0.0073584792884474025,0.019823909906218556
0.560247,0.1463557372467911,-0.1089477491174271,0.0669293980754677,0.19434288818876294,False,0.020736032924672704,0.005114155656628397,0.021202655506573194
0.579919,-0.1048128432541772,0.0903336606275079,0.2771456767376072,0.3097670552007375,False,0.01867415467217654,0.006891199428492725,0.02665466525935538
0.600047,-0.16856400404306,0.1839596782992995,0.228200259188597,0.3381277051540636,False,0.015281298398797822,0.01059393983330103,0.031247880076303466
0.619793,-0.1305581564784314,0.0754988541588016,0.1034481384182939,0.18288528247114108,False,0.01270329704097471,0.01208474020752073,0.033290567017511104
0.640071,-0.1481937068596633,-0.0981251291365342,-0.0279221689049649,0.17991543357151638,False,0.009698225053274471,0.010094958838890097,0.032724361276456226
0.660458,-0.038672698006339,-0.1093891086549992,-0.0988407189108802,0.15241732965199314,False,0.008909804759019237,0.007864843080740624,0.030709295540020106
0.680539,0.016286390068366,-0.0855159241854617,-0.1218147320876994,0.1497232404950901,True,0.0,0.0,0.0
0.700175,-0.0755485429062699,-0.1271249065997445,-0.0578815686864579,0.15880365300225122,False,-0.0014834711885075148,-0.0024962246659925814,-0.0011365624827272866
0.720824,-0.155073085367359,0.0416441089876603,0.0409236647303963,0.16570045248488074,False,-0.004685575328258115,-0.0016363154595063828,-0.00029152972970933225
0.740352,-0.0949149421110761,0.2251729816327344,0.0914516338193269,0.2609120909838195,False,-0.006539074317803208,0.002760862525817652,0.0014943377755144826
0.760819,-0.039058496067107,0.1395433802964069,0.1000700918222783,0.17610208510091827,False,-0.007338484556808687,0.005616896890344213,0.003542472344841054
0.780709,-0.0367513059972675,-0.0039329570710189,0.0053125971143508,0.03734100068191366,True,0.0,0.0,0.0
0.800475,-0.0433068405752801,-0.094780635148031,-0.0057484535228873,0.10436424654823936,True,0.0,0.0,0.0
0.820665,-0.040752843048385,-0.0770268948855278,-0.0229125615333352,0.09010506216773463,True,0.0,0.0,0.0
0.8409,-0.205624859133787,0.02363828186596,0.0128137596305677,0.2073753685933657,False,-0.004160819024572181,0.0004783206335577006,0.00025928642612453747
0.861094,-0.1340855482199388,0.0035448978298396,0.1503084814138358,0.20145505733785624,False,-0.006868542585325631,0.0005499063003334817,0.0032946158997955444
0.880796,-0.0389076434236947,0.113432296220215,0.2005782627877259,0.2336928112833555,False,-0.0076351009760592635,0.0027847494004641575,0.00724640883323932
0.900932,0.0801088828600722,0.1742059278171844,0.1507723678123742,0.24392098166308834,False,-0.006022028510788855,0.0062925599629909705,0.010282361231509276
0.921063,0.2661348434732237,0.2149831673512118,0.2054129334507575,0.399048857138724,False,-0.0006644679768293867,0.010620386104938217,0.014417528994806477
0.941355,0.0448266878438924,0.10962983938971,0.075394533207838,0.14040110136781395,True,0.0,0.0,0.0
0.961227,-0.1603440042493647,-0.0466724538316312,0.1280173627394241,0.21042091818101955,False,-0.0031863560524433756,-0.0009274750025421752,0.002543961032357836
0.981014,-0.1096841193864418,0.0152560269134418,0.1877470754793844,0.21797320191671393,False,-0.005356675722742899,-0.0006256039980059023,0.006258912414868415
1.001414,0.181161914788858,0.2007877963611095,0.1955071705589315,0.33370410887112995,False,-0.0016609726610502013,0.0034704670477607256,0.010247258694270612
1.020894,0.2145619552137619,0.0738608609572799,0.0686658175250904,0.23708069070021712,False,0.002518694226513868,0.004909276619208534,0.01158486881965937
1.041316,-0.1845869783850842,-0.1719486149619553,0.0614586034109976,0.25964560213856996,False,-0.0012509410460663103,0.0013977420044554933,0.012839976418518759
1.06126,-0.3243238723801896,-0.1467892222516964,0.1472290534617926,0.38523946338374376,False,-0.007719256356816872,-0.0015298222441323668,0.015776312660760777
1.081562,-0.2340915234658247,-0.0079650700731711,0.2111525722394045,0.31535328199201956,False,-0.012471782466220004,-0.0016915290967578851,0.020063132182365127
1.101316,-0.155404752895791,0.0211166799516739,0.2142850396945785,0.26554590870825023,False,-0.015541647954923467,-0.001274390200992518,0.02429611885649184
1.121519,-0.1552358326173893,-0.1660698741975092,-0.0017209570701233,0.22733307840617442,False,-0.018677877481292578,-0.004629499869404792,0.02426135036080414
1.141454,-0.1282735705941875,-0.2495369371371445,0.0589752537290593,0.28670694526149193,False,-0.02123501111108771,-0.009604018711233776,0.02543702204389294
1.162623,-0.101615606972633,-0.0013621535058128,0.1329962374674362,0.1673785715767843,False,-0.023386111895091377,-0.009632854138798327,0.028252419394841098
1.181554,-0.0967351502966923,0.0304755181219961,0.1439367209604984,0.17608016966310583,False,-0.02521740502535806,-0.009055922105230818,0.0309772854593443
1.201809,-0.1126496319581176,-0.0286116200676289,0.0208484931302734,0.1180814297381123,True,0.0,0.0,0.0
1.221686,-0.0032456225286723,-0.0796827065841703,-0.0355700556751834,0.08732179942553434,True,0.0,0.0,0.0
1.241835,0.0020255635135885,-0.0177467453032053,0.0185498396006575,0.025751629572020127,True,0.0,0.0,0.0
1.261915,-0.0093698816597367,0.0611043800849207,0.0510764568004944,0.08018942815092707,True,0.0,0.0,0.0
1.282155,-0.0112843963525586,-0.0649808658367679,-0.0371304212910033,0.07568697847836878,True,0.0,0.0,0.0
1.301881,0.0521047369286736,-0.1729300429824994,-0.0982509695592952,0.2056038822485532,False,0.0010278180406550223,-0.0034112180278728058,-0.00193809862552667
1.32203,-0.04200947017004,0.0129384099723478,0.0561337055232087,0.07129650014093497,True,0.0,0.0,0.0
1.341766,0.0522344705766103,0.1506553686392183,0.0927392226357266,0.1844614957960506,False,0.0010308995112999796,0.002973334355463609,0.0018303012979386981
1.362681,0.0369157358697651,0.0119895621799327,-0.0162293391243437,0.042070329265239736,True,0.0,0.0,0.0
1.38255,-0.0572374521160318,-0.0221747276867092,0.0752453130002166,0.09710665065388316,True,0.0,0.0,0.0
1.402315,-0.0939009815828775,-0.0067223764609385,0.082216672871807,0.1249886634284094,True,0.0,0.0,0.0
1.422201,-0.1545835415495012,-0.0321764000730179,0.0399090122467988,0.16286227708760678,False,-0.003074048307253392,-0.0006398598918520362,0.0007936306175398437
1.442222,0.1286484143133456,0.0079559973033301,0.1310438097968482,0.18381020778101892,False,-0.0004983784042859197,-0.00048057286984206553,0.0034172587334825215
1.462659,-0.0068325776067116,0.0796872428787199,0.1856670268118332,0.20216079154848454,False,-0.0006380157928342849,0.0011479953128703362,0.007211735760435964
1.482903,-0.0125438359296703,0.0061966070264076,0.1664660249798899,0.16705293541592,False,-0.0008919532073945323,0.0012734394255129325,0.01058167397012888
1.50249,-0.0377794685391964,-0.032216386122939,0.0796151898675674,0.0938283658366447,True,0.0,0.0,0.0
1.522395,-0.0532713248804988,-0.1211554496900171,0.0147326928694973,0.13316729810017494,True,0.0,0.0,0.0
1.542577,0.0052451813658528,-0.0178229126424564,0.0332113926611068,0.03805475982201885,True,0.0,0.0,0.0
1.562633,0.1424730574461681,0.0132590198959693,0.0489219103525773,0.15122078897825666,False,0.002857439640140326,0.00026592290303355834,0.000981177834031283
1.58268,-0.0128588260438805,0.0629144275294303,0.0807854081815211,0.10319814326642555,True,0.0,0.0,0.0
1.603135,0.0501637840072417,-0.0339435911270438,0.0615839604343104,0.08637798786322726,True,0.0,0.0,0.0
1.622812,0.0435277093213471,-0.0706837650877344,0.0200083405405475,0.0853884641911788,True,0.0,0.0,0.0
1.642685,0.1793089794935086,-0.0903203612231506,-0.0548868863388918,0.20813949185693312,False,0.0035634073494745016,-0.0017949365385876745,-0.0010907670922127982
1.662978,-0.0128968684548189,-0.0172948605562832,0.0269281736765414,0.03450460773804218,True,0.0,0.0,0.0
1.683201,-0.1675053269739432,0.2051052698601964,0.176649061727101,0.31832545813700913,False,-0.0033874602273940334,0.004147843872382727,0.003572373975307142
1.703184,-0.0687094502454951,0.0758507999881635,0.1534501449897902,0.184448582020221,False,-0.004760481171649768,0.005663570408546204,0.0066387682226381325
1.723076,0.0640520796896941,-0.0295080426210813,0.0705578557865873,0.09975873147300604,True,0.0,0.0,0.0
1.742976,0.0368232587331562,-0.0144262043041186,0.0596949752450584,0.07160696770469525,True,0.0,0.0,0.0
1.763745,-0.0003201622914575,0.0366940083489472,0.0921661668995792,0.09920259610295774,True,0.0,0.0,0.0
1.783477,0.0032911113541283,0.0308799460044474,0.1442215348940436,0.1475271283743322,True,0.0,0.0,0.0
1.803384,-0.058340657721043,-0.0034385711923272,0.13833013854771,0.1501688494521991,False,-0.00116138747325281,-6.845163672565797e-05,0.0027537380680692797
1.823738,-0.0740094551978346,0.0966980217564854,0.1427242439236558,0.1876116112448193,False,-0.0026677759243495342,0.0018997398981058441,0.005658747328891368
1.843576,-0.0181936161128464,-0.0131707706652451,0.1025480079561269,0.10497890646671822,True,0.0,0.0,0.0
1.86401,-0.0480436327282931,-0.0839859761940483,0.1369493592583222,0.16768113144973518,False,-0.0009817235911699336,-0.0017161694375491695,0.002798423207084534
1.883923,0.0336079169342952,-0.1115028053590693,0.0683394420902008,0.1350283193585882,True,0.0,0.0,0.0
1.903773,0.0382977933664098,-0.0413478904622412,-0.02291211239217,0.06083858904252423,True,0.0,0.0,0.0
1.923819,0.0523628891740253,0.1253264535899829,0.0173628266999497,0.13693085803830296,True,0.0,0.0,0.0
1.943644,-0.0555689322508059,0.1833041172774059,0.1177216870153436,0.2248259354168957,False,-0.0011016540818722259,0.0036340041250245685,0.002333832445079185
1.964179,0.0866403081154115,0.0129310150527299,0.0347868180655321,0.09425432006943658,True,0.0,0.0,0.0
1.984461,0.0528377838830581,0.0564604038178658,0.0285649739070077,0.08243522511194629,True,0.0,0.0,0.0
2.00418,0.195888095272109,-0.1354923608335396,-0.1015695605749193,0.25893377792200684,False,0.003862717350670682,-0.0026717738632765432,-0.0020028501649768152
2.02386,0.0298906916629212,-0.1930319294498318,-0.0375341188314752,0.19890598108570787,False,0.004450966162596976,-0.00647064223484926,-0.0027415216235802523
2.044552,-0.0648613429174404,0.0577433292353712,0.0406428522751536,0.09588079743774677,True,0.0,0.0,0.0
2.064526,-0.2174276551154921,0.0897089578197472,0.1699272088220311,0.29016846593000545,False,-0.004342899983276825,0.001791846723491625,0.0033941260690112385
2.084638,-0.1772315249647413,0.0707736240410982,0.1354396504577675,0.23401670499637556,False,-0.007907380413367724,0.0032152458502062013,0.006118088319017876
2.10515,0.0891463624232549,-0.1998812655343727,-0.0272116386146112,0.22054493311117557,False,-0.006078810227341912,-0.0008847186684348683,0.005559923187754969
2.12441,0.104040295942856,-0.1448151714560118,-0.1004215939684893,0.20464680207343403,False,-0.0040749941274825004,-0.0036738588706776635,0.0036258032879218595
2.144117,0.0292288732076703,-0.0777162405160424,0.0101512954300808,0.08364920721588577,True,0.0,0.0,0.0
2.165205,-0.1519781636277532,0.0865187131786989,0.1177532108732197,0.2108285289535433,False,-0.0032049155145820254,0.0018245066235123828,0.0024831797108944304
2.184633,-0.105254196654903,0.0853650760783523,0.1899455844346711,0.23333445346446513,False,-0.005249794047193481,0.0034829793215626114,0.0061734425252912214
2.205434,0.0076839990372642,0.0634054411273316,0.1780475684010998,0.189156629329507,False,-0.005089959183219348,0.00480187590245224,0.009877009995602511
2.224349,0.0256103320160297,0.055675679487676,0.1521781911166346,0.1640544794996975,False,-0.004605539753136141,0.005854981379961645,0.012755460480573692
2.244632,0.0929585939487056,0.0820862352398232,0.1155776515889996,0.16952180907362951,False,-0.0027200605920745403,0.007519936489330983,0.015099721987753376
2.265494,0.2020582685223927,0.0808744501162946,0.1280706991452458,0.2525278688371492,False,0.0014952790058395584,0.009207139267657097,0.017771532913321456
2.285127,-0.0349510864147359,0.1526290189934767,0.1839086833384353,0.2415359180075673,False,0.0008090843262590404,0.012203704797556062,0.021382212093305
2.304922,-0.1285713366957487,0.1698471804541378,0.2326962827263941,0.31547775408518736,False,-0.0017359852836332772,0.015565829734645684,0.025988435009873922
2.324827,-0.0360416918906355,0.0476178687083848,0.0644603567264017,0.08787264969240108,True,0.0,0.0,0.0
2.344905,0.1243366757845492,-0.1256831772036562,-0.00746835669052,0.17695097153961767,False,0.002496431776402156,-0.0025234668318949867,-0.00014994966563225922
2.365861,0.1370546524240437,-0.014243263391894,0.0913022504999396,0.16529654941794766,False,0.005368549072600473,-0.0028219486595355233,0.0017633802958445133
2.385159,0.156561834583461,0.2172469724895951,0.1362140478073055,0.3004365522437055,False,0.00838987935639204,0.0013704834155685943,0.00439203899042984
2.405466,0.0481853822266438,0.1485332640526394,0.1423166579204444,0.21127705202435887,False,0.00936837991326851,0.0043867484086855865,0.007282063362820347
2.425126,-0.0456178437233569,0.0171496540762164,0.1191208928542497,0.12870464410927887,True,0.0,0.0,0.0
2.445461,-0.0708835365549113,-0.002161680310027,0.0831739517857741,0.10930258401317179,True,0.0,0.0,0.0
2.466277,-0.093739297511735,-0.1295031581829704,0.0183861548672155,0.16092288391698134,False,-0.0019512772170042706,-0.0026957377407367047,0.00038272619971595683
2.486457,-0.0685636716736591,-0.1403845552664747,0.0697888137898221,0.17111189017987521,False,-0.0033348921113787325,-0.005528698066014207,0.0017910644619945884
2.505572,0.0804014766124354,0.2478498595867275,0.3796825864319224,0.46049192911304615,False,-0.0017980178859320483,-0.0007910480000139679,0.009048697101640697
2.525717,0.1197384791547488,0.3864542476136644,0.3807901754348126,0.555594588343525,False,0.0006141137766404027,0.006994072818163419,0.016719715185775114
2.54556,-0.0702624196401472,-0.1171411070789634,0.1729709729492441,0.22040372969707533,False,-0.0007801034162790265,0.004669641830395567,0.020151978202006936
2.566577,0.0099780028615085,-0.2359929499343938,0.1979885305602451,0.3082072211893269,False,-0.0005703957301387018,-0.00029022199837560204,0.02431310314879162
2.585897,0.5724762941068074,0.5769511527359121,0.6195680006410935,1.0219913147262865,False,0.01048984627200482,0.010856474272482222,0.03628315692117755
2.605971,0.2914822689946572,0.719274452684446,0.7973504068692314,1.1126928249779056,False,0.01634106133980348,0.02529518963566958,0.05228916898867027
2.625848,-0.2799037323851245,0.0635237050772489,0.4586465019548615,0.5410526538751061,False,0.01077741485118432,0.026557850321490065,0.061405685508027115
2.645958,-0.313023873351596,-0.1059792896082089,0.4974137534509797,0.5971900846766368,False,0.004482504758083772,0.024426606807468998,0.07140867608992624
2.667067,-0.1166207647216351,0.2275201591124911,0.8022171249211283,0.841972767423955,False,0.0020207570355747716,0.029229329846174584,0.08834267737988637
2.686536,-0.0446158944691696,0.062512450914215,0.5803700533461242,0.5854295716647472,False,0.0011521301861545106,0.030446384753023432,0.09964190194848203
2.70665,-0.3027841947196649,-0.1509781274444155,0.5945552285551052,0.6840822928134243,False,-0.004938071106436818,0.027409610697606463,0.1116007858156394
2.726243,-0.1424329014101054,-0.2931671788423553,0.5082310703904884,0.6037656391885414,False,-0.007728758943765072,0.021665586162548073,0.12155855717780045
2.746293,-0.1666162345464948,0.6542009914169031,1.5384766058541874,1.6800744547626252,False,-0.011069414446422276,0.034782316040456916,0.15240501312517676
2.767323,-0.6094508013433877,1.2508888355172012,2.03748887812987,2.4672888129650716,False,-0.02388616479867378,0.06108850825138379,0.19525340423224813
2.786773,0.0969269949913316,-0.577369525541119,0.6993415622347907,0.9120466172573769,False,-0.022000934746092386,0.04985867097960904,0.20885559761771477
2.806488,-0.4746903025428416,-1.4507677635838627,0.0229025238893925,1.526624548729268,False,-0.031359454060724365,0.021256784520553615,0.20930712087619413
2.826537,-1.23854203168372,-0.0650902997445702,1.5289847754383086,1.9687604107382415,False,-0.05619098325395152,0.019951789100974712,0.2399617366389571
2.84661,-1.1636420604492452,0.8314685228672078,2.061583277007907,2.509089148955095,False,-0.07954877033334923,0.03664185676048819,0.28134389775833685
2.867617,-0.0931527151661141,-1.1955809808216225,0.5371950719421594,1.3140281029582868,False,-0.08150562942084379,0.011526287096368368,0.2926287546346258
2.88698,-0.5331634156558728,-1.516870377552366,0.0347425737374944,1.6082182739042605,False,-0.09182927263818834,-0.01784487402417779,0.2933014750899049
2.90686,-1.351844824324243,-0.451672685408044,1.4069626091142506,2.002757206263789,False,-0.11870394774575445,-0.02682412701008976,0.3212718917590964
2.927203,-0.8883372603581553,-0.8281371702128876,0.3992840450123793,1.2784295089797832,False,-0.13677539263322042,-0.04367092146373053,0.3293945270867832
2.946939,0.3249476310038293,-1.966607692618552,-1.567653060020186,2.5358771453191733,False,-0.13036222618772886,-0.08248389088525022,0.29845532629422483
2.967965,-0.0521110916372194,-1.408091960592331,-0.6998093101155458,1.5732678112390064,False,-0.13145791400049303,-0.11209043244866457,0.28374113573973536
2.987325,-0.8268079002395669,-0.4964179981353336,0.6144411551930702,1.143494672469552,False,-0.1474649149491309,-0.12170108489256454,0.2956367165042731
3.007331,-1.1317180187420184,-0.7360709096840465,0.5903406677674639,1.47346128624019,False,-0.17010606563208416,-0.13642691951170388,0.3074470719036292
3.027107,0.3308740866403451,-0.9689282308101884,-1.7154500928430991,1.9977659018780058,False,-0.16356269969468476,-0.15558844420420598,0.2735223308675644
3.047338,1.006661655629355,-1.0773719209389825,-1.9272950905660813,2.4266364192153524,False,-0.1431969277396474,-0.17738475553672242,0.23453122389032222
3.067144,-0.0737368689264729,-0.4613237593993333,-0.6487209847703923,0.7994345832567424,False,-0.14465736016560513,-0.18652173391538562,0.22168265606595983
3.087653,-0.9365934542355868,-0.3205056872563753,-0.1402010977326568,0.9997937496734373,False,-0.16386595531852288,-0.19309498505532666,0.21880727175256076
3.107316,-0.138080593530698,-0.3994034971527282,-0.5331626442010258,0.6803321314027795,False,-0.166581034029117,-0.20094845601984074,0.208323694679636
3.127532,0.618909917451764,-0.3810398877933713,-1.265125856421422,1.4590354055319463,False,-0.15406915113791214,-0.20865155839147154,0.1827479103662205
3.147868,0.0498269746523601,-0.4783580832781229,-0.5037559567555583,0.6964763077142211,False,-0.15305586978138175,-0.2183794483730154,0.17250352922963952
3.168677,-0.2446348390203799,-0.2443008130473005,0.1783258647733561,0.3890105471131401,False,-0.1581464761465569,-0.22346310399171676,0.17621431214970834
3.187841,0.252006955054215,-0.4019344533508791,-0.230876002152863,0.5276007378276265,False,-0.15331701485989796,-0.231165775855733,0.17178980444445088
3.207945,0.4463157845096753,-0.3413136982519203,-1.184792538768745,1.3112689198021046,False,-0.1443442823281155,-0.23802754644538957,0.14797073524504414
3.227707,0.2400312180368254,-0.4033112439595943,-0.9873428753151644,1.0932158517749795,False,-0.13960078539727175,-0.2459977832485191,0.1284588653430658
3.247898,-0.0730097605172357,-0.4136889474117597,-0.2472842419502914,0.4874612463143753,False,-0.14107492547187525,-0.25435057678570994,0.12346594921384746
3.268939,-0.2550501029754646,-0.4650513347531136,-0.102490952687452,0.5402107869769255,False,-0.14644143468858198,-0.26413572192025014,0.12130943707835079
3.288356,0.0559421902714784,-0.3933935000856683,-0.2182291386352375,0.45333423818580115,False,-0.1453552051800807,-0.2717742435114135,0.11707208189347043
3.308004,0.4148023286310405,-0.2701075612395321,-0.4686049257201148,0.681622801031227,False,-0.13720516902713795,-0.2770813168746479,0.10786493231292156
3.328079,0.2163979620553865,-0.2389427837403847,-0.0647871498212282,0.32881469958821335,False,-0.1328609799388761,-0.28187809325823604,0.10656433028026041
3.347953,0.0015917430869531,-0.2165443232877903,0.3399472980868481,0.40306096694020155,False,-0.132829345636766,-0.2861816951392576,0.11332044288243849
3.369366,-0.0792710571931582,-0.2921488096778944,0.0722477205266347,0.31121465361712364,False,-0.13452677678444308,-0.29243747760089034,0.11486748332207532
3.388375,0.1102244550700238,-0.3378070223301714,-0.4671404745425853,0.5869269441650573,False,-0.13243152011801698,-0.2988588512883646,0.10598761004149529
3.408556,0.2629758728708327,-0.3372236186358899,-0.6475369114068812,0.7760026612792147,False,-0.12712440402761072,-0.3056643611360555,0.09291966763239301
3.428181,0.0593570076319766,-0.3231503412626706,-0.1666036741517711,0.3683831994731472,False,-0.12595952275283318,-0.3120061865833354,0.0896500705271645
3.448519,-0.0395456008470735,-0.2587325653448956,0.2623747376781029,0.3706034240100326,False,-0.12676380118286096,-0.31726828949731994,0.09498624794206181
3.468295,-0.017703544933545,-0.1958303270749489,0.2569364470578215,0.32354175979646305,False,-0.12711390648746673,-0.3211410300455541,0.10006742311907724
3.488567,0.2953146215234617,-0.0754801118555467,-0.1263604306258905,0.3299620150854213,False,-0.12112728847994303,-0.3226711628730898,0.09750584446942914
3.508526,0.0430907957876127,-0.1643889074829866,-0.1785926050418993,0.24652758093307026,False,-0.12026723928681808,-0.32595220107754264,0.09394131466539794
3.528673,-0.1165407366152476,-0.2518681718824163,0.0914505695737357,0.29220288495080876,False,-0.1226151855074055,-0.3310265891364577,0.09578376929060001
3.548614,0.0576528789758929,-0.2015534414370419,0.1572082499483578,0.2620344978455115,False,-0.1214655294477472,-0.3350457663121538,0.09891865900282024
3.568882,-0.0266223326435842,-0.1987120663820921,-0.0622995857718713,0.20994397421353483,False,-0.12200511088576736,-0.339073262473586,0.09765597099839597
3.589136,0.0212138398230133,-0.1803428147574412,-0.1016318989077174,0.20809276948097383,False,-0.12157544577399206,-0.3427259258436832,0.09559751851791906
3.60905,0.0414474865566425,-0.1791889535901702,0.0503396856408144,0.1906847114506542,False,-0.12075006052670308,-0.34629429466547784,0.09659998301777024
3.628827,-0.0995059757602273,-0.1813941160289584,0.387470910169025,0.4392481881227682,False,-0.12271799020931308,-0.3498817260981825,0.10426299520818302
3.649163,-0.0693402759631028,-0.1588445550173851,0.2578357229526293,0.31067495322252053,False,-0.12412809406129877,-0.35311198896901613,0.10950634247014779
3.66884,-0.0891285575088461,-0.1758439738542725,0.0010913424287988,0.19714510882283298,False,-0.1258818766874003,-0.3565720708425466,0.10952781681511926
3.689356,-0.0251330352420827,-0.1880421291173017,0.1063240859429583,0.21747717819360568,False,-0.1263975060384269,-0.36042994316351723,0.11170916176232502
3.709156,0.02638402245531,-0.063289980645164,0.1835323204195393,0.19592307401010217,False,-0.12587510239381175,-0.3616830847802915,0.11534310170663191
3.729332,0.0569520033976355,-0.0892072282052936,0.0942578445258952,0.14172509132028616,True,0.0,0.0,0.0
3.749289,-0.0053668425387809,-0.1644703812038631,-0.1301289956156743,0.2097924326378916,False,-0.00010710607654645163,-0.0032823353976855324,-0.002596984365502041
3.769361,-0.0879994710771331,-0.1614342656023732,-0.119851512348676,0.21947508749900885,False,-0.0018734314600066557,-0.006522643976856346,-0.00500264392136465
3.78949,0.0745209072228996,-0.0627503000902141,0.0016132485801332,0.09743494417157139,True,0.0,0.0,0.0
3.809853,0.0480680634094167,-0.093313480259156,0.1904556173966618,0.21746559846548424,False,0.0009788099752059587,-0.001900142398517206,0.0038782477370482493
3.829731,-0.1148075652239392,-0.1478670639633182,0.2459818638344497,0.3091157113012065,False,-0.0013033348063155375,-0.0048394438959800876,0.00876787522634951
3.849662,-0.0808077126912264,-0.1371376720158067,0.0008796399779118,0.15917726371185523,False,-0.0029139133279643464,-0.0075727348369270895,0.00878540733074927
3.869644,0.2206468289357155,-0.0427684043324518,-0.1722585342432356,0.2831733782476011,False,0.0014950516078291575,-0.008427333092298149,0.0053433372995009085
3.889785,0.1650533441144416,-0.005997238312407,-0.0369853705234461,0.1692527426764266,False,0.004819391011638084,-0.008548123469148336,0.00459841495178819
3.909749,-0.0124833021673341,-0.0934531225481965,0.076098422952068,0.12116224214994138,True,0.0,0.0,0.0
3.929879,-0.1070249135242733,-0.1368751796660417,0.0714364288560407,0.1878624770708444,False,-0.0021544115092436197,-0.002755297366677417,0.0014380153128720982
3.949891,0.0740580925470204,-0.0577390491922596,0.1277735685836099,0.1585701223494504,False,-0.0006723609611926536,-0.003910771219112911,0.0039950199673672885
3.970106,0.1321695771655798,-0.0873796955118717,0.0962449686330213,0.18538366244911342,False,0.0019994470412095255,-0.0056771517638853864,0.005940612008283802
3.990234,0.0568705147954819,-0.1465884929848981,-0.0995496430595093,0.18609828898182365,False,0.0031441367630129936,-0.008627684950685437,0.003936876792781985
4.010059,0.067448413867163,-0.172930198242417,0.0077347481982652,0.18577935387724956,False,0.004481301567929499,-0.01205602613084135,0.004090218175812592
4.030466,-0.0895772687295387,-0.1313446821470509,0.3512682424908604,0.3855708635049746,False,0.002653298244965837,-0.014736377059416168,0.011258549200323448
4.050009,-0.0528358630826769,-0.0178451958138794,0.3700713036541323,0.3742497150694922,False,0.001620726972741054,-0.015085125721206823,0.018490852687636353
4.070205,0.2380283165653406,0.0465410969458368,0.1203246208919264,0.27074262240112396,False,0.0064279468540945385,-0.014145181727288729,0.02092092873116963
4.090497,0.1585283969924911,-0.0375201721136758,-0.0653606048395012,0.17553069427719514,False,0.009644805085866235,-0.014906541059819454,0.019594631337766445
4.110405,-0.1600642357252817,-0.157936520195665,-0.0298134941287795,0.2268333053191286,False,0.006458246281047322,-0.018050741303874757,0.019001104296650702
4.130463,-0.1692013636881141,-0.2234303448436985,0.1840990962056157,0.3353247645113854,False,0.003064405328191182,-0.022532307160749592,0.022693763968342884
4.150508,0.0667155247964821,-0.0664194844582666,0.3229512312084992,0.3363926380045459,False,0.004401718022736702,-0.023863685726715583,0.029167321397917424
4.170591,0.2462431728899161,0.0992405904369329,0.1015023079497741,0.28423073990034037,False,0.009347019663884796,-0.021870636948970696,0.0312057922484727
4.190542,0.0485553327815267,-0.021046313425907,-0.055704570228686,0.07683467182664949,True,0.0,0.0,0.0
4.210842,-0.2349041577268963,-0.0787905879469021,0.0434783450233968,0.2515517572039095,False,-0.004768554401856148,-0.0015994489353221637,0.0008826104039749834
4.230451,-0.086230660050258,-0.0661524100529438,0.1681165760189173,0.2001875401238558,False,-0.006459451414781656,-0.002896631544050338,0.004179208343129931
4.251206,0.039571342763419,-0.0464687947900353,-0.0275263349990666,0.06695475469165162,True,0.0,0.0,0.0
4.270719,-0.016571541925309,-0.1137734139359132,-0.1258622351319367,0.1704708419431952,False,-0.00032336049758855274,-0.002220060626131462,-0.0024559497941294673
4.290946,-0.1649165656697718,-0.1490632720756164,0.1625903019287662,0.2754141227233795,False,-0.003659127871391063,-0.005235163430404987,0.0008327642429837218
4.310805,-0.0309621437820054,-0.0598887842555982,0.1001128585517783,0.12069757774951216,True,0.0,0.0,0.0
4.330991,-0.0276253264559054,-0.121817537167365,0.0058878887250468,0.12504934328878434,True,0.0,0.0,0.0
4.35104,-0.1064871749097911,-0.0873870113425156,0.2731547331738095,0.30592403702046767,False,-0.0021349613697664235,-0.0017520221904061132,0.0054764792454017625
4.371122,0.0340618790579391,0.0090360916997146,0.2518208421423971,0.25427465287650947,False,-0.001450930714524908,-0.0015705593968924493,0.010533545397305253
4.391215,0.1490292114072265,-0.0126662702239828,0.0189569310055528,0.1507630773339283,False,0.0015435132302805145,-0.0018250627645029374,0.010914447011999829
4.411133,-0.0115811831842997,-0.0654106370839748,-0.0611135203276109,0.09026371150419794,True,0.0,0.0,0.0
4.431154,-0.184968400903418,-0.1512018668295996,0.1096908265091443,0.26288284707409637,False,-0.0037032523544873034,-0.00302721257579539,0.002196120037539561
4.451549,0.0645303969190644,-0.0482060879000248,0.328368846340501,0.3381036797849862,False,-0.002387154909323003,-0.004010375738516383,0.008893202658653987
4.471648,0.0537804537258062,-0.0037595879682942,0.1633233663918467,0.17199126057509526,False,-0.0013062215698880194,-0.004085939697091128,0.012175838999763728
4.491443,0.207350469381465,0.0196900318445297,-0.194348601890427,0.2848741714573579,False,0.0027982809715181283,-0.003696175516728658,0.008328708425342682
4.511422,0.1044596939176808,-0.0499442841500258,-0.1633907119956834,0.20025679498856072,False,0.0048852811962994,-0.004694012369761988,0.005064325390381037
4.531599,-0.1529397886900024,-0.1237280287064474,0.0624556790095827,0.2063974706547396,False,0.0017994150799011707,-0.007190472804972019,0.006324493625757408
4.551494,-0.0368298887062098,-0.0655755083295238,0.1994876804898719,0.2131945652731712,False,0.001066684444091127,-0.008495097543187896,0.010293301029103408
4.571821,0.1498939182289127,0.0219807039025375,0.1320477702468849,0.20096753890427455,False,0.004113578119930233,-0.008048295774961016,0.012977436054911836
4.59176,0.2287566697109288,0.0367206178465034,0.0330176233455681,0.2340260266800548,False,0.008674757357296427,-0.007316123375719587,0.013635774446799115
4.611988,0.0453789256825438,0.0156391673244522,0.0676787622002752,0.08297135230707914,True,0.0,0.0,0.0
4.631779,-0.0917304579979241,-0.0723325726619415,0.1187081192494439,0.16654757749107058,False,-0.0018154374942368856,-0.0014315339455524604,0.002349352388065705
4.652119,-0.0293583629325357,-0.0804167322248917,0.1822075707565673,0.2013165744215262,False,-0.0024125865962846627,-0.0030672102790067594,0.006055454377254289
4.671828,0.0334387132960764,-0.033448603769737,0.1765200150679202,0.18274647017280754,False,-0.0017535429959323011,-0.0037264488107044977,0.009534487354227884
4.69259,0.0502421240194612,-0.0344561341412585,0.1084753920497476,0.1244122457248231,True,0.0,0.0,0.0
4.712869,0.0793330613832797,-0.0782952648113498,0.0198318161571684,0.11321300301826791,True,0.0,0.0,0.0
4.732107,-0.0303035184297082,-0.0502785108823514,0.0705494599116196,0.09177939953817313,True,0.0,0.0,0.0
4.752094,-0.0882467735692437,-0.0901065994380669,0.152418795542685,0.19783372195446464,False,-0.0017637882633284325,-0.001800960602968601,0.003046394466511574
4.772221,0.0161443215215565,-0.0350426424908475,0.2911855669624366,0.2937305913883816,False,-0.0014388515040640575,-0.0025062638683819045,0.008907086372764666
4.792494,0.0630605447660524,0.0075284869606958,0.0388981771427108,0.07447401296515702,True,0.0,0.0,0.0
4.812479,0.116381952328435,-0.084868327332271,-0.1681741624881318,0.22142705512321698,False,0.00232589331728379,-0.001696093521735448,-0.003360960637325338
4.83258,-0.0319559733273569,-0.05703998878724,-0.0548196021243132,0.08532252533308667,True,0.0,0.0,0.0
4.852458,-0.1401724013306758,-0.0958869966334079,0.1437627451379306,0.22250920229908877,False,-0.0027863469936512133,-0.0019060417190789095,0.0028577158478518255
4.872455,0.0128061120892977,0.0058930300046052,0.2370249244169162,0.237443759876573,False,-0.0025302631702015265,-0.001788198798076819,0.007597503261416908
4.892613,0.1979900868213238,0.0561810460195831,0.0906455961119157,0.2248844336672825,False,0.0014608209999426107,-0.0006557012724140935,0.009424737187840855
4.913285,0.0450628280347005,-0.0185032725089125,0.0055969899986276,0.049034231523179844,True,0.0,0.0,0.0
4.932759,-0.0570072970189896,-0.0568984987338801,-0.0521149277568966,0.09593350179518731,True,0.0,0.0,0.0
4.952454,0.0765667140984438,-0.0108678299461641,0.0244192470235891,0.0810979103354127,True,0.0,0.0,0.0
4.972689,-0.0387688877114038,-0.0666826453229654,0.1869641235880585,0.20225030370978098,False,-0.0007844884428402387,-0.0013493233281101755,0.0037832190408042814
4.992747,-0.0548135078224702,-0.0798490587551426,0.1650056533238011,0.1913302340266709,False,-0.001883937782743329,-0.0029509357486208008,0.007092902435173032
5.013115,0.2176946345748743,0.0442092945008726,0.105776587504037,0.24603679014926233,False,0.002550066534277795,-0.0020504808382270107,0.009247359969455297
5.033125,0.1160117760212107,0.040014096097765,-0.0631830018459727,0.13802880780614213,True,0.0,0.0,0.0
5.053161,-0.1222140801776114,-0.1179736434278713,0.0804029417358673,0.18793268735663687,False,-0.002448681310438642,-0.0023637199197208488,0.0016109533406198505
5.073106,-0.0900583633467241,-0.0682844251346233,0.3956137411617444,0.41144076574963767,False,-0.004244895367389043,-0.003725652779030902,0.009501469408090794
5.093468,0.0755835420570036,-0.0091337842306491,0.2964828766099625,0.3061019339487634,False,-0.00270586328402437,-0.003911634893535375,0.015538453741622715
5.113285,0.2413057959766615,0.0269326102493526,-0.1235561674063063,0.27243343989112073,False,0.002076093674845285,-0.003377911356223937,0.013089941172131865
5.133631,0.186042306884261,0.081839916423445,-0.1794433261263375,0.27112620522977326,False,0.005861310450712455,-0.0017127964166725271,0.009438987258765406
5.153235,-0.0302331025601296,-0.0010597209450302,0.0606726796962977,0.06779629459212491,True,0.0,0.0,0.0
5.173573,-0.2662351550120105,-0.0860157936882513,0.2780193489967875,0.3944295031367286,False,-0.005414690582634438,-0.0017493892120317093,0.00565435751989684
5.193553,-0.0350266928009338,-0.051074618919187,0.245286378321671,0.2529839783394851,False,-0.006114523904797076,-0.002769860098037037,0.01055517935876369
5.213713,0.1305588211534411,0.0155344994624673,0.0361913777198008,0.13636987305040257,True,0.0,0.0,0.0
5.233508,0.0792071789611541,-0.0709472586015896,-0.0757885780184306,0.13058024069560015,True,0.0,0.0,0.0
5.253733,0.0474185215534557,-0.0122833268534136,-0.0701516455164323,0.08556079519012497,True,0.0,0.0,0.0
5.273598,-0.0425649522583382,-0.0607900359578079,0.0326692043812837,0.08108317055599315,True,0.0,0.0,0.0
5.293858,-0.1152992945441628,-0.0271363039345819,0.2536285824387789,0.2799245686671966,False,-0.002335963707464783,-0.0005497815177146398,0.005138515080209759
5.313915,-0.1657234350731703,-0.0028827910751543,0.2215541922847119,0.27669265898423356,False,-0.005659878644727285,-0.0006076016583090083,0.009582227514864126
5.334022,0.109187544649616,-0.0203540064005248,-0.0870482121224434,0.14111554385282435,True,0.0,0.0,0.0
5.354244,0.0358262380086514,-0.0348669077839853,-0.0085716529434396,0.05072172929280162,True,0.0,0.0,0.0
5.374114,-0.1008230854847328,-0.1161296047900423,0.1302521654637587,0.20153661276143234,False,-0.002003354708581646,-0.002307495247178147,0.0025881105277648924
5.394101,-0.025937832886693,-0.0439228443087741,0.132413760942212,0.1418992301384757,True,0.0,0.0,0.0
5.414371,0.0954559888299765,0.0135046290514351,0.0387557278328056,0.10390489521276638,True,0.0,0.0,0.0
5.434084,-0.014415249893222,-0.0473115714015755,0.074376314520844,0.08931976477619007,True,0.0,0.0,0.0
5.454202,-0.073257798688944,-0.0464063608068061,0.1512793053610348,0.17437225588550068,False,-0.0014738003940241813,-0.0009336031667113288,0.00304343706525331
5.47406,0.0158241780223321,-0.0354905711309425,0.1694000460247107,0.17379977227389296,False,-0.001159563866856722,-0.001638374928229559,0.006407383179211891
5.494358,0.0087863484710128,0.0119670504803026,0.2009939995063661,0.20154155416245373,False,-0.000981218565592101,-0.0013954677375803723,0.010487159381192185
5.514493,0.0325642388578625,-0.0313270273948484,0.0731085543117338,0.08594575621484306,True,0.0,0.0,0.0
5.53456,-0.0246454580598398,-0.0876813221260903,-0.1021431423037722,0.13685260089763435,True,0.0,0.0,0.0
5.554299,0.049426293850344,-0.0587805183889049,-0.0329013416141172,0.08355002181841595,True,0.0,0.0,0.0
5.575089,0.0856496618930684,0.0310478387866414,0.0921014457495079,0.12954732411311226,True,0.0,0.0,0.0
5.594511,-0.020143140661721,-0.0540070480062156,0.0318460892071641,0.06585347939064577,True,0.0,0.0,0.0
5.614712,-0.0725826138905567,-0.0392308387983689,0.212254452820126,0.22772625517050143,False,-0.0014662413832031457,-0.0007925021745658555,0.004287752201419394
5.634773,0.0505982007934888,0.0032410470970014,0.102309607091465,0.11418379050037328,True,0.0,0.0,0.0
5.654678,0.0433520427490874,0.0097986528667645,-0.1271429743562961,0.13468759830321356,True,0.0,0.0,0.0
5.674606,0.0020443252685142,-0.0267431974754544,0.0001270611241128,0.02682152161127137,True,0.0,0.0,0.0
5.695089,-0.0150682263187528,-0.0189505068204345,0.3355986801818638,0.33647087138852505,False,-0.00030864247968702077,-0.00038816323120296884,0.006874067766165275
5.714853,-0.1029417346775702,-0.0419964429894068,0.236708296533159,0.26151772331874507,False,-0.0023431829238544613,-0.0012181809304455818,0.011552370538846498
5.735212,-0.023228525772092,-0.0497652254089219,-0.0367692419864695,0.06609174854552646,True,0.0,0.0,0.0
5.754859,0.0745574592378078,0.00079431379104,0.076933932693791,0.10713671481863148,True,0.0,0.0,0.0
5.774997,-0.0352503835337628,0.0129307157569928,0.1342930786061895,0.13944326412843938,True,0.0,0.0,0.0
5.795331,-0.0020716990366619,-0.0073768575893205,0.113046085967861,0.11330546111041886,True,0.0,0.0,0.0
5.815384,0.0521153941238549,-0.0335146446022109,0.1537491404658819,0.16576502617106756,False,0.0010450699983656558,-0.0006720691682081311,0.0030831315137623107
5.835501,0.0498764111947517,-0.0199873883397575,0.0297946042930696,0.06143997502679203,True,0.0,0.0,0.0
5.855296,-0.0152241346502434,-0.050455221364905,0.0345566509000647,0.06302115327617584,True,0.0,0.0,0.0
5.875387,0.0292572587811387,-0.0273351553268384,0.0497780082096053,0.06388308077608994,True,0.0,0.0,0.0
5.895464,0.0047697177218068,-0.0147521202292917,0.0737174802950271,0.07533022075802581,True,0.0,0.0,0.0
5.915738,-0.0003445751884709,-0.0270756779520063,0.1088322647877433,0.11215022482122244,True,0.0,0.0,0.0
5.9354,-0.0946267527896215,-0.0175971026724253,0.1415362830036493,0.17116191098623876,False,-0.0018605512133494813,-0.0003459942327452157,0.002782886396417668
5.955572,0.1810383716869585,0.0161648160815037,0.0072560876105729,0.1819033922427685,False,0.00179135482031994,-1.9917562749114553e-05,0.002929256195698148
5.97563,0.1148700653694708,0.0425832134692482,-0.1034783806635744,0.1603628300202689,False,0.004095418591500749,0.0008342165330170524,0.0008536868363482053
5.996128,-0.0441952323636954,-0.0904986222297564,0.0229062700280806,0.10328560594663969,True,0.0,0.0,0.0
6.016343,-0.1539362527056758,-0.0414683475522219,0.1652895035185917,0.22964453775171767,False,-0.0031118213484452846,-0.0008382826457681788,0.0033413273136283835
6.035898,-0.0117439743372791,-0.0466025160317799,0.2071570543433232,0.21265878913867994,False,-0.0033414747666107823,-0.001749594846769655,0.007392283511312159
6.056064,0.0900955307769961,0.0432854366393178,0.1704011532968934,0.1975535034767959,False,-0.0015246082929619073,-0.0008767007315011859,0.010828593168697257
6.075882,0.0955392930443195,-0.0376709874704967,-0.0608986757780734,0.11939643430158868,True,0.0,0.0,0.0
6.096239,0.0724324088065535,-0.0003401314528412,-0.156578311914421,0.17252054166647696,False,0.0014745065460749903,-6.924055985488219e-06,-0.0031874646956418272
6.116889,0.0283737834231475,-0.0261972446163533,0.041202852555406,0.05647160587352956,True,0.0,0.0,0.0
6.136266,-0.1211686247284827,0.0011661008881101,0.2847071730915562,0.3094210235579646,False,-0.00234788444136386,2.25955369089099e-05,0.0055167708929952045
6.155987,-0.0138606876337212,-0.043272538912643,0.2303291692903073,0.23476830602018842,False,-0.0026212310621884713,-0.0008307822029873078,0.010059092440569276
6.176275,0.1714047341186275,0.0229060770970694,-0.01607804507214,0.17367433540853422,False,0.0008562281836103718,-0.00036606371084194663,0.009732901062145688
6.196264,0.0943201239817295,-0.0046829157199561,-0.0986855787518106,0.13659084501220733,True,0.0,0.0,0.0
6.21676,-0.0841164480739344,-0.0995183847245865,0.115827499970436,0.17434303967800685,False,-0.001724050719723328,-0.002039728813315088,0.0023740004393940127
6.236891,-0.0675901759028212,-0.0304306124675119,0.3017115926924969,0.31068366422901184,False,-0.00308470855082303,-0.0026523274728985735,0.008447756511886704
6.256613,0.0970586418368162,0.0069222348611452,0.1245402118332013,0.1580460744660837,False,-0.0011705180165173606,-0.0025158071569670692,0.010903938569661074
6.276439,0.1525285168138915,0.0417342131867199,0.0082907251096244,0.1583522311639578,False,0.001853512357834871,-0.0016883846463271552,0.011068310485684489
6.296875,0.107724996344309,0.0335637287685024,0.0041233612978235,0.112907930787077,True,0.0,0.0,0.0
6.316795,-0.1600843411179063,-0.04373839283764,0.1614772320834596,0.23154900077631382,False,-0.0031888800750686833,-0.0008712687853257861,0.0032166264631025053
6.336767,-0.0970276468307435,-0.0104132465773383,0.2904773946715728,0.30643093311377134,False,-0.005126716237572302,-0.0010792421459683878,0.009018040989483186
6.356609,0.0064236964752869,-0.0129691602785727,0.1465692651525287,0.14728208472889762,True,0.0,0.0,0.0
6.376912,-0.0082516706282028,-0.0909382623667975,-0.1227136015170948,0.15295909789138132,False,-0.00016753366876440294,-0.0018463195408331063,-0.002491454251601598
6.39728,0.0265711607327517,-0.0463185392506787,-0.0330737565027696,0.06281167909080988,True,0.0,0.0,0.0
6.417132,0.0701129650986925,0.0019635630279388,-0.0559441680262953,0.08971863457972107,True,0.0,0.0,0.0
6.436872,-0.0619414539366791,0.0389861134901208,0.1352494515544364,0.15378255722490167,False,-0.0012227243007100787,0.0007695858802950054,0.002669824173684647
6.457538,-0.0834347008605363,0.0075804700415142,0.1937910997376395,0.2111250889194868,False,-0.0029469858286938723,0.0009262438741729335,0.00667471104086259
6.4771,-0.1085091220089545,-0.0556961304223819,-0.0049417352961036,0.12206846132772341,True,0.0,0.0,0.0
6.497629,0.1488556380323323,0.0342738697188126,-0.0604169296658501,0.16426473909443606,False,0.0030558573931657195,0.0007036082714574969,-0.0012402991491102244
6.517339,0.0913484545281854,0.0152476373648179,-0.1019110860243532,0.13770584607982359,True,0.0,0.0,0.0
6.537583,-0.123805695379531,-0.0741479123350098,-0.0562329761680722,0.154880310952582,False,-0.0025063224972632168,-0.0015010503373099329,-0.0011383803695464497
6.557372,-0.2022029421084553,-0.0553979107106324,0.1679634912204672,0.268638591217618,False,-0.006507716518647495,-0.0025973195923626527,0.0021854491582154224
6.577419,-0.094229207115447,-0.0343975197349133,0.2783724384253752,0.2958944867894785,False,-0.008396729433690854,-0.003286886670488457,0.007765981431328898
6.597751,0.1851330161762867,0.0517588896569772,0.1553820127108185,0.247177641001603,False,-0.004632604948794632,-0.0022345249259828072,0.010925208513765227
6.618091,0.0971684078696978,0.0177894022328736,-0.04317488765553,0.10780646197609194,True,0.0,0.0,0.0
6.637631,-0.0271627905064098,-0.0449093239771398,0.0855672662998685,0.10038138089412509,True,0.0,0.0,0.0
6.657652,-0.1373402088918142,-0.0195986726122738,0.2890373625151472,0.3206072954196814,False,-0.0027496883222229906,-0.00039238502437033066,0.0057868170349157175
6.677959,-0.0008529880885728,0.0137182517168998,0.2667951363194127,0.2671489524264347,False,-0.0027670099513376393,-0.00011380848675523623,0.011204625868154228
6.698234,0.040561118075666,0.0107190264218316,0.1477319710984694,0.15357355602973788,False,-0.0019446332823535185,0.00010351977394739754,0.014199891582175668
6.71793,0.0775989828367364,-0.0533433485175069,-0.0504731715154935,0.10683939353622679,True,0.0,0.0,0.0
6.737915,0.0362751900748957,-0.0380921919027461,-0.1252288434017394,0.1358277133675702,True,0.0,0.0,0.0
6.757825,-0.0249603475729721,-0.0698961668508989,0.0034567077074516,0.07429967644335357,True,0.0,0.0,0.0
6.777909,-0.0766176405763116,-0.0301611494846546,0.2266799143231512,0.24117160144442323,False,-0.0015387886933346244,-0.000605756526249796,0.0045526393992661165
6.798743,-0.1069578048258546,-0.0422493082474983,0.1473489906661225,0.1869136193830797,False,-0.003767147599076457,-0.001485978614278167,0.007622508270804082
6.818697,0.1898667816704108,0.0546513842665546,-0.0378915490374609,0.2011763854745093,False,2.1454162374967382e-05,-0.0003954648926233228,0.006866420301310578
6.838284,0.2276432579403483,0.0858802181371195,-0.0836665792506377,0.2572877012926938,False,0.004480302655652473,0.0012866709400284006,0.0052276430135283726
6.858013,-0.028653716957682,-0.011143763587468,0.009284967858214,0.03211587754541977,True,0.0,0.0,0.0
6.878142,-0.1112864894158952,-0.0311833556436091,0.183015128726554,0.2164523544305007,False,-0.0022400857454526356,-0.0006276897657502303,0.0036839115261369394
6.898992,-0.084029440367631,-0.0421770326474429,0.1726479245934573,0.19658879621654138,False,-0.003992099577117689,-0.0015070808964493883,0.007283620753910414
6.91885,0.1066989608298571,-0.0247101219648822,0.2645406963284422,0.2863163257371605,False,-0.0018732716129583708,-0.0019977744984280227,0.01253686990160066
6.938533,0.186531053365124,0.0113687194522994,0.1327761512412966,0.2292435124271557,False,0.0017982191104273038,-0.0017740039934484174,0.015150302886483058
6.958611,0.0831431455546543,-0.0362892418196704,-0.1957453538904587,0.21574507015055955,False,0.0034675671868737113,-0.0025026193907037855,0.01122012767107029
6.978493,-0.0456831464634837,-0.0457195321878918,-0.1170553383230164,0.13371304246108384,True,0.0,0.0,0.0
6.998994,-0.072665484344399,-0.0265065068876898,0.2601843942645132,0.2714383660081693,False,-0.0014897150945444829,-0.0005434098977045136,0.005334040266816638
7.019188,0.061046362156973,0.0298406917127515,0.2553954549220858,0.2642800855330476,False,-0.0002569448571465673,5.919303074279148e-05,0.010491496083513251
7.038807,0.0808708032930615,0.0506114818119209,0.0273887101810945,0.09925598401027233,True,0.0,0.0,0.0
7.058917,0.0097160945032766,0.0197824569442634,-0.0538052643977291,0.05814425656982615,True,0.0,0.0,0.0
7.07856,-0.1268272116546982,-0.0588770313940179,0.0873932955407994,0.16489158422235894,False,-0.002491266918533275,-0.0011565215276727113,0.0017166665043079489
7.099206,-0.16477900701183,-0.0118018519554981,0.1538843526736535,0.22576934880353794,False,-0.005893294297299397,-0.0014001825631459164,0.004893762849608087
7.119644,0.0515118106240747,0.0029002912855306,0.0115667731808581,0.0528740821681935,True,0.0,0.0,0.0
7.139206,-0.0139451061557242,-0.0278049478007161,-0.0272545176166474,0.04135685962946301,True,0.0,0.0,0.0
7.158798,-0.0189038784312009,-0.0494549428954464,-0.0286549708213659,0.06020178858893495,True,0.0,0.0,0.0
7.179079,-0.1280877041182743,-0.01884588415383,0.0709565335193413,0.14763623181628407,True,0.0,0.0,0.0
7.199459,-0.0560100514852835,-0.0538493103956623,0.1793626359840825,0.19546823088325882,False,-0.0011414848492700938,-0.0010974489458636131,0.0036554105213556527
7.219403,0.0148912364950446,0.0055559304444968,0.1053402889960999,0.10653259488643502,True,0.0,0.0,0.0
7.239509,0.1354201880246643,0.0349010740121563,0.0172646919683892,0.1409069972733817,True,0.0,0.0,0.0
7.259518,0.1170391921621488,0.0146682646611707,-0.0693649879014888,0.13683870810816737,True,0.0,0.0,0.0
7.279531,0.0272443894866451,-0.0248661667330819,0.0388014170032562,0.05353627712082739,True,0.0,0.0,0.0
7.300185,-0.1236556034270913,-0.1201245467463414,0.2995605118245521,0.3456256865953682,False,-0.0025539828331830826,-0.002481052388498876,0.006187122811224152
7.319875,0.1805529872824116,0.0580880761131313,0.2866426663262036,0.3437115417930025,False,0.0010011054864075587,-0.0013372981698313343,0.011831116911187033
7.340246,0.1918182605811833,0.0899855058041624,-0.0306748762607611,0.21408546046108476,False,0.004908635272706827,0.0004957965689052503,0.011206239006879072
7.359711,0.0937297111439573,0.0669939939599793,-0.0763820039405001,0.1382304760311777,True,0.0,0.0,0.0
7.37987,-0.0711583855588358,0.0319475896900286,0.0579114019856561,0.09714882810557525,True,0.0,0.0,0.0
7.400117,-0.0028529848481757,-0.0303068291536791,0.1556300982311658,0.15857922591353676,False,-5.7764384221011857e-05,-0.0006136223698745244,0.00315104259888633
7.420237,0.0109583809146552,-0.0510574529123644,0.0963695042705978,0.10960853508522846,True,0.0,0.0,0.0
7.441016,-0.1018542996707893,-0.0841421136841028,0.0676812019941071,0.14844170155324465,True,0.0,0.0,0.0
7.460236,-0.0364339419045785,-0.0699477713297985,0.1045202926903563,0.13093744468558158,True,0.0,0.0,0.0
7.479868,-0.0313443545459076,-0.0033053243993995,0.1021658017370796,0.10691699947092176,True,0.0,0.0,0.0
7.500474,-0.010098934524616,0.0367667275186924,0.1312859253194478,0.13671055159697762,True,0.0,0.0,0.0
7.520111,0.0228518614444603,0.0650141616708652,0.1711414886127169,0.18449514333396128,False,0.00044874200318487486,0.0012766830927308024,0.0033607054118879815
7.541397,0.1467958912817716,0.1025575298216861,0.0214327319507265,0.18035088749215356,False,0.0035734393450086526,0.0034597226725152043,0.003816922544191144
7.560672,-0.0019915092747,0.0455913328118197,0.0041791144128229,0.045825764958424726,True,0.0,0.0,0.0
7.580271,-0.1388556728761671,-0.0559603895233762,0.0103820533629477,0.15006748521092841,False,-0.0027214323326999264,-0.001096767674268621,0.00020347786386040655
7.601007,-0.1304931673324554,-0.0957803719443442,0.09750034915705,0.1889673634678745,False,-0.005427338650505762,-0.003082869466906572,0.0022252451039810254
7.620691,-0.1315337310785615,-0.0915605188001405,0.156118207674428,0.22373499007056105,False,-0.008016448613056143,-0.00488514671896852,0.005298275903844437
7.640403,0.0728308093364568,0.0096219634034925,0.1218792089298421,0.14230759128628934,True,0.0,0.0,0.0
7.660817,0.1541070223566932,0.0761151999534984,-0.0180766831911096,0.1728272677525139,False,0.0031459407543894904,0.0015538156918506942,-0.0003690174106633061
7.68038,-0.0203918057735967,0.0333142681263908,-0.0473211273606075,0.06135923156448413,True,0.0,0.0,0.0
7.701343,-0.0159752132557872,0.0212584148363558,0.2274469752927732,0.2289961881991791,False,-0.0003348883954810539,0.00044564015021450915,0.004767970943062217
7.721077,0.0178289302173163,-0.0360063966133576,0.3091863999756636,0.3117860825625214,False,1.6947713427476342e-05,-0.0002649100805535107,0.010869455360182143
7.741147,0.0715481138534875,-0.0057677747997709,-0.03178632776123,0.07850331492794953,True,0.0,0.0,0.0
7.7606,0.0068317006847754,-0.0399353606451182,-0.0965043360935702,0.10466418704104463,True,0.0,0.0,0.0
7.781432,0.0577994291461909,-0.0383984186924216,0.0201224531949382,0.07225043730169758,True,0.0,0.0,0.0
7.80126,0.0178382687447718,-0.0249626668056024,0.1569660494343558,0.15993648502104468,False,0.0003536971926713424,-0.0004949597574214943,0.0031123228281844696
7.821262,0.0232651466895159,0.0218714873477396,0.0256982623528028,0.04098816533147718,True,0.0,0.0,0.0
7.841317,0.0557991954214234,0.0014986724480245,-0.0325241885162412,0.06460355305573108,True,0.0,0.0,0.0
7.861297,0.0953032080393288,0.0198745059583376,0.1142613648535366,0.15011114864615685,False,0.001904158096625821,0.00039709262904759183,0.002282942069773699
7.881095,0.0061482789354411,0.0265684003176774,0.1854564973143944,0.18745077653995548,False,0.0020258817229896827,0.0009230938185369626,0.005954609803604035
7.902018,0.0312752802950341,0.009087573320807,-0.0182981095344008,0.03735703359378152,True,0.0,0.0,0.0
7.921448,-0.0227808831092364,-0.0222330062922949,-0.0245743419161676,0.04021409559647747,True,0.0,0.0,0.0
7.941496,0.0295352140958906,0.0044505420415038,0.2017797552755631,0.2039784445357387,False,0.0005921219721944167,8.922446684806846e-05,0.004045280533764502
7.961426,-0.0010538107915492,0.031134018859996,0.1764860179404284,0.17921426331636717,False,0.0005711195231188407,0.0007097254627278027,0.00756264687131732
7.981449,0.01289260147779,0.0024113375892985,0.137112758280562,0.1377386736001857,True,0.0,0.0,0.0
8.002391,-0.0457968313889944,-0.0097761950451501,0.0340884917019241,0.05792192176840258,True,0.0,0.0,0.0
8.021811,-0.0379969193179532,-0.0308734023196711,0.0944118094132093,0.10635094078156278,True,0.0,0.0,0.0
8.041729,-0.0661522724896343,-0.0491723165277072,0.1638035309605925,0.1833729440877297,False,-0.0013176209634485723,-0.0009794142005988989,0.003262638729673171
8.061696,-0.0514131871829289,-0.0603458743080638,0.0736216292887199,0.10819003956666814,True,0.0,0.0,0.0
8.08197,0.043248365403408,0.0199998611831895,0.0883381426139351,0.10036953221916244,True,0.0,0.0,0.0
8.102664,-0.0123856108025913,-0.0070561274657222,0.0459105793858398,0.04807258667171222,True,0.0,0.0,0.0
8.121989,-0.0223944102257139,0.0051056477668954,0.0085571034050957,0.024511247768374902,True,0.0,0.0,0.0
8.142115,-0.0274284442238391,0.0028161267744147,0.1375636524354355,0.140299709885399,True,0.0,0.0,0.0
8.162001,0.082699562330769,0.0499822378214861,0.1116677407663271,0.14767236043078602,True,0.0,0.0,0.0
8.182146,0.0441049204406858,0.0651099311827967,0.0388509272815049,0.08771511669228133,True,0.0,0.0,0.0
8.202132,-0.0424318272621056,-0.0510846203453881,-0.0353129103281197,0.07521369580385896,True,0.0,0.0,0.0
8.222576,-0.028949384072612,0.0003813757337785,-0.045991717440069,0.054345656300398684,True,0.0,0.0,0.0
8.242128,0.1004568598775185,0.0146955301748638,-0.0535364596107132,0.11477670413120096,True,0.0,0.0,0.0
8.262335,0.0128143746448086,-0.0375349651906063,0.0670056919125325,0.07786427009915885,True,0.0,0.0,0.0
8.282072,-0.0302706522526422,-0.0155995048948423,0.1567754330562287,0.1604312729823355,False,-0.0005974518635103758,-0.0003078874281094904,0.003094276722230665
8.302642,0.0676619529263861,0.0068531717620985,0.058304850455233,0.08957991640775513,True,0.0,0.0,0.0
8.32246,0.0360331644596673,-0.0275167009488519,0.1560085372544843,0.162462984917703,False,0.0007141052532616506,-0.0005453259794043195,0.003091777191309214
8.342545,-0.0250800095250268,0.0022532894484758,0.2507377698968529,0.251999034609185,False,0.0002103732619514896,-0.0005000686608316833,0.008127845299687481
8.362607,0.0433421553268351,-0.0808099137665062,0.2777684066097929,0.29251337115056625,False,0.0010799035821185046,-0.0021212771508154226,0.013700435073093462
8.382812,0.1317904444839175,0.0838180686308192,0.139773040139449,0.20959649957977178,False,0.003742729512915915,-0.00042773307412981147,0.01652454934911088
8.402858,0.0855107367028612,0.0342271686582598,-0.1007489284774525,0.1365061601363904,True,0.0,0.0,0.0
8.422823,-0.0137962308320294,0.0435044944083802,0.0258023232430861,0.052428397874054136,True,0.0,0.0,0.0
8.443267,-0.0069260303464716,0.0423244474003902,0.2832590887406656,0.28648741699820063,False,-0.00014159576440327397,0.0008652810026536297,0.005790948810214518
8.462926,-0.0370755087169467,0.000594819622499,0.2835652213792095,0.2859793382970941,False,-0.0008704631902696915,0.0008769745616123369,0.011365557497308108
8.482842,-0.0945587366259121,-0.0787073360767989,0.1317335933744932,0.18024965755293712,False,-0.002753694988911382,-0.000690560743693211,0.01398916374295455
8.503171,0.0144115986609879,0.0217321708941013,0.0928949778946321,0.09648553438614514,True,0.0,0.0,0.0
8.52304,0.0468745609690914,0.0013434875405018,0.076712777215457,0.08991039769083935,True,0.0,0.0,0.0
8.543306,-0.0668949704404314,-0.0318266163363807,0.3510082827565117,0.3587404147030616,False,-0.001355693470945746,-0.0006449982066730739,0.007113533858343273
8.563043,-0.0986695722370758,0.1217576834098999,0.040448847852037,0.1618540306799623,False,-0.00330313481818901,0.0017581331907882427,0.007911872768398968
8.583522,0.1534917320562119,0.203993917942511,-0.130213716412884,0.2865813013949215,False,-0.00015977763740985997,0.005935724636332908,0.005245226069979528
8.603011,-0.1050131845135612,0.0481462937802597,0.0974055298013762,0.1511081459165624,False,-0.0022063795903946638,0.006874047755816393,0.0071435624402785575
8.623672,-0.1023111442952795,0.1008825745699489,0.0675778683805745,0.1587817130331231,False,-0.004320230142679302,0.008958382629005977,0.00853978877888952
8.643352,0.0179213264647083,-0.0202298739918374,-0.1536990232343793,0.15605707765808813,False,-0.003967538437853824,0.008560258708846595,0.005514992001636777
8.663947,-0.2653944597915145,-0.2498898828595265,-0.0509506442331311,0.3680694784838167,False,-0.009433337337260102,0.0034137765713546115,0.004465663483655435
8.68348,-0.4713433014839794,-0.2285251787310473,0.399405655461523,0.658720838278647,False,-0.018640086045146262,-0.001050005744798738,0.012267254151785019
8.703758,-0.0518565511607696,-0.0745329630961318,0.5549033588490513,0.5622828488831381,False,-0.019691633189584407,-0.002561385170462183,0.023519584462526708
8.723547,-0.0396047454784039,-0.1042973311580557,0.535949938595742,0.5474384036874669,False,-0.02047537149785652,-0.004625325056748883,0.03412549779739752
8.743849,-0.3691326478097644,-0.1536084809725149,0.6794539895857792,0.7883604512339284,False,-0.0279695025136907,-0.007743884437453023,0.047919772693968646
8.763888,-0.2100297895623307,-0.1068762622599233,0.5112004077193362,0.5629039925161877,False,-0.032178289466729994,-0.0098855778568795,0.058163717664255814
8.783878,0.4137283300538599,-0.0905470434693278,-0.1413600894843707,0.4464891634398547,False,-0.023907860148953353,-0.011695613255831358,0.05533792947546325
8.80392,-0.0098761169294223,-0.2922382033234394,0.0495026180972502,0.2965656999145345,False,-0.024105797284452835,-0.017552651326839766,0.056330060947368345
8.824049,-0.1553044217310319,-0.2604137617370411,0.403577302564349,0.5047865190913509,False,-0.02723191998947689,-0.022794519936844858,0.06445366847068643
8.845154,0.1568852475900454,-0.2218945422065276,0.3990501213800783,0.48279516168442443,False,-0.023920856839088924,-0.027477604250113707,0.07287562128241312
8.864164,0.0357466683438115,-0.144666949167646,0.0875780692668062,0.17284753019831736,False,-0.023241312673873075,-0.03022772295379062,0.07454048037917509
8.884548,0.0495796788383733,-0.2465165246858658,-0.1737286819628281,0.30563081721818364,False,-0.022230680500431678,-0.0352527157929873,0.07099919492604481
8.904187,0.2212705425063963,-0.1306060682065997,0.1423688142592016,0.29374730178681296,False,-0.017885148316148618,-0.037817688366496675,0.07379517606928124
8.924264,0.0020637328653806,-0.1307902075657006,0.5115476577747362,0.5280069540860588,False,-0.01784371475141037,-0.04044356336379332,0.0840655183944249
8.944375,0.1644189556211638,0.0281514665138843,0.2489019860995718,0.29963026669338333,False,-0.014537085134913148,-0.03987740922073259,0.08907118623687339
8.964364,0.5010380622980026,0.2056079857726515,-0.6303614958152259,0.8310652195172369,False,-0.004521835307638913,-0.035767511193123276,0.07647089029702352
8.984461,0.419022017783741,0.1128149658698686,-0.7471580890403828,0.8640323361600849,False,0.0038992501837608502,-0.03350026882403655,0.061455254181579086
9.00432,0.0674706228710536,-0.0395964942774476,-0.2414675280517269,0.2538242195163483,False,0.005239149283357124,-0.034286615603892394,0.05665995054199977
9.024653,0.2964032214689917,0.0901786241800917,-0.0887257776172294,0.3222721172704713,False,0.011265915985486374,-0.03245301363843851,0.054855889305708574
9.044451,0.2134629178725307,0.1007103384570065,-0.2401180465649375,0.33669818215271236,False,0.015492054833526687,-0.030459150357666723,0.050102032219816
9.064778,0.0171763366432408,-0.0690199287439501,-0.0779244558236147,0.10550354458362224,True,0.0,0.0,0.0
9.084616,0.0774943691846501,-0.0682663709424608,-0.0351148034004555,0.10908127279617313,True,0.0,0.0,0.0
9.10529,0.0687419687000799,-0.0492117278088269,-0.1121207431430395,0.14042191231300147,True,0.0,0.0,0.0
9.125034,-0.0463817350465253,-0.0998776503967823,-0.0371044872302803,0.11620479063846711,True,0.0,0.0,0.0
9.144839,-0.0215852075808678,-0.0802075338999211,0.0500703817127892,0.09698563195381343,True,0.0,0.0,0.0
9.164657,0.0544671626177909,-0.0911933325964338,0.0160521901732515,0.10742703813768165,True,0.0,0.0,0.0
9.185525,-0.0399232749262616,-0.1362647343276876,-0.1031581358036284,0.1755093920128293,False,-0.0008331189011612313,-0.0028435724759501998,-0.0021527039779501286
9.204864,0.0146075722466833,-0.1071632156962394,0.0964927669341157,0.1449420230157644,True,0.0,0.0,0.0
9.225393,-0.0282335413160237,-0.0671166464766364,0.1072021380825241,0.12959195769405588,True,0.0,0.0,0.0
9.245126,-0.0828558161650779,-0.1115075273698066,0.2626131413720163,0.2970937174593027,False,-0.001634993820385519,-0.002200378037588443,0.005182145118694114
9.265326,-0.0640136896224349,-0.1094550899676935,0.3035213870222133,0.32894285454893457,False,-0.0029280703507586466,-0.004411370854935754,0.011313277136542552
9.284845,-0.1262106343238206,-0.1229581561696061,0.1511566848633787,0.23215549910337507,False,-0.005391575722125393,-0.0068113911052103855,0.01426370446839095
9.305426,-0.0144811205322897,-0.0907916320493797,0.1295563351887043,0.1588636751733654,False,-0.005689611663800447,-0.008679973684418666,0.016930103402909666
9.325711,0.11208420282905,0.0208767420971949,-0.128226004080906,0.17158267688485612,False,-0.00341598360941323,-0.00825648897097708,0.014329038910128558
9.345702,-0.0592203780912506,-0.1129180530105223,0.0310584297635436,0.13123325011724266,True,0.0,0.0,0.0
9.365524,-0.1305576503549072,-0.0943853557826284,0.4926451548244515,0.518317609216989,False,-0.0025879137453351454,-0.0018709065223233865,0.009765212258930936
9.3857,-0.0657218932725065,-0.0997361640041694,0.397914112051426,0.41545434193815345,False,-0.0039139186640011914,-0.003883183367271439,0.01779352738368023
9.405491,0.1717957945670214,-0.016307315310879,-0.0956605191086836,0.197308536256558,False,-0.0005139080937253274,-0.00420592144458904,0.015900310050000303
9.42578,-0.1030637321753908,-0.0928615978927658,0.0397090253604019,0.1442990504064093,True,0.0,0.0,0.0
9.446524,-0.0837097117445896,-0.173428389042108,0.4073248921048105,0.45055331504084906,False,-0.0017364742604298118,-0.003597598502289582,0.008449547561822408
9.466016,0.0851379628686481,-0.0213198810342083,0.2933120596637444,0.30616168015106665,False,-7.696508819415534e-05,-0.004013165623408362,0.014166786228788003
9.48569,0.0199638409310922,-0.0863864551828919,-0.1924491661132279,0.211891142149606,False,0.0003158035182841564,-0.005712732742676594,0.010380541334676321
9.505975,-0.083373362706287,-0.2241545830855789,0.064905492658525,0.24780863121463229,False,-0.0013754251442128287,-0.010259708460567438,0.011697149253254465
9.525827,0.0671326023400919,-0.1035111327940747,0.3717762353152949,0.39171279026153716,False,-4.270872255731067e-05,-0.01231461146879543,0.019077651076733773
9.546311,0.1661852367133008,0.0344653909956331,-0.2554842737403415,0.306720736512169,False,0.003361429666277897,-0.01160862239964089,0.013844311213436688
9.565985,-0.0929811333333441,-0.1201413673119337,-0.5994231480397296,0.6183749264818179,False,0.0015321188490776674,-0.013972283660135898,0.0020512601989029332
9.585884,-0.0080439901703563,-0.1595075911872635,0.4281736145273154,0.4569901767014364,False,0.001372051488677743,-0.01714632521717134,0.01057148695438222
9.606133,-0.0282115348508401,-0.0291631408206585,0.5549858941541856,0.5564671797970538,False,0.0008007961194830892,-0.017736849655648847,0.021809396325110184
9.626375,0.208688451851229,-0.0258618454813063,-0.2789315719122136,0.3493172294593842,False,0.005025067761855594,-0.01826034513188144,0.016163263446463252
9.646305,0.047168978937312,-0.013415622533904,-0.5478165370907959,0.5500071361465342,False,0.005965145512076243,-0.018527718488982152,0.005245279862243445
9.66648,-0.0557484699647621,-0.1054209053102009,-0.0047843477449909,0.11934969276533278,True,0.0,0.0,0.0
9.686373,-0.0460118933627777,-0.1080061972369355,0.4474238622575957,0.46256950341534125,False,-0.0009153145946657238,-0.002148567281634327,0.008900602891890224
9.706353,0.2706802700787698,0.0956743636868607,0.2517521622541565,0.38183837376099933,False,0.004492877201508186,-0.00023699349517081842,0.013930611093728354
9.72646,0.1017204032339069,0.1160105986380519,-0.3732226398571203,0.4038572004215667,False,0.006538169349332294,0.002095631611644425,0.006426223474121449
9.746736,-0.1417370157000543,-0.0653205092188593,-0.3716680368763203,0.40310455241744203,False,0.003664309618997873,0.0007711929667227782,-0.001109717641583137
9.766833,-0.0112864294629124,-0.1078943162051617,0.0395008923691246,0.11545080102518944,True,0.0,0.0,0.0
9.786611,-0.0099131879420285,-0.0564832996243213,0.3164313500756783,0.3215858108535594,False,-0.0001960630311174448,-0.001117126699969856,0.006258379241796929
9.8065,-0.1605392052662672,-0.1584980405225347,0.0832946631740334,0.24048381689894105,False,-0.0033890272846580976,-0.004269494227922415,0.00791502679766521
9.826902,-0.0944237289341563,-0.1472580007120016,-0.0380484422412088,0.17902079017954728,False,-0.005315460202372821,-0.007273851958448774,0.0071387624790600415
9.846405,0.098263117742821,-0.0125398684614085,-0.0524694228247604,0.11209785431100998,True,0.0,0.0,0.0
9.866787,-0.0060464872763528,-0.0120560861510223,-0.0439381044985509,0.04596157360871739,True,0.0,0.0,0.0
9.886704,-0.1478207516252704,-0.1734721403261488,0.3345502757680165,0.40480544104155863,False,-0.002944145910120439,-0.003455044618875822,0.006663237842471423
9.90696,-0.029944063154928,-0.0529879418138586,0.4989445575976603,0.502643054713999,False,-0.0035506928533866554,-0.004528368368257333,0.016769858801169546
9.926899,0.1234678881992757,0.0089390450076102,0.1022502965686236,0.16055948769975695,False,-0.0010888666305811962,-0.004350132749850586,0.018808627464451416
9.947115,0.0336305746562058,0.0028756792920979,-0.1280136343987976,0.1323887294111045,True,0.0,0.0,0.0
9.966938,-0.1139961017030017,-0.1414416131888784,0.061705065005956,0.19185503952813612,False,-0.00225974472405867,-0.00280379709824322,0.0012231795036131022
9.987506,-0.1356362457215719,-0.1788005265797438,0.1959362181326849,0.2979225084393178,False,-0.005049511026059829,-0.006481366328935217,0.005253195638165975
10.007081,0.0677340916112906,-0.0859842555470166,0.1979173588496277,0.22616914091536375,False,-0.0037236161827688377,-0.008164508131268039,0.009127427937647373
10.02761,0.2127385435633055,0.1024276090947542,0.0259407739926302,0.23753321194654217,False,0.0006436933780422176,-0.006061771744161851,0.009659966086942074
10.047222,0.1106508666546467,0.0815886239876334,-0.1762947824143736,0.22356244801431024,False,0.002813778174873194,-0.004461655650516351,0.006202472814231307
10.067472,-0.0979157127854445,-0.0712753124511559,-0.0461250697440931,0.12959621535441926,True,0.0,0.0,0.0
10.087408,-0.1570604493021465,-0.1382081965640717,0.3944010463784213,0.446454561760633,False,-0.0031311571172875155,-0.0027553186067012657,0.007862779260600014
10.107565,0.046623268410334,-0.0599724580123768,0.3874366509506384,0.39481335258214756,False,-0.002191371895940445,-0.003964183442856704,0.015672339833811767
10.127433,0.2531675132321898,0.0561423286312559,0.0061374618349816,0.2593904764213343,False,0.0028385602569568694,-0.0028487476576108746,0.015794278925549184
10.147643,0.0389501362370879,0.0477814876149041,-0.1942453730926736,0.20379266090684645,False,0.0036257425103084356,-0.0018830837929136386,0.011868579935346152
10.167591,-0.0526736533216838,-0.0560558809285562,-0.0690868009703997,0.10339130335406853,True,0.0,0.0,0.0
10.187621,-0.0583671096000785,0.0059313852611692,0.2534757590837468,0.2601765962904151,False,-0.001169093205289585,0.00011880564678122035,0.005077119454447503
10.207995,-0.0092078346329416,0.0119949873258222,0.2066130710556919,0.20716569472438873,False,-0.0013566936281011403,0.00036319151855752587,0.00928665416413624
10.22756,0.0265346715999361,0.011687598255465,0.024226764636273,0.03778392349450983,True,0.0,0.0,0.0
10.247793,0.1107125433614781,0.0510801472498032,-0.2250204975328209,0.2559309926729215,False,0.0022400468898327065,0.0010335046193052312,-0.004552839726581403
10.267903,-0.0525097463356738,-0.0546319371670822,-0.1048995633605205,0.12940572016759028,True,0.0,0.0,0.0
10.287836,-0.2126499171247428,-0.1569328654508489,0.2118707300135227,0.338728678662196,False,-0.004238750798047494,-0.0031281428070317674,0.004223219261359544
10.307897,-0.0201210605335006,-0.0659405880670833,0.3623864681028532,0.3688861213107452,False,-0.004642399393410051,-0.004450976944245533,0.01149305419797092
10.32799,0.0052711340381735,-0.0081108853348451,0.1685533625766115,0.16883070618476384,False,-0.004536486497181035,-0.004613948963278569,0.014879796912222649
10.348016,0.1176661775083121,0.0280866470696188,-0.1069435274005954,0.1614654982524528,False,-0.0021801036263996176,-0.004051485769062393,0.012738145832498361
10.368282,0.0683331577714023,0.0724168751163672,-0.068469085398231,0.12083724553258043,True,0.0,0.0,0.0
10.3882,-0.0806150335985845,-0.0642765976803105,0.0957680179428308,0.14071879018864455,True,0.0,0.0,0.0
10.408067,-0.2026568975168875,-0.1680254061398713,0.3985984756338965,0.47768514734844425,False,-0.00402618458296829,-0.0033381607437810604,0.007918955915419185
10.429118,0.0022426973632921,-0.0720450072350336,0.2023289030462915,0.21478477079829236,False,-0.003978973560773628,-0.004854780191085747,0.012178181653446654
10.448235,0.2443269246813626,0.0960299902845299,-0.1360996455340615,0.2957034302689036,False,0.0006918242583598844,-0.0030189748668164275,0.009576364729772054
10.468712,-0.0081590671657925,0.0009036005919661,-0.0840112880079431,0.08441139368473476,True,0.0,0.0,0.0
10.48829,-0.1533195708735737,-0.1126320640646078,0.1574145081699516,0.2469254949386524,False,-0.0030016905585627043,-0.002205110550256802,0.0030818612409511874
10.50833,-0.0939747519056201,-0.0870358847294278,0.1518146788535723,0.19863080310407644,False,-0.004884944586751483,-0.003949309680234676,0.006124227405177022
10.52853,0.1787911848813769,0.0131274893311306,0.0342582947770875,0.18251643632412798,False,-0.001273362652147829,-0.0036841343957458492,0.006816244959674159
10.548696,0.1916292372556352,0.0804835494482664,0.1306526622155868,0.24549844082394554,False,0.0025910325463492498,-0.0020611031375721346,0.00945098654591364
10.568791,-0.0456544167871344,-0.0265667284148822,0.0969812362281299,0.11043313366548929,True,0.0,0.0,0.0
10.588636,0.0366621182445263,-0.0437343411262289,0.0790885899880802,0.09752850134306199,True,0.0,0.0,0.0
10.608719,0.0409984505000306,-0.0645337732337934,0.143841323989033,0.16289815013717032,False,0.0008233718813921722,-0.0012960317678543636,0.0028887653096719514
10.629221,0.0444036120176142,-0.0590678448694781,0.0904304703967664,0.11678339365644409,True,0.0,0.0,0.0
10.649434,0.1542628345850571,0.0535675210566504,0.0726833274380034,0.17874386012904442,False,0.003118114675467765,0.0010827603031180765,0.0014691480975043655
10.669118,0.1010104093506033,0.0556019540485522,0.0173081111654482,0.11659438581385156,True,0.0,0.0,0.0
10.688911,-0.1218657921302338,-0.0796987135201421,0.0407964361828199,0.15122005632029745,False,-0.0024120896236337116,-0.0015774766367041685,0.0008074838613665522
10.709299,-0.1151473028789231,-0.1670050649335696,0.0622685921820433,0.21219559525609827,False,-0.0047597128347292555,-0.004982375900569871,0.0020770159187740835
10.729232,-0.0959946793771402,-0.1266077931006632,0.1777893729071209,0.23843987263301325,False,-0.006673174778753789,-0.007506049040445387,0.005620891488931721
10.749433,0.0117529546571027,-0.1030266487334427,0.2248105192058442,0.24757300304762095,False,-0.006435753341725656,-0.009587290371509677,0.01016228878740901
10.769353,0.0585297799729739,0.0094870669056143,0.1469668415626142,0.1584771027658156,False,-0.005269840124663968,-0.009398307998749833,0.013089868271336406
10.789457,0.2085882624658513,0.1653335087173251,-0.1500625536266095,0.305553599789372,False,-0.0010763816960505145,-0.0060744431394967454,0.010073010693227063
10.809147,0.0005439854626318,0.0243194880704791,-0.0505046971106128,0.056057629725385916,True,0.0,0.0,0.0
10.829889,-0.1798198199908597,-0.0463448659569489,0.2065131085930929,0.2777241046126449,False,-0.0037298227062504585,-0.0009612852096790461,0.004283494898437987
10.849352,-0.1096347890363024,-0.0929893275638075,0.2250897331771586,0.26708086788380797,False,-0.005863644605264014,-0.0027711364920534323,0.008664416375265027
10.870345,0.106346596463343,0.0259616335236533,-0.0136253324179485,0.1103143448426051,True,0.0,0.0,0.0
10.889521,0.0548723311962371,-0.0067163611197745,-0.1248387340084331,0.1365312848633201,True,0.0,0.0,0.0
10.909748,-0.0007249178767913,-0.0633881705418233,0.1030451135437076,0.12098297853749079,True,0.0,0.0,0.0
10.929755,-0.0598781856001486,-0.0142769969206039,0.3355476057996718,0.3411472197010093,False,-0.0011979828593021529,-0.00028563987739051747,0.006713300949233921
10.950064,0.0538168148687576,-0.0235343689398806,0.2171909828657181,0.22499342017533136,False,-0.00010501716613259553,-0.0007635993761905348,0.011124232620253626
10.969769,0.0914275769650301,0.0393936492195635,0.0298000403107092,0.10391777437498559,True,0.0,0.0,0.0
10.989859,0.0717425961674449,0.0014768227804551,0.0245023006080291,0.07582574658686964,True,0.0,0.0,0.0
11.009775,0.0010796484442851,-0.048115240125758,0.1289074077779428,0.1375985528744813,True,0.0,0.0,0.0
11.030283,0.0344943858485685,-0.0215426555209914,0.2384134443735117,0.241857228794195,False,0.0007074108649824878,-0.0004417967794245197,0.004889382917212288
11.050249,0.0152625170505813,-0.0233422502455384,0.0217880565814443,0.03539102263061694,True,0.0,0.0,0.0
11.070083,0.1389591707255805,0.0166598717562711,-0.1363128187682747,0.19536731307009608,False,0.0027561161921710892,0.00033043189641387207,-0.002703628447449887
11.090501,0.015956772799722,0.1055931776297157,-0.1589229774498104,0.1914707563092484,False,0.0030819215791958034,0.0024864333972573417,-0.005948517801020018
11.110328,0.0862681194174897,0.0532397094471542,-0.0479344770337295,0.11213549473001314,True,0.0,0.0,0.0
11.130641,0.4011162563776618,0.3265069084428828,-0.3367691723841659,0.6171827021714682,False,0.008147874515799364,0.006632334831200215,-0.006840792198639496
11.150605,0.2306275781397243,0.1441475114189959,-0.6266684299628817,0.6831404730793129,False,0.012752123485780791,0.00951009574916903,-0.019351600734418387
11.170703,0.0722870529665401,0.1366111065267058,-0.6186963790773863,0.6377093553779082,False,0.014204948676302247,0.012255705768142635,-0.031786160561115114
11.190493,-0.0009115109844357,0.0157885730293631,0.0373931498116277,0.04059996974645562,True,0.0,0.0,0.0
11.21044,0.2332432505023643,0.1594337533290441,0.5069509392797809,0.5803626370142613,False,0.004652503117770698,0.003180225077654468,0.010112150385813869
11.230928,0.247026204507409,0.1716870468044457,0.1776775830880463,0.34938189890974286,False,0.009713575995718565,0.006697749292584,0.013752408708121812
11.250613,0.1030910480311581,0.072304055534258,-0.4130614504681169,0.4318279778959304,False,0.011742923276211816,0.008121054625775802,0.005621294055657318
11.270787,0.0352583783282777,0.0726006823149444,-0.3961129896974018,0.4042517939625616,False,0.012454225800606518,0.009585700790797548,-0.0023698893984983836
11.290706,0.2756043194091422,0.1976161113295561,-0.2014147245747271,0.3944334666448895,False,0.017943988238917165,0.013522016112370937,-0.006381869297302332
11.311264,0.4171320986361871,0.2806762480820084,0.3933030553422192,0.6383303512222708,False,0.026519389922679652,0.0192921584204407,0.0017036549144227777
11.331217,0.1700752597433467,0.2506683874285652,0.3925222162665971,0.4958164223738917,False,0.029912901580338817,0.02429374475480311,0.009535650695590581
11.351189,-0.1382793207383427,-0.128306644424069,-0.0163236548028962,0.18934156240336153,False,0.027151186986552747,0.021731204452365708,0.009209634661867151
11.37112,0.1643613776215186,0.178506642625247,-0.2207629014162488,0.32804807964184374,False,0.030427073603927185,0.025289020346529453,0.004809609273739962
11.391,0.3154258282149578,0.1315663571591725,0.192856879574494,0.39242443277711175,False,0.036697739068840725,0.027904559526853875,0.008643604039681011
11.410879,0.3552415541778536,0.2365441124007175,0.5776086736537014,0.7181792664830475,False,0.04375958592434211,0.03260681993726763,0.020125886863242674
11.431831,0.1645084899277656,0.1186467588038468,0.2790544736860791,0.34498042831034137,False,0.04720636780530885,0.035092706827725965,0.025972636195913737
11.451718,-0.0271979461461418,0.0006496382160741,-0.2034665813072642,0.20527737335918383,False,0.04666548225030056,0.03510562618292903,0.021926296293456403
11.471423,0.2245236884452988,0.1751305488113843,-0.1396261092832116,0.31713884371616413,False,0.05108972153111519,0.03855657364725737,0.019174963810030705
11.491046,0.6228675650589147,0.4407231796321988,0.235920050206543,0.7986608759398413,False,0.06331225176026693,0.04720488460118047,0.023804422955233946
11.511419,0.5352689252881394,0.3558288562456894,0.8303547187023881,1.050055215780369,False,0.07421728557516183,0.05445418588947365,0.04072123963935713
11.531817,0.4145805132365928,0.3763752226313652,0.7442667180245195,0.9313797602081098,False,0.0826738988841619,0.06213148768070829,0.05590279215362138
11.551943,0.2045963904865778,0.0383635688130087,0.0415212601727148,0.2122627180136374,False,0.08679160583909465,0.06290359286663888,0.05673844903585741
11.571486,-0.0072632245580356,0.0733269230094089,0.0290392004708532,0.079201434538742,True,0.0,0.0,0.0
11.591591,0.558267650664788,0.2190952252478399,0.3326273148633518,0.6857889019941827,False,0.011223971116615088,0.004404909503607635,0.006687472165327405
11.611338,0.9180756073132798,0.5177611407803441,0.5560601047476865,1.1916972181463792,False,0.029353210134231,0.014629138750597414,0.017667991053780318
11.632366,0.697746877146418,0.2197775918706717,0.5420684084073208,0.9104894583954809,False,0.044025431466865446,0.019250621952453764,0.029066605545769127
11.651689,0.2772527124657429,0.154176527426334,0.3647073433672485,0.4833745074834327,False,0.04938278562984099,0.022229774991912813,0.03611384554165446
11.671759,0.4320140050953753,0.282301897016577,0.2172881496047249,0.5599505349728227,False,0.05805330671210538,0.027895574065035646,0.04047481870422139
11.691704,0.6845930588367845,0.3622414999520548,0.31064415345657,0.8344976636107309,False,0.07170751527060497,0.03512048078157934,0.046670616344912645
11.711781,0.4661767075944469,0.212736633552271,0.3089830903841815,0.5983712460522405,False,0.08106694502897895,0.0393915941734084,0.05287406985055603
11.732622,0.3532639445766414,0.1125086247948265,0.3561716530368723,0.5141126837747632,False,0.08842931889790037,0.04173638642275727,0.06029704327149713
11.752543,0.5539694955704887,0.1950840061220131,0.1824739178926719,0.6150095138925388,False,0.09946494521916012,0.04562265490871391,0.06393210618983707
11.773189,0.7263169829296031,0.4511501848473451,0.1430567726113771,0.8669129651641728,False,0.11446048564872546,0.05493710162507267,0.06688565631717171
11.792038,0.6628939431839542,0.333618768793458,0.2986876968224798,0.7999651261363534,False,0.12695537358379946,0.06122548179806037,0.07251562071457847
11.811968,0.5530857156792629,0.289902000841313,0.3583184493364779,0.7199577002262961,False,0.13797837189728743,0.06700322867482787,0.07965690740985464
11.833127,0.3965308588479307,0.1913657227220143,0.0718477670756243,0.4461161995325316,False,0.14636856833965042,0.07105233600190279,0.0811771343134077
11.852225,0.2990144843125842,0.1230613648301091,0.0019453413918952,0.3233535923655417,False,0.15207914696105257,0.07340256194742839,0.08121428644331012
11.873425,0.3629502807637002,0.1703615337775784,0.0760507712990499,0.40809273249186656,False,0.15977369291324248,0.0770142264635128,0.08282656279484987
11.892117,0.6508453635018958,0.3173768636974226,0.3850680122950862,0.8201250727146536,False,0.17193929444782088,0.0829466347997455,0.09002425408067019
11.912374,0.6821174381951259,0.4333206934088897,0.4420245597856524,0.9211062556947175,False,0.18575694739333892,0.09172441208612897,0.09897834558824775
11.932369,0.2991011302801669,0.070028616101795,0.1804979908702346,0.35629344354927056,False,0.1917374744932908,0.09312463426508434,0.10258740291569805
11.952413,0.1020512707369411,0.0475590081123064,-0.0770933087874841,0.13645401925723277,True,0.0,0.0,0.0
11.972862,0.2583201402418335,0.1231642416901625,0.0995877194053012,0.3030122755632555,False,0.005282388547805065,0.0025185855783220437,0.002036469274118932
11.993617,0.5779605073337316,0.2847697994298714,0.2959385551278952,0.7090217310604661,False,0.017277958877517353,0.008428982765489363,0.008178673985798749
12.012478,0.6668708906757471,0.3307831863277274,0.1977904355389697,0.7702307171091552,False,0.029855810746552185,0.014667884442816415,0.011909199390499128
12.032939,0.3258606128492626,0.1347771529474828,0.1377439595804386,0.3785807950279883,False,0.03652324474606126,0.017425559769274988,0.014727578547474614
12.052732,0.1478907666470274,0.0714326643735042,0.1589831823797389,0.22858249425214638,False,0.03945044669030586,0.018839426495219753,0.01787433267631678
12.073009,0.3085066104400323,0.0806140722721919,0.0932689670193873,0.33222591341189445,False,0.04570603523019843,0.020474038038682998,0.019765547520568905
12.092609,0.5555562346166165,0.2205080617687052,0.0958407579815148,0.605352778152422,False,0.056594937428683406,0.024795996049349338,0.021644026377006475
12.112828,0.3522081186676394,0.1447633944243733,0.1232734724754536,0.4002541045846014,False,0.06371623338002472,0.02772296712121587,0.02413649271698778
12.132806,0.0892283918199837,-0.0255146163069301,0.1415801109895245,0.16928564434079008,False,0.06549883819180435,0.02721323611663602,0.02696498017433651
12.153243,0.1991742980870021,0.064317174955304,0.184339664925929,0.27890538194463893,False,0.0695693633218083,0.028527686221197526,0.030732329906427606
12.173175,0.4531352839452607,0.1228668479455441,0.167871756999034,0.4986068337660127,False,0.07860125580140556,0.0309766682344482,0.03407834976693248
12.193633,0.4501082561116931,0.1826561814374437,0.0861842540195745,0.49334414811379734,False,0.08780957050493841,0.034713448394295354,0.0358415072356649
12.213112,0.1793787835302987,-0.0033699111950056,0.0417504469183249,0.1842042456083786,False,0.09130368982932519,0.03464780589412784,0.03665476419118697
12.23331,0.0356650696687829,-0.0470615720617106,0.1289600384474702,0.14183610356947807,True,0.0,0.0,0.0
12.253305,0.2542403495563232,0.0719790165741827,0.2105725510724152,0.33787561828970847,False,0.005083535789378622,0.001439220436400766,0.004210398158692892
12.273669,0.5156269274690609,0.1152770661440012,0.0917946177367063,0.5362706239907056,False,0.015583762540358946,0.0037867226113572888,0.006079703754283245
12.293186,0.3894387435602791,0.1737976315254295,0.1828674216763719,0.4640136265458395,False,0.023184438498425088,0.007178730985839175,0.009648727223141078
12.31344,0.1748234963466876,0.0277222703035678,0.1852850692486267,0.256246631260067,False,0.02672531359343082,0.007740217848567625,0.01340149101570268
12.333416,0.1140999600252246,0.0241662334151782,0.1558915702309296,0.19469203729043358,False,0.029004574394894678,0.008222962527269218,0.016515581022635693
12.353744,0.2569604323352236,0.0426796688476578,0.15961182422547,0.3054932934639205,False,0.034228066063405366,0.00909055483560445,0.01976017018549121
12.373816,0.373033045145566,0.1419972781194983,0.2227861198572363,0.4571110750845607,False,0.04171558534556678,0.011940724202018874,0.024231933183265428
12.393706,0.2862174479757578,0.113423159942418,0.1015941148586385,0.3242014881381472,False,0.04740845038580466,0.014196710853273588,0.02625264012780377
12.414099,0.1064272128827985,0.0072008194310584,0.2608293401480388,0.2817987723971497,False,0.049578820538123604,0.014343557163931165,0.03157173286144281
12.433936,-0.0213606197309685,0.0592373745009289,0.4234183398713327,0.42807526575644356,False,0.049155089924520404,0.015518648961906032,0.03997108246947001
12.453774,0.141251725026998,0.0632350531914542,0.349375475504118,0.3821177104753943,False,0.051957241645605994,0.016773105947118103,0.04690199315252071
12.474047,0.4284658370397276,0.2887450883041104,0.5772763345437077,0.7747287692825933,False,0.06064352955991296,0.022626835122307714,0.05860511628272606
12.493763,0.4164267474008121,0.3338438522850749,0.9549698435893176,1.0939974203920064,False,0.06885379931166694,0.029208900513959902,0.07743330171893205
12.513928,0.3979724606033228,0.3356113638441108,1.266041974393506,1.368897128299338,False,0.07687891397973311,0.03597650366587654,0.10296303813257765
12.533913,0.383282030112054,0.3940801609635308,1.201843281872442,1.3216018924221402,False,0.08453880535152256,0.04385219568273276,0.1269818761207986
12.554347,0.6022022207006592,0.544552905798306,1.6149267780600134,1.807532539216232,False,0.09684420552931973,0.05497958975981526,0.15998128990367666
12.574212,0.4019769570963927,0.5400151255443991,1.5551729055052927,1.69462815268453,False,0.10482947778203931,0.0657069902287544,0.1908747996715383
12.594376,-0.0687916043593731,0.2588883800922,1.9458304691080128,1.964182194371543,False,0.10344236387173683,0.07092721552493382,0.23011052525063458
12.614114,0.1857044861274945,0.3111310442648394,2.5948064612712374,2.6199826820664613,False,0.10710779901892137,0.0770683200766333,0.2813268151832069
12.634764,0.8482180117237464,0.2934192715544816,2.789667622107573,2.930497245548521,False,0.1246235009610166,0.0831274280342333,0.3389334515797278
12.65425,0.6119974179391605,0.1073000904526093,2.6750656390286824,2.746275718511758,False,0.13654888264697834,0.08521827759679271,0.39105978062183744
12.674495,-0.4744538076697806,-0.2110794824573692,1.866213405944344,1.9371147204162207,False,0.12694356531070317,0.08094497347444307,0.4288412710251825
12.694297,-1.2112783752050198,-0.255869670675073,1.074138118947543,1.6390354752679543,False,0.10295783092489298,0.0758782422557352,0.4501113540565821
12.714457,-1.010283068487121,0.3456922504956694,0.6357750052912348,1.2427328224029421,False,0.08259052426419379,0.08284739802572749,0.46292857816325267
12.734467,-0.8006273454516043,0.5570810170962374,0.5608089187523255,1.125100017441122,False,0.06656997108170641,0.09399458917782375,0.4741503646274873
12.754728,-0.5981563613013486,0.2473587500749456,1.311584814102007,1.462611400333973,False,0.054450725045380004,0.09900632481309213,0.5007243845460075
12.774714,-0.8959478037436011,-0.3837624162640322,1.7396776898362791,1.9941099577716077,False,0.036544312239760936,0.09133644916163941,0.5354935828550743
12.794702,-1.255878111235575,-0.3356262996703552,1.7471160186683896,2.177679780408207,False,0.011441820552384675,0.08462795068382846,0.5704149378362176
12.814364,-0.7210533472390684,-0.1149126188495637,1.1156525938999682,1.3333429978108622,False,-0.002735530361030098,0.08236853877200831,0.5923508991374791
12.83493,-0.2146980776798344,0.2155661025186944,0.3380858780835467,0.4548253181981399,False,-0.007151011026593686,0.0868018712364079,0.5993039733061455
12.854892,-0.6384018788785076,-0.1190078788697033,0.2233958441860508,0.6867499817169804,False,-0.019894789332766193,0.08442623595841092,0.6037634011477874
12.875073,-0.8695628297560479,-0.6841688759315946,0.2087280417234485,1.125963570053913,False,-0.03744343680007377,0.0706190238732348,0.6079757417578084
12.894813,-1.1007049023743405,-0.8224323480253833,-0.0982947984621596,1.3775369746740624,False,-0.059171351572941885,0.05438420932321476,0.6060354024361655
12.914952,-0.2260988142356006,-0.3123892303996901,-0.7437475552176487,0.8377757044464137,False,-0.06372475559283272,0.0480930026121953,0.591057070421637
12.934794,0.3797244271055795,-0.0345644487187577,-1.5030608603800353,1.5506699493000642,False,-0.05619026351020359,0.047407174820717685,0.5612333368299754
12.955078,0.7436181643427633,-0.1374421877594793,-1.430237282192003,1.6178495024842638,False,-0.04110671266467484,0.04461929748420438,0.5322224037979926
12.975558,0.8577934367597247,0.513628435461699,-1.000962153192866,1.414761104210669,False,-0.023539103079836393,0.05513840784245955,0.5117226989006035
12.994852,0.0951745327262676,0.1751213626631604,-1.17156085956511,1.1883940975137854,False,-0.02170280564541575,0.05851719941368263,0.48911860367615384
13.015412,-0.757025383855398,-0.2673258644862309,-1.277864402324365,1.509134844986534,False,-0.0372672475374825,0.053020979639845804,0.46284571156436527
13.035241,0.4100622139257804,-0.4683594839791553,-1.4194734396180628,1.5499730550251727,False,-0.02913612389754834,0.043733879432023295,0.4346989727301792
13.055346,1.8755150061893284,-0.6092509326666041,0.773303279113188,2.118192908798368,False,0.008571105301889849,0.03148488943076065,0.45024623515675055
13.075956,1.1750576438965652,-0.4297299070305948,1.580314667955193,2.015644489792434,False,0.03278904334259755,0.022628156046860276,0.4828165204633064
13.095461,0.449872539502501,0.3217414943357615,1.9690164153900271,2.045220901284561,False,0.04156380722559408,0.02890372389387948,0.5212221856454899
13.115569,0.0530217681661238,0.1189332047669188,2.526262885142411,2.529616686366464,False,0.04262996893987852,0.031295232775332735,0.5720202797399347
13.135486,-0.4668191931927256,-0.4186143632606179,2.937318020659883,3.0034971780833244,False,0.03333233106905923,0.02295769050227121,0.6305228427574162
13.155734,-1.2802579737281556,1.6210945818252942,0.3654774930896334,2.0977564016045647,False,0.007409667617010909,0.055781613595070556,0.6379230310374953
13.175747,5.140733137508449,-5.103563376999117,-26.1519881511964,27.136690671385132,False,0.11029115989796096,-0.04635600026880626,0.11454329216763504
13.196029,2.097031511703455,4.371432941800877,2.2044103532352475,5.326010902278543,False,0.15282315301833024,0.04230540265679873,0.15925314295195214
13.215705,0.5290968493753873,-0.9443404381802698,0.6215268545907584,1.2482059005544506,False,0.1632336626266406,0.023724560195163297,0.1714823053428802
13.235774,-1.288406902262609,0.4119559309957224,-0.6807816511946587,1.514319547349175,False,0.13737662450513302,0.03199210377431622,0.15781969838505497
13.255739,0.8651667010710908,-0.2127977245025109,0.3291732700973977,0.9498164738212825,False,0.15464967769201812,0.027743597204623403,0.1643916427225498
13.27622,-0.0627626711273149,-0.0758211345089336,-0.0406261946762089,0.10648232256636082,True,0.0,0.0,0.0
13.296153,0.3648740662751259,-0.1269269440871576,0.7585737785835622,0.8512800426005491,False,0.007273034763062077,-0.00253003477648931,0.01512065112850613
13.315893,0.0548115701856347,0.4254444469677396,-0.4083361985432017,0.5922379055097821,False,0.008355015158526536,0.005868238606654097,0.00706009456926311
13.335972,0.222113999230817,0.2270619326148722,1.2861288407189608,1.3247713556784833,False,0.012814842149081903,0.010427415151627905,0.032884275562057926
13.356312,0.7693490229204046,-0.2139825234284642,0.2379569411409896,0.8332526299019829,False,0.028463401275283635,0.006075010625092748,0.03772431974486587
13.377249,-1.812743496002876,0.637392609634072,-1.63982094032799,2.5261276763962335,False,-0.009490009300528554,0.019420099693001302,0.0033913887172187726
13.396056,0.2082161169877696,0.0498646814325371,0.9955768875106266,1.018338733807754,False,-0.0055740887883397984,0.020357904756702974,0.02211520324063004
13.415993,0.5316498667085384,-0.0010811978085856,-0.2923555356353837,0.6067326503300775,False,0.005025414604228618,0.020336348915993202,0.01628651092666724
13.436187,-0.0985906806755249,0.103119632156005,0.268163941541145,0.3037526631898652,False,0.003034474398667064,0.02241874676775157,0.021701813562149133
13.456122,0.0474141420357416,0.1032016096421849,0.0734445283572551,0.13525077391032939,True,0.0,0.0,0.0
13.47652,0.0258896101683425,0.1133722859193699,0.0909986301866645,0.1476627841573544,True,0.0,0.0,0.0
13.496274,0.0460262369828621,0.0915939725146488,0.0849837967142068,0.13315448169618044,True,0.0,0.0,0.0
13.516793,0.0415503285809149,0.0921972921848385,0.0873597942183757,0.1336357143030089,True,0.0,0.0,0.0
13.536374,0.0637833770689874,0.092429737527753,0.0935949510287841,0.1461902542163958,True,0.0,0.0,0.0
13.55662,0.0391719655124024,0.0992624001545016,0.094580099477687,0.14259334551004268,True,0.0,0.0,0.0
13.57677,0.0409927159655083,0.0891459182603461,0.091901534467178,0.13443693518572583,True,0.0,0.0,0.0
13.596644,0.035103370461293,0.06758373925763,0.0893189123474744,0.11737834780197713,True,0.0,0.0,0.0
13.616663,0.0410135897294426,0.0891483907202786,0.1085258240149595,0.14631269455736387,True,0.0,0.0,0.0
13.636888,0.027042505942652,0.073702963503732,0.0968216786873039,0.12465095836261485,True,0.0,0.0,0.0
13.657312,0.0452952538698318,0.0585522404824012,0.1101970277149106,0.13275319132074465,True,0.0,0.0,0.0
13.677509,0.0385197274853389,0.0787300642973509,0.113104079429231,0.14308992002703605,True,0.0,0.0,0.0
13.69677,0.0267442581307633,0.068011147100065,0.0846089789093582,0.11180094268348456,True,0.0,0.0,0.0
13.717005,0.0299583492953263,0.0641444842535594,0.0915598600578917,0.11573774460596949,True,0.0,0.0,0.0
13.737357,0.0255763204960992,0.0432975659717814,0.1010047817538275,0.11283081727231382,True,0.0,0.0,0.0
13.757146,0.0332398932110099,0.0638607146265674,0.0913515533547446,0.11631073756803355,True,0.0,0.0,0.0
13.777541,0.0364658229680716,0.0681774822914837,0.1032320599724929,0.12897590295287212,True,0.0,0.0,0.0
13.797257,0.0084543480318207,0.061858881812884,0.1114536500561147,0.12774941632201056,True,0.0,0.0,0.0
13.817402,0.0361412341059855,0.0341659252065535,0.0907982130565052,0.10352687932212566,True,0.0,0.0,0.0
13.837505,0.0359978184983091,0.0566094299016858,0.0958839026495148,0.11702219139006376,True,0.0,0.0,0.0
13.857323,0.0227042017358713,0.0500974371971042,0.1106979715063136,0.12360936407001517,True,0.0,0.0,0.0
13.877743,0.0337983141203538,0.0237227779728885,0.1146729180459846,0.12188098442870476,True,0.0,0.0,0.0
13.897454,0.015457128550213,0.0530306715359205,0.1133935776175079,0.1261319879787292,True,0.0,0.0,0.0
13.917687,0.0016763441164702,0.0354431240903286,0.1137198302021644,0.11912692792181102,True,0.0,0.0,0.0
13.937486,0.0106071406359719,0.0349922871264102,0.0965758042874256,0.10326595549633748,True,0.0,0.0,0.0
13.958408,0.0049037322677469,0.0399971816632332,0.1040698869118923,0.11159911510854138,True,0.0,0.0,0.0
13.977857,0.0280939270503413,0.033688379634077,0.1054421972229899,0.11420259460577721,True,0.0,0.0,0.0
13.997957,0.0159206036714921,0.0454599721407608,0.1108653023379435,0.12087675521284932,True,0.0,0.0,0.0
14.017542,0.0247436315527235,0.0451434941952508,0.1032871191829354,0.11540542170835597,True,0.0,0.0,0.0
14.037915,0.0130979161336742,0.0391865272088269,0.0940959114252919,0.10276760125978067,True,0.0,0.0,0.0
14.057815,0.0092508311522746,0.0440311568048904,0.094310527659239,0.10449304414145864,True,0.0,0.0,0.0
14.07824,0.0151467615102352,0.036691182882955,0.0939861653730957,0.10202483309046521,True,0.0,0.0,0.0
14.097951,-0.0118263180397726,0.0338249931896211,0.104645241840048,0.11061021020872304,True,0.0,0.0,0.0
14.118341,0.0194982056786899,0.0289648525966885,0.108114979242206,0.11361334185375864,True,0.0,0.0,0.0
14.137981,0.0277162567712814,0.0341241654823942,0.1078290874986382,0.11644638968242166,True,0.0,0.0,0.0
14.158612,0.0093163924307912,0.029779754146833,0.1061232380004728,0.11061541740948824,True,0.0,0.0,0.0
14.178712,0.0121688622895095,0.0311974949844705,0.1060268601543796,0.11118929794239857,True,0.0,0.0,0.0
14.198358,0.0067340473807855,0.0418402779973013,0.1015718576264426,0.11005815970978455,True,0.0,0.0,0.0
14.218316,0.0185468234919227,0.0508911008216621,0.103586498960519,0.11689333416144274,True,0.0,0.0,0.0
14.238387,0.0227327444944927,0.0103090041670343,0.1077642339348159,0.11061728325503907,True,0.0,0.0,0.0
14.258542,0.0193606738600074,0.0292334652700695,0.1176798653639146,0.12279243419722162,True,0.0,0.0,0.0
14.278864,0.0071913092244285,0.0358929458039724,0.0942752992304623,0.10113283607138414,True,0.0,0.0,0.0
14.29851,0.0319870886837928,0.0226207019580496,0.1146662061673637,0.12117429115268673,True,0.0,0.0,0.0
14.318671,0.0137777064253719,0.0309830484900468,0.1059204928949313,0.11121567022315479,True,0.0,0.0,0.0
14.338428,0.0099838955739217,0.013722919809115,0.1034915085934979,0.10487368139755762,True,0.0,0.0,0.0
14.358744,0.013759089998031,0.0319539042803769,0.1035295859384657,0.10921877000279559,True,0.0,0.0,0.0
14.378807,0.0159199762918311,0.0185553625724705,0.1056911094249191,0.10848206182036978,True,0.0,0.0,0.0
14.399388,0.0078508459639545,0.0295051433125895,0.0989394122091393,0.1035432110403003,True,0.0,0.0,0.0
14.41876,0.0053570801570143,0.0395126050859824,0.1087284367960812,0.115809400467358,True,0.0,0.0,0.0
14.438803,0.008769568478527,0.0211389401794426,0.1083903319122345,0.11078007120079851,True,0.0,0.0,0.0
14.459313,-0.0070572985012468,0.0290563221885811,0.1019343831918107,0.10622943941279757,True,0.0,0.0,0.0
14.479373,0.0095919358795121,0.0131668379024382,0.1106665349663096,0.11185907569667819,True,0.0,0.0,0.0
14.499172,0.01268339307242,0.0249900776617688,0.1226487645770273,0.1258097448278225,True,0.0,0.0,0.0
14.519168,0.0133138454255169,0.0317734759838479,0.1083080878169742,0.11365497852131297,True,0.0,0.0,0.0
14.538803,0.0161888513684815,0.0214417028624456,0.112871304406072,0.11602481152150329,True,0.0,0.0,0.0
14.559495,0.0270693739365116,0.0282097319710429,0.1100860736960633,0.11682244478270369,True,0.0,0.0,0.0
14.579557,0.0086227926392914,0.0241616750284892,0.1060009160181483,0.10906114472977563,True,0.0,0.0,0.0
14.599411,0.0011193254712656,0.0248418245222817,0.0991290576492236,0.10220048534879644,True,0.0,0.0,0.0
14.619661,0.0150924457600296,0.0066221270459616,0.1127446115201653,0.1139428888192031,True,0.0,0.0,0.0
14.639502,0.0046503322464913,0.0181094564805645,0.1037002499171428,0.1053722915993673,True,0.0,0.0,0.0
14.659725,0.0153616465924793,0.0202893572502967,0.1128654083187239,0.11569891355848883,True,0.0,0.0,0.0
14.680255,0.0063978317750732,0.0244842274544316,0.1108845008965619,0.11373558011696303,True,0.0,0.0,0.0
14.699548,0.0206390131989771,0.0091098816771627,0.1197222750247064,0.12182931481006898,True,0.0,0.0,0.0
14.719633,0.0022340798213223,0.0149372267330122,0.1157559916386503,0.1167371468529565,True,0.0,0.0,0.0
14.739626,0.0224525826740902,0.0054895629999667,0.1291828704234099,0.1312344001453086,True,0.0,0.0,0.0
14.760028,0.0139986440599767,0.0147000396804915,0.1152485210640517,0.11702253975015717,True,0.0,0.0,0.0
14.781132,0.0026992393093335,0.0214627995064358,0.103804703749704,0.10603468383536739,True,0.0,0.0,0.0
14.80005,0.0079381779123087,0.0006225609930583,0.1009799380018456,0.10129338640609328,True,0.0,0.0,0.0
14.819963,0.0065805370383118,0.0105420442567557,0.1275087748955652,0.1281129417357665,True,0.0,0.0,0.0
14.840445,0.0076095394694107,0.0053590068373845,0.1154399577902136,0.11581454096885223,True,0.0,0.0,0.0
14.860183,0.0079316475952857,-0.0021034473697297,0.1033702233162117,0.10369541259311571,True,0.0,0.0,0.0
14.880777,-0.0030585847662138,0.0292681215310765,0.09454896504349,0.09902264725569132,True,0.0,0.0,0.0
14.900391,-0.0109757038194108,0.0112460236542038,0.1066894109162142,0.10784048184244703,True,0.0,0.0,0.0
14.920478,0.0232143241392836,0.0233407971037777,0.1053855849970091,0.11040751414575582,True,0.0,0.0,0.0
14.940108,0.0091717350597013,0.0141421445341894,0.1034913088790006,0.10485500459930353,True,0.0,0.0,0.0
14.960589,-0.0059365154684489,0.0122716265317445,0.1064880158469847,0.1073570330843276,True,0.0,0.0,0.0
14.980666,0.0243296146952931,0.0131490856521247,0.1172343604924091,0.12045216430090605,True,0.0,0.0,0.0
15.000937,0.2256764250121614,0.0760615423660302,0.6798248265268256,0.7203311750824045,False,0.004574686811421758,0.0015418435253018773,0.013780729058525988
15.020602,-0.2536849465380305,0.0167052718933758,-0.8319991614363804,0.8699757024422436,False,-0.0004140276622485667,0.0018703526970851095,-0.002580534451120286
15.040738,0.0289883845482213,0.0520286287322069,0.0458531433982027,0.07516525398058281,True,0.0,0.0,0.0
15.061494,-0.0471041268104568,0.0474351124388245,0.2347257856344597,0.24405958923257623,False,-0.0009776932560778622,0.0009845631937802622,0.004871968406628949
15.081586,0.1435614548577617,-0.0077724938655201,0.182950191102476,0.23268234872073815,False,0.0019067434949242856,0.0008283982470342323,0.008547803646259896
15.100879,-0.0580719678503051,0.0515282390844277,0.1141570394846365,0.13805557771073818,True,0.0,0.0,0.0
