time,forward_velocity,right_velocity,down_velocity,forward_position,right_position,down_position,horizontal_distance,3d_displacement,path_distance
0.0,0.0,0.0,0.0,0.0,0.0,0.0,0.0,0.0,0.0
0.01,0.0250591496,0.0839177352,0.0649408094,0.000125295748,0.000419588676,0.00032470404699999996,0.00043789688454510894,0.000545148052947537,0.000545148052947537
0.02,0.049877940448,0.167792258976,0.129765490072,0.0004999811982400001,0.00167813864688,0.00129823554436,0.0017510369832604174,0.0021798041300505533,0.00217980422235308
0.03,0.0718980574089634,0.2416364665085165,0.1869294148867158,0.001108861187524817,0.0037252822743025823,0.0028817100691535787,0.003886811180959524,0.004838548757540125,0.004838548934302427
0.04,0.091161081814438,0.3066303420093513,0.237289366668678,0.001924156883641824,0.006466616316891922,0.005002803976930549,0.006746814530040015,0.008399259130087081,0.008399259364929256
0.05,0.1079300091102871,0.3636321114354691,0.2816427360968789,0.0029196123382654498,0.009817928584116025,0.007597464490758333,0.010242844228462831,0.012752933959559586,0.012752934669382236
0.06,0.1224713378279424,0.4136008275158361,0.3207070437689389,0.004071619072956597,0.013704093278872549,0.01060921339008742,0.01429616222876978,0.017802686966514745,0.017802689810392125
0.07,0.1350523797967872,0.4573804566519424,0.3550820282926127,0.0053592376610802454,0.018058999699711444,0.01398815875039518,0.01883743343616956,0.02346310899451256,0.02346311764852333
0.08,0.1459083694266786,0.4957136892770991,0.3853304084457066,0.0067640414071975736,0.022824470429356647,0.017690220934086776,0.02380564442603601,0.029658938336286775,0.02965895893539712
0.09,0.155302078853735,0.5292540929726204,0.4119473767526902,0.00827009364859964,0.02794930934060524,0.021676609860078758,0.02914718411053547,0.03632401074495374,0.036324051874685466
0.1,0.1634192831536587,0.5586824938820085,0.4353831776045678,0.009863700458636611,0.03338899227487839,0.025913262631865053,0.03481547632690952,0.04340062870624815,0.04340070078494682
0.11,0.1705446746834455,0.5844979915878844,0.456027234846872,0.011533520247822131,0.03910489470222785,0.030370314694122248,0.04077026954754225,0.05083867517549281,0.0508387886960303
0.12,0.1770079628604811,0.6071464022969845,0.474218434430174,0.013271283435541764,0.04506311667165219,0.035021543040507475,0.046976711764335134,0.058594538355784834,0.05859469967177917
0.13,0.1828886000870954,0.6271125645296688,0.4903509639485248,0.015070766250279649,0.05123441150578546,0.03984439003240097,0.05340498963313007,0.06663083621544025,0.06663104656807185
0.14,0.1882565044773391,0.6447183481031072,0.5046771886681689,0.016926491773101824,0.057593566068949345,0.044819530795484445,0.06002936761522078,0.07491538771848341,0.07491564611100429
0.15,0.1931656933372401,0.6603376517537236,0.5174138651649512,0.018833602762174717,0.06411884606823348,0.04992998606465004,0.06682762164049545,0.08342022849729772,0.0834205332032497
0.16,0.1976006400242261,0.6742088530722565,0.5287517392256152,0.02078743442898205,0.07079157859236339,0.05516081408660287,0.07378051931057406,0.09212100976669088,0.09212135956147839
0.17,0.2016182535990467,0.6865417243385561,0.5388500849216058,0.022783528897098414,0.07759533147941745,0.060498823207338986,0.08087103719135541,0.10099619926451911,0.10099659408496019
0.18,0.2052686140351619,0.697321386471367,0.5477294035081572,0.02481796323526945,0.08451464703346706,0.0659317206494878,0.08808323825983415,0.11002567268660894,0.11002611375268058
0.19,0.2085957917092163,0.7067342245667079,0.5555359782384023,0.026887285263991346,0.09153492508865745,0.0714480475582206,0.09540214158944953,0.11919057059908358,0.11919106111721853
0.2,0.21165563704241,0.7149442575090751,0.5623980394614254,0.02898854240774948,0.09864331749903636,0.07703771764671974,0.10281458883904357,0.12847431501415876,0.12847486076727502
0.21,0.2146240519988279,0.7222186610764335,0.5684289287980933,0.031119940852955663,0.10582913209196389,0.08269185248801732,0.11030981786781176,0.13786296959637065,0.13786357907701957
0.22,0.217512008223683,0.7286697107937843,0.5737463663028316,0.03328062115406822,0.11308357395131498,0.08840272896352194,0.11787915185478362,0.14734495895754648,0.14734564510572837
0.23,0.220329160764763,0.7344547697826783,0.5784987343661008,0.035469826999010454,0.1203991963541973,0.09416395446686661,0.12551523855722177,0.15691056507104426,0.15691134804244306
0.24,0.2228765171471674,0.7396537569305305,0.5828631796446493,0.037685855388570104,0.12776973898776334,0.09997076403692035,0.1332115982088999,0.16655174439042958,0.16655265075107203
0.25,0.2251864529099374,0.7442718536406285,0.5868862528726436,0.03992617023885563,0.13518936704061915,0.10581951119950682,0.14096192404612432,0.17626126341680373,0.17626232296196556
0.26,0.2272874585274291,0.7483361961407434,0.5906089186961503,0.04218853979604246,0.14265240728952602,0.1117069870573508,0.14876014989108835,0.18603234437336486,0.18603358990882488
0.27,0.2290323364648803,0.7519558055608326,0.5941677599997262,0.04447013877100401,0.1501538672980339,0.11763087045083019,0.15660069318769929,0.1958591299630628,0.19586059304311407
0.28,0.2304566980772288,0.7551840498704993,0.5975733806578992,0.04676758394371456,0.15768956657519057,0.12358957615411832,0.16447858922851888,0.20573669980963158,0.2057384061399361
0.29,0.2315843608841904,0.7581155034879964,0.6007353598203156,0.049077789238521644,0.165256064341983,0.12958111985650936,0.1723896638384749,0.21566052680453468,0.21566249465710943
0.3,0.2324200343665425,0.7607857812963844,0.6036420392493439,0.05139781121477531,0.1728505707659049,0.13560300685185767,0.18033040456830562,0.22562630670875625,0.22562854466591614
0.31,0.2329987572432382,0.7632262243927564,0.6063240549129908,0.05372490517282422,0.1804706307943506,0.14165283732266934,0.18829767395042288,0.23563009217139982,0.23563260033610636
0.32,0.2333513635869563,0.7652711952085413,0.608650722094314,0.05605665577697519,0.1881131178923571,0.14772771120770586,0.1962877830637509,0.24566719446997695,0.2456699686486798
0.33,0.2335709989179407,0.7669530193714681,0.6106287313314548,0.058391267589499675,0.19577423896525714,0.15382410847483471,0.20429658042447546,0.25573218241201456,0.25573521817601236
0.34,0.2336736197577195,0.7683152744798799,0.6122999215777148,0.06072749068287798,0.2034505804345139,0.15993875173938057,0.2123204342586451,0.2658201856739455,0.2658234796192602
0.35,0.2336732678452373,0.7694114398662597,0.613701111112,0.06306422512089276,0.21113921400624455,0.16606875690282913,0.22035622110862532,0.2759269762102364,0.2759305255446557
0.36,0.2335822999107654,0.7704260383370591,0.6149832662998473,0.06540050295967277,0.21883840139726116,0.17221217878988837,0.22840199586143498,0.2860498317374919,0.2860536334223957
0.37,0.2334115898769427,0.7713688579221478,0.6161606712628296,0.06773547240861132,0.2265473758785572,0.17836789847770176,0.23645677774146806,0.2961872970726965,0.29619134789636287
0.38,0.2332093968384883,0.7722485120878111,0.6172458960279303,0.07006857734218848,0.234265462728607,0.18453493131415558,0.24451975903432957,0.3063381357802628,0.30634243341771933
0.39,0.2329825635529904,0.7730178882051095,0.6182072689377562,0.07239953714414588,0.2419917947300716,0.19071219713898402,0.25259002691192634,0.31650096971880887,0.3165055133084705
0.4,0.2327340468500942,0.773690219639847,0.6190596522149403,0.0747281201961613,0.24972533526929638,0.1968985317447475,0.2606665207183585,0.32667425185749144,0.3266790419075571
0.41,0.0,0.0,0.0,0.07589179043041178,0.2535937863674956,0.1999938300058222,0.2647062000387156,0.3317633258504234,0.33176823768275093
0.42,0.0,0.0,0.0,0.07589179043041178,0.2535937863674956,0.1999938300058222,0.2647062000387156,0.3317633258504234,0.33176823768275093
0.43,0.0,0.0,0.0,0.07589179043041178,0.2535937863674956,0.1999938300058222,0.2647062000387156,0.3317633258504234,0.33176823768275093
0.44,0.0,0.0,0.0,0.07589179043041178,0.2535937863674956,0.1999938300058222,0.2647062000387156,0.3317633258504234,0.33176823768275093
0.45,0.0,0.0,0.0,0.07589179043041178,0.2535937863674956,0.1999938300058222,0.2647062000387156,0.3317633258504234,0.33176823768275093
0.46,0.0,0.0,0.0,0.07589179043041178,0.2535937863674956,0.1999938300058222,0.2647062000387156,0.3317633258504234,0.33176823768275093
0.47,0.0,0.0,0.0,0.07589179043041178,0.2535937863674956,0.1999938300058222,0.2647062000387156,0.3317633258504234,0.33176823768275093
0.48,0.0,0.0,0.0,0.07589179043041178,0.2535937863674956,0.1999938300058222,0.2647062000387156,0.3317633258504234,0.33176823768275093
0.49,0.0,0.0,0.0,0.07589179043041178,0.2535937863674956,0.1999938300058222,0.2647062000387156,0.3317633258504234,0.33176823768275093
0.5,0.0,0.0,0.0,0.07589179043041178,0.2535937863674956,0.1999938300058222,0.2647062000387156,0.3317633258504234,0.33176823768275093
0.51,0.0,0.0,0.0,0.07589179043041178,0.2535937863674956,0.1999938300058222,0.2647062000387156,0.3317633258504234,0.33176823768275093
0.52,0.0,0.0,0.0,0.07589179043041178,0.2535937863674956,0.1999938300058222,0.2647062000387156,0.3317633258504234,0.33176823768275093
0.53,0.0,0.0,0.0,0.07589179043041178,0.2535937863674956,0.1999938300058222,0.2647062000387156,0.3317633258504234,0.33176823768275093
0.54,0.0,0.0,0.0,0.07589179043041178,0.2535937863674956,0.1999938300058222,0.2647062000387156,0.3317633258504234,0.33176823768275093
0.55,0.0,0.0,0.0,0.07589179043041178,0.2535937863674956,0.1999938300058222,0.2647062000387156,0.3317633258504234,0.33176823768275093
0.56,0.0,0.0,0.0,0.07589179043041178,0.2535937863674956,0.1999938300058222,0.2647062000387156,0.3317633258504234,0.33176823768275093
0.57,0.0,0.0,0.0,0.07589179043041178,0.2535937863674956,0.1999938300058222,0.2647062000387156,0.3317633258504234,0.33176823768275093
0.58,0.0,0.0,0.0,0.07589179043041178,0.2535937863674956,0.1999938300058222,0.2647062000387156,0.3317633258504234,0.33176823768275093
0.59,0.0,0.0,0.0,0.07589179043041178,0.2535937863674956,0.1999938300058222,0.2647062000387156,0.3317633258504234,0.33176823768275093
0.6,0.0,0.0,0.0,0.07589179043041178,0.2535937863674956,0.1999938300058222,0.2647062000387156,0.3317633258504234,0.33176823768275093
0.61,0.0,0.0,0.0,0.07589179043041178,0.2535937863674956,0.1999938300058222,0.2647062000387156,0.3317633258504234,0.33176823768275093
0.62,0.0,0.0,0.0,0.07589179043041178,0.2535937863674956,0.1999938300058222,0.2647062000387156,0.3317633258504234,0.33176823768275093
0.63,0.0,0.0,0.0,0.07589179043041178,0.2535937863674956,0.1999938300058222,0.2647062000387156,0.3317633258504234,0.33176823768275093
0.64,0.0,0.0,0.0,0.07589179043041178,0.2535937863674956,0.1999938300058222,0.2647062000387156,0.3317633258504234,0.33176823768275093
0.65,0.0,0.0,0.0,0.07589179043041178,0.2535937863674956,0.1999938300058222,0.2647062000387156,0.3317633258504234,0.33176823768275093
0.66,0.0,0.0,0.0,0.07589179043041178,0.2535937863674956,0.1999938300058222,0.2647062000387156,0.3317633258504234,0.33176823768275093
0.67,0.0,0.0,0.0,0.07589179043041178,0.2535937863674956,0.1999938300058222,0.2647062000387156,0.3317633258504234,0.33176823768275093
0.68,0.0,0.0,0.0,0.07589179043041178,0.2535937863674956,0.1999938300058222,0.2647062000387156,0.3317633258504234,0.33176823768275093
0.69,0.0,0.0,0.0,0.07589179043041178,0.2535937863674956,0.1999938300058222,0.2647062000387156,0.3317633258504234,0.33176823768275093
0.7,0.0,0.0,0.0,0.07589179043041178,0.2535937863674956,0.1999938300058222,0.2647062000387156,0.3317633258504234,0.33176823768275093
0.71,0.0,0.0,0.0,0.07589179043041178,0.2535937863674956,0.1999938300058222,0.2647062000387156,0.3317633258504234,0.33176823768275093
0.72,0.0,0.0,0.0,0.07589179043041178,0.2535937863674956,0.1999938300058222,0.2647062000387156,0.3317633258504234,0.33176823768275093
0.73,0.0,0.0,0.0,0.07589179043041178,0.2535937863674956,0.1999938300058222,0.2647062000387156,0.3317633258504234,0.33176823768275093
0.74,0.0,0.0,0.0,0.07589179043041178,0.2535937863674956,0.1999938300058222,0.2647062000387156,0.3317633258504234,0.33176823768275093
0.75,0.0,0.0,0.0,0.07589179043041178,0.2535937863674956,0.1999938300058222,0.2647062000387156,0.3317633258504234,0.33176823768275093
0.76,0.0,0.0,0.0,0.07589179043041178,0.2535937863674956,0.1999938300058222,0.2647062000387156,0.3317633258504234,0.33176823768275093
0.77,0.0,0.0,0.0,0.07589179043041178,0.2535937863674956,0.1999938300058222,0.2647062000387156,0.3317633258504234,0.33176823768275093
0.78,0.0,0.0,0.0,0.07589179043041178,0.2535937863674956,0.1999938300058222,0.2647062000387156,0.3317633258504234,0.33176823768275093
0.79,0.0,0.0,0.0,0.07589179043041178,0.2535937863674956,0.1999938300058222,0.2647062000387156,0.3317633258504234,0.33176823768275093
0.8,0.0,0.0,0.0,0.07589179043041178,0.2535937863674956,0.1999938300058222,0.2647062000387156,0.3317633258504234,0.33176823768275093
0.81,0.0,0.0,0.0,0.07589179043041178,0.2535937863674956,0.1999938300058222,0.2647062000387156,0.3317633258504234,0.33176823768275093
0.82,0.0,0.0,0.0,0.07589179043041178,0.2535937863674956,0.1999938300058222,0.2647062000387156,0.3317633258504234,0.33176823768275093
0.83,0.0,0.0,0.0,0.07589179043041178,0.2535937863674956,0.1999938300058222,0.2647062000387156,0.3317633258504234,0.33176823768275093
0.84,0.0,0.0,0.0,0.07589179043041178,0.2535937863674956,0.1999938300058222,0.2647062000387156,0.3317633258504234,0.33176823768275093
0.85,0.0,0.0,0.0,0.07589179043041178,0.2535937863674956,0.1999938300058222,0.2647062000387156,0.3317633258504234,0.33176823768275093
0.86,0.0,0.0,0.0,0.07589179043041178,0.2535937863674956,0.1999938300058222,0.2647062000387156,0.3317633258504234,0.33176823768275093
0.87,0.0,0.0,0.0,0.07589179043041178,0.2535937863674956,0.1999938300058222,0.2647062000387156,0.3317633258504234,0.33176823768275093
0.88,0.0,0.0,0.0,0.07589179043041178,0.2535937863674956,0.1999938300058222,0.2647062000387156,0.3317633258504234,0.33176823768275093
0.89,0.0,0.0,0.0,0.07589179043041178,0.2535937863674956,0.1999938300058222,0.2647062000387156,0.3317633258504234,0.33176823768275093
0.9,0.0,0.0,0.0,0.07589179043041178,0.2535937863674956,0.1999938300058222,0.2647062000387156,0.3317633258504234,0.33176823768275093
0.91,0.0,0.0,0.0,0.07589179043041178,0.2535937863674956,0.1999938300058222,0.2647062000387156,0.3317633258504234,0.33176823768275093
0.92,0.0,0.0,0.0,0.07589179043041178,0.2535937863674956,0.1999938300058222,0.2647062000387156,0.3317633258504234,0.33176823768275093
0.93,0.0,0.0,0.0,0.07589179043041178,0.2535937863674956,0.1999938300058222,0.2647062000387156,0.3317633258504234,0.33176823768275093
0.94,0.0,0.0,0.0,0.07589179043041178,0.2535937863674956,0.1999938300058222,0.2647062000387156,0.3317633258504234,0.33176823768275093
0.95,0.0,0.0,0.0,0.07589179043041178,0.2535937863674956,0.1999938300058222,0.2647062000387156,0.3317633258504234,0.33176823768275093
0.96,0.0,0.0,0.0,0.07589179043041178,0.2535937863674956,0.1999938300058222,0.2647062000387156,0.3317633258504234,0.33176823768275093
0.97,0.0,0.0,0.0,0.07589179043041178,0.2535937863674956,0.1999938300058222,0.2647062000387156,0.3317633258504234,0.33176823768275093
0.98,0.0,0.0,0.0,0.07589179043041178,0.2535937863674956,0.1999938300058222,0.2647062000387156,0.3317633258504234,0.33176823768275093
0.99,0.0,0.0,0.0,0.07589179043041178,0.2535937863674956,0.1999938300058222,0.2647062000387156,0.3317633258504234,0.33176823768275093
1.0,0.0,0.0,0.0,0.07589179043041178,0.2535937863674956,0.1999938300058222,0.2647062000387156,0.3317633258504234,0.33176823768275093
1.01,0.0,0.0,0.0,0.07589179043041178,0.2535937863674956,0.1999938300058222,0.2647062000387156,0.3317633258504234,0.33176823768275093
1.02,0.0,0.0,0.0,0.07589179043041178,0.2535937863674956,0.1999938300058222,0.2647062000387156,0.3317633258504234,0.33176823768275093
1.03,0.0,0.0,0.0,0.07589179043041178,0.2535937863674956,0.1999938300058222,0.2647062000387156,0.3317633258504234,0.33176823768275093
1.04,0.0,0.0,0.0,0.07589179043041178,0.2535937863674956,0.1999938300058222,0.2647062000387156,0.3317633258504234,0.33176823768275093
1.05,0.0,0.0,0.0,0.07589179043041178,0.2535937863674956,0.1999938300058222,0.2647062000387156,0.3317633258504234,0.33176823768275093
1.06,0.0,0.0,0.0,0.07589179043041178,0.2535937863674956,0.1999938300058222,0.2647062000387156,0.3317633258504234,0.33176823768275093
1.07,0.0,0.0,0.0,0.07589179043041178,0.2535937863674956,0.1999938300058222,0.2647062000387156,0.3317633258504234,0.33176823768275093
1.08,0.0,0.0,0.0,0.07589179043041178,0.2535937863674956,0.1999938300058222,0.2647062000387156,0.3317633258504234,0.33176823768275093
1.09,0.0,0.0,0.0,0.07589179043041178,0.2535937863674956,0.1999938300058222,0.2647062000387156,0.3317633258504234,0.33176823768275093
1.1,0.0,0.0,0.0,0.07589179043041178,0.2535937863674956,0.1999938300058222,0.2647062000387156,0.3317633258504234,0.33176823768275093
1.11,0.0,0.0,0.0,0.07589179043041178,0.2535937863674956,0.1999938300058222,0.2647062000387156,0.3317633258504234,0.33176823768275093
1.12,0.0,0.0,0.0,0.07589179043041178,0.2535937863674956,0.1999938300058222,0.2647062000387156,0.3317633258504234,0.33176823768275093
1.13,0.0,0.0,0.0,0.07589179043041178,0.2535937863674956,0.1999938300058222,0.2647062000387156,0.3317633258504234,0.33176823768275093
1.14,0.0,0.0,0.0,0.07589179043041178,0.2535937863674956,0.1999938300058222,0.2647062000387156,0.3317633258504234,0.33176823768275093
1.15,0.0,0.0,0.0,0.07589179043041178,0.2535937863674956,0.1999938300058222,0.2647062000387156,0.3317633258504234,0.33176823768275093
1.16,0.0,0.0,0.0,0.07589179043041178,0.2535937863674956,0.1999938300058222,0.2647062000387156,0.3317633258504234,0.33176823768275093
1.17,0.0,0.0,0.0,0.07589179043041178,0.2535937863674956,0.1999938300058222,0.2647062000387156,0.3317633258504234,0.33176823768275093
1.18,0.0,0.0,0.0,0.07589179043041178,0.2535937863674956,0.1999938300058222,0.2647062000387156,0.3317633258504234,0.33176823768275093
1.19,0.0,0.0,0.0,0.07589179043041178,0.2535937863674956,0.1999938300058222,0.2647062000387156,0.3317633258504234,0.33176823768275093
1.2,0.0,0.0,0.0,0.07589179043041178,0.2535937863674956,0.1999938300058222,0.2647062000387156,0.3317633258504234,0.33176823768275093
1.21,0.0,0.0,0.0,0.07589179043041178,0.2535937863674956,0.1999938300058222,0.2647062000387156,0.3317633258504234,0.33176823768275093
1.22,0.0,0.0,0.0,0.07589179043041178,0.2535937863674956,0.1999938300058222,0.2647062000387156,0.3317633258504234,0.33176823768275093
1.23,0.0,0.0,0.0,0.07589179043041178,0.2535937863674956,0.1999938300058222,0.2647062000387156,0.3317633258504234,0.33176823768275093
1.24,-2.1061293499433487e-05,0.0002527588545172,0.0009887165605313,0.07589168512394429,0.25359505016176814,0.19999877358862483,0.2647073805875114,0.3317672478929402,0.33177334133598585
1.25,-0.0001218716377873,0.0003346173179976,0.002066352301338,0.07589097045928785,0.2535979870426307,0.20001404893293417,0.2647099892888948,0.3317785378831382,0.3317889128535272
1.26,-0.0001986111373268,0.0002660834373656,0.0032522579899201,0.07588936804541227,0.2536009905464075,0.20004064198439048,0.2647124073186807,0.33179649942996414,0.3318157229104261
1.27,-0.0001696601249867,0.0005031934539135,0.0047514740995907,0.0758875266891007,0.2536048369308639,0.20008066064483804,0.2647155643737614,0.33182314685053826,0.3318559681393417
1.28,-4.97059141714982e-07,0.0011755953656121,0.0065277324866227,0.07588667590318006,0.2536132308749615,0.2001370566777691,0.26472336212444647,0.33186337536720045,0.331912991771851
1.29,0.0001603400422357,0.0018435374939996,0.0086412156695566,0.07588747511809553,0.2536283265392596,0.20021290141855,0.2647380533714503,0.3319208381487051,0.3319903283254929
1.3,0.0003138502948816,0.0025075550130732,0.0110979773746796,0.07588984606978112,0.25365008200179495,0.2003115973837712,0.2647595755322409,0.3319975434885783,0.33209142142670645
1.31,0.0003089943995441,0.003364914620793,0.0140034092759572,0.07589296029325325,0.25367944434996426,0.20043710431702438,0.2647885985230103,0.33209642379100324,0.33222035488308016
1.32,0.0001647762939811,0.0041956195216791,0.0172566334130968,0.07589532914672088,0.2537172470206766,0.20059340453046964,0.2648254942826316,0.3322201925879352,0.3323811790420326
1.33,-0.0002980201177764,0.005001654775556,0.020815914717795,0.0758946629276019,0.2537632333921628,0.2007837672711241,0.26486936116232773,0.3323701245330641,0.3325770186785719
1.34,-0.0008762004418152,0.0055837906514377,0.0246445263299448,0.07588879182480394,0.25381616061929774,0.2010110694763628,0.26491838765202685,0.33254654135651557,0.33281047542772824
1.35,-0.0015559186086615,0.0061710851633108,0.0287271708229027,0.07587663122955156,0.2538749349983715,0.20127792796212704,0.26497121690321895,0.33274998132516836,0.33308400012338985
1.36,-0.002354010076942,0.0067629192748561,0.0330333642509718,0.07585708158612355,0.25393960502056234,0.2015867306374964,0.26502758313949704,0.3329817259158189,0.3334001068975084
1.37,-0.0032562700504846,0.0071025595400827,0.0376620243423544,0.07582903018548641,0.254008932414637,0.20194020758046305,0.2650859852298779,0.3332422947390315,0.33376140887350064
1.38,-0.0042501983086579,0.0070496423588712,0.0425744550974527,0.0757914978436907,0.2540796934241318,0.20234138997766207,0.26514305903774094,0.333530927882233,0.33417050924378616
1.39,-0.0056944835389019,0.0069249668797117,0.0487321758924653,0.0757417744344529,0.2541495664703247,0.20279792313261166,0.26519581167796286,0.3338499905023725,0.3346350274690247
1.4,-0.0076967955031286,0.0067371440983578,0.0559857519226023,0.07567481803924275,0.2542178770252151,0.203321512771687,0.2652421668673363,0.33420509367788986,0.33516728267183254
1.41,-0.0100284583946995,0.005879016620117,0.0632081087038046,0.07558619176975362,0.25428095782880744,0.20391748207481902,0.2652773603242269,0.3345959016430474,0.3357730988268673
1.42,-0.012720117838069,0.0036891672622792,0.0702084167575933,0.07547244888858978,0.2543287987482194,0.20458456470212602,0.26529083741047876,0.3350135408133699,0.33645149799272794
1.43,-0.0164851486207732,0.0012200926048923,0.0780570429758644,0.07532642255629557,0.25435334504755525,0.20532589200079332,0.2652728671990603,0.33545255401909185,0.33720746913919036
1.44,-0.0208643804219827,-0.0019464576978636,0.0856084681342736,0.07513967491108178,0.2543497132220904,0.20614421955634402,0.26521641608675484,0.3359094917063179,0.3380468426325309
1.45,-0.0253579005058341,-0.0061677191412748,0.0927328631276885,0.0749085635064427,0.2543091423378947,0.20703592621265382,0.2651121135731718,0.33637524805782865,0.33896890512439676
1.46,-0.0299519942784104,-0.0115721395641875,0.0990440218103786,0.07463201403252148,0.25422044304436736,0.20799481063734415,0.26494899731877625,0.3368379616852732,0.3399708065746962
1.47,-0.034986966278565,-0.0173217941406061,0.1050769823051608,0.0743073192297366,0.25407597337584337,0.20901541565792184,0.2647190547316008,0.3372886329549902,0.3410515159750936
1.48,-0.0404099111189886,-0.0233752547721099,0.110865128394584,0.07393033484274883,0.25387248813127977,0.21009512621142057,0.2644181057339451,0.33772310654990795,0.34221310899854207
1.49,-0.045244635888526,-0.0298650140048055,0.1151189257811377,0.07350206210771125,0.2536062867873952,0.21122504648229917,0.26404299239361834,0.33813417764790626,0.34345044505216893
1.5,-0.0495617269956835,-0.0367387160065499,0.1180224963091663,0.0730280302932902,0.2532732681373384,0.2123907535927507,0.26359142922615264,0.3385118517469992,0.34475216723824637
1.51,-0.0534492514126939,-0.0436708588597057,0.119799173192107,0.07251297540124832,0.2528712202630071,0.21357986194025708,0.2630627028653897,0.33884855476342757,0.34610896593266643
1.52,-0.0569587571423749,-0.0506544296621038,0.1205841836673704,0.07196093535847298,0.25239959382039806,0.21478177872455445,0.262457484515813,0.33913882651570837,0.3475131680785739
1.53,-0.0601356064272059,-0.0573535604794933,0.1204965277038777,0.07137546354062507,0.25185955386969006,0.2159871822814107,0.2617779434388589,0.33937907210218743,0.34895795807464136
1.54,-0.0630197180405689,-0.0637280797953793,0.1196409252742796,0.0707596869182862,0.25125414566831566,0.21718786954630148,0.2610279276404904,0.33956759222038596,0.3504369272585601
1.55,-0.0656462205030402,-0.0698169409899422,0.1182481999631921,0.07011635722556815,0.25058642056438907,0.21837731517248885,0.26021117908701835,0.33970356121742507,0.35194507539637776
1.56,-0.0681232393822517,-0.0756323867065097,0.1164180945413284,0.0694475099261417,0.2498591739259068,0.21955064664501145,0.25933099203504023,0.33978677118469575,0.35347900861772275
1.57,-0.070243223626375,-0.0812292631336723,0.1142030946219817,0.06875567761109856,0.2490748656767059,0.220703752590828,0.25839046405707466,0.33981727196142314,0.35503574388878845
1.58,-0.0718064014151385,-0.0866117622549275,0.1116493875448499,0.068045429485891,0.2482356605497629,0.22183301500166216,0.2573929362715622,0.33979554174124205,0.3566117994832937
1.59,-0.0728939604076061,-0.0918306828256531,0.1087976181688673,0.06732192767677728,0.24734344832436,0.22293525003023076,0.2563416145987666,0.33972216454206233,0.35820378553258964
1.6,-0.0735629748593335,-0.0969056542719127,0.1059913200276622,0.06658964300044258,0.24639976663887217,0.22400919472121342,0.25523915364735295,0.33959850540640424,0.3598100648264889
1.61,-0.0738636701152093,-0.1018556026373726,0.1032250365730614,0.06585250977556986,0.24540596035432574,0.22505527650421703,0.25408785571366926,0.33942674600502537,0.3614303436355669
1.62,-0.0740611513120543,-0.1066955306917289,0.1004939660426723,0.06511288566843354,0.24436320468768025,0.2260738715172957,0.2528894297619092,0.3392085775273413,0.3630649441986548
1.63,-0.0741678041369521,-0.1114386408723138,0.0977938828855897,0.06437174089118852,0.24327253382986005,0.22706531076193698,0.2516450809003878,0.33894527890616466,0.36471473517837033
1.64,-0.0741945279945364,-0.1160846500313314,0.0951559347409946,0.06362992923053108,0.24213491737534182,0.2280300598500699,0.25035591885602787,0.33863814655391744,0.3663806272938842
1.65,-0.0741509143608848,-0.1204972671647544,0.0927115512305259,0.06288820201875397,0.24095200778936138,0.22896939727992752,0.24902368564230207,0.33828949274491127,0.3680634193643512
1.66,-0.0740454037349457,-0.124704499315654,0.0904827491615281,0.06214722042827482,0.23972599895695934,0.22988536878188778,0.24765062403085653,0.3379025219835703,0.36976375908539527
1.67,-0.0738202850380352,-0.1287309926819331,0.0884436587610245,0.061407891984409914,0.2384588214969714,0.23078000082150055,0.2462387840038474,0.33748029205698105,0.371482104728539
1.68,-0.0734899112386699,-0.1326248854158722,0.0865715146287959,0.06067134100302639,0.23715204210648236,0.23165507668844965,0.24478991542622888,0.33702548457039827,0.37321875020085066
1.69,-0.0731279538860701,-0.1364392914312538,0.0847241033834526,0.05993825167740269,0.23580672122224672,0.23251155477851088,0.24330516597008384,0.3365397850080292,0.3749739889195607
1.7,-0.0727382030066239,-0.1401837491343048,0.0828984570785683,0.059208920892939214,0.23442360601941892,0.23334966758082099,0.24178528361431362,0.33602409248822285,0.3767480701259477
1.71,-0.0723239938235529,-0.1438666523225049,0.081091963921288,0.05848360990878833,0.23300335401213487,0.23416961968582026,0.24023092142533936,0.33547921901761557,0.37854125534851035
1.72,-0.071888261333292,-0.1474180862065349,0.0793506174261304,0.057762548633004104,0.23154693031948967,0.23497183259255736,0.2386430241280033,0.334906337767537,0.3803536142764464
1.73,-0.0714531077869173,-0.1507783444169712,0.0776665999936405,0.05704584178740306,0.23005594816637215,0.2357569186796562,0.2370231367439937,0.3343071821802337,0.3821847496203253
1.74,-0.0710914169200278,-0.1539703680346451,0.0762944053365379,0.056333119163868337,0.22853220460411405,0.2365267237063071,0.23537287196265258,0.33368440161803636,0.3840347138796228
1.75,-0.0707214200022199,-0.1570143452106881,0.0751966147217761,0.0556240549792571,0.2269772810378874,0.23728417880659866,0.2336936490358425,0.3330412934030995,0.38590401790616935
1.76,-0.0703441137596039,-0.1599314996052644,0.0741557994778595,0.05491872731044798,0.22539255181380763,0.23803094087759685,0.23198678631021058,0.3323802007304486,0.38779253780935324
1.77,-0.0699866276583141,-0.1627370499521501,0.0731651225602866,0.05421707360335839,0.22377920906602056,0.23876754548778759,0.23025339406906845,0.3317025267594271,0.3896998340889763
1.78,-0.0696465832813915,-0.165444388737068,0.0723537344955915,0.05351890754865986,0.22213830187257447,0.23949513977306697,0.2284944170522182,0.33101000075368403,0.39162581583899564
1.79,-0.069321887621912,-0.1680445198070305,0.0717001206214287,0.05282406519414334,0.22047085732985397,0.24021540904865207,0.2267107866763201,0.330304743441276,0.39357054333405256
1.8,-0.0690681022407423,-0.1705490465263064,0.0711853480349345,0.052132115244830066,0.21877788949818727,0.24092983639193388,0.2249033622985243,0.32958869585746614,0.3955340456233921
1.81,-0.0689279794364687,-0.1729680567835775,0.0707927557815885,0.05144213483644401,0.21706030398163786,0.2416397269110165,0.2230727881233655,0.3288635376911867,0.39751649802375394
1.82,-0.0688878796998637,-0.1753118125542842,0.0705748635017756,0.05075305554076235,0.21531890463494854,0.24234656500743335,0.2212195817280147,0.3281310118090332,0.3995182277894649
1.83,-0.068935800262807,-0.1775853304011312,0.0706033570800437,0.050063937140949,0.21355441892017146,0.24305245611034243,0.21934422181216667,0.3273933170723784,0.40153975598758135
1.84,-0.0690081300004876,-0.1797766395723775,0.0707560203320512,0.04937421748963253,0.21176760907030392,0.2437592529974029,0.2174473122484309,0.3266525784773763,0.40358131531235103
1.85,-0.0690782203806931,-0.1819023561005188,0.0710034734072489,0.04868378573772662,0.20995921409193943,0.2444680504660994,0.2155295399147452,0.32591043290228844,0.4056427182941681
1.86,-0.0691463401263204,-0.183966707764006,0.0713343415268539,0.047992662935191555,0.2081298687726168,0.2451797395407699,0.2135915212992257,0.32516832971892784,0.40772374120718874
1.87,0.0,0.0,0.0,0.04764693123455995,0.20721003523379677,0.24553641124840417,0.21261756455585268,0.32479895013131993,0.4087691305389626
1.88,0.0,0.0,0.0,0.04764693123455995,0.20721003523379677,0.24553641124840417,0.21261756455585268,0.32479895013131993,0.4087691305389626
1.89,0.0,0.0,0.0,0.04764693123455995,0.20721003523379677,0.24553641124840417,0.21261756455585268,0.32479895013131993,0.4087691305389626
1.9,0.0,0.0,0.0,0.04764693123455995,0.20721003523379677,0.24553641124840417,0.21261756455585268,0.32479895013131993,0.4087691305389626
1.91,0.0,0.0,0.0,0.04764693123455995,0.20721003523379677,0.24553641124840417,0.21261756455585268,0.32479895013131993,0.4087691305389626
1.92,0.0,0.0,0.0,0.04764693123455995,0.20721003523379677,0.24553641124840417,0.21261756455585268,0.32479895013131993,0.4087691305389626
1.93,0.0,0.0,0.0,0.04764693123455995,0.20721003523379677,0.24553641124840417,0.21261756455585268,0.32479895013131993,0.4087691305389626
1.94,0.0,0.0,0.0,0.04764693123455995,0.20721003523379677,0.24553641124840417,0.21261756455585268,0.32479895013131993,0.4087691305389626
1.95,0.0,0.0,0.0,0.04764693123455995,0.20721003523379677,0.24553641124840417,0.21261756455585268,0.32479895013131993,0.4087691305389626
1.96,0.0,0.0,0.0,0.04764693123455995,0.20721003523379677,0.24553641124840417,0.21261756455585268,0.32479895013131993,0.4087691305389626
1.97,0.0,0.0,0.0,0.04764693123455995,0.20721003523379677,0.24553641124840417,0.21261756455585268,0.32479895013131993,0.4087691305389626
1.98,0.0,0.0,0.0,0.04764693123455995,0.20721003523379677,0.24553641124840417,0.21261756455585268,0.32479895013131993,0.4087691305389626
1.99,0.0,0.0,0.0,0.04764693123455995,0.20721003523379677,0.24553641124840417,0.21261756455585268,0.32479895013131993,0.4087691305389626
2.0,0.0,0.0,0.0,0.04764693123455995,0.20721003523379677,0.24553641124840417,0.21261756455585268,0.32479895013131993,0.4087691305389626
2.01,0.0,0.0,0.0,0.04764693123455995,0.20721003523379677,0.24553641124840417,0.21261756455585268,0.32479895013131993,0.4087691305389626
2.02,0.0,0.0,0.0,0.04764693123455995,0.20721003523379677,0.24553641124840417,0.21261756455585268,0.32479895013131993,0.4087691305389626
2.03,0.0,0.0,0.0,0.04764693123455995,0.20721003523379677,0.24553641124840417,0.21261756455585268,0.32479895013131993,0.4087691305389626
2.04,0.0,0.0,0.0,0.04764693123455995,0.20721003523379677,0.24553641124840417,0.21261756455585268,0.32479895013131993,0.4087691305389626
2.05,0.0,0.0,0.0,0.04764693123455995,0.20721003523379677,0.24553641124840417,0.21261756455585268,0.32479895013131993,0.4087691305389626
2.06,0.0,0.0,0.0,0.04764693123455995,0.20721003523379677,0.24553641124840417,0.21261756455585268,0.32479895013131993,0.4087691305389626
2.07,0.0,0.0,0.0,0.04764693123455995,0.20721003523379677,0.24553641124840417,0.21261756455585268,0.32479895013131993,0.4087691305389626
2.08,0.0,0.0,0.0,0.04764693123455995,0.20721003523379677,0.24553641124840417,0.21261756455585268,0.32479895013131993,0.4087691305389626
2.09,0.0,0.0,0.0,0.04764693123455995,0.20721003523379677,0.24553641124840417,0.21261756455585268,0.32479895013131993,0.4087691305389626
2.1,0.0,0.0,0.0,0.04764693123455995,0.20721003523379677,0.24553641124840417,0.21261756455585268,0.32479895013131993,0.4087691305389626
2.11,0.0,0.0,0.0,0.04764693123455995,0.20721003523379677,0.24553641124840417,0.21261756455585268,0.32479895013131993,0.4087691305389626
2.12,0.0,0.0,0.0,0.04764693123455995,0.20721003523379677,0.24553641124840417,0.21261756455585268,0.32479895013131993,0.4087691305389626
2.13,0.0,0.0,0.0,0.04764693123455995,0.20721003523379677,0.24553641124840417,0.21261756455585268,0.32479895013131993,0.4087691305389626
2.14,0.0,0.0,0.0,0.04764693123455995,0.20721003523379677,0.24553641124840417,0.21261756455585268,0.32479895013131993,0.4087691305389626
2.15,0.0,0.0,0.0,0.04764693123455995,0.20721003523379677,0.24553641124840417,0.21261756455585268,0.32479895013131993,0.4087691305389626
2.16,0.0,0.0,0.0,0.04764693123455995,0.20721003523379677,0.24553641124840417,0.21261756455585268,0.32479895013131993,0.4087691305389626
2.17,0.0,0.0,0.0,0.04764693123455995,0.20721003523379677,0.24553641124840417,0.21261756455585268,0.32479895013131993,0.4087691305389626
2.18,0.0,0.0,0.0,0.04764693123455995,0.20721003523379677,0.24553641124840417,0.21261756455585268,0.32479895013131993,0.4087691305389626
2.19,0.0,0.0,0.0,0.04764693123455995,0.20721003523379677,0.24553641124840417,0.21261756455585268,0.32479895013131993,0.4087691305389626
2.2,0.0,0.0,0.0,0.04764693123455995,0.20721003523379677,0.24553641124840417,0.21261756455585268,0.32479895013131993,0.4087691305389626
2.21,0.0,0.0,0.0,0.04764693123455995,0.20721003523379677,0.24553641124840417,0.21261756455585268,0.32479895013131993,0.4087691305389626
2.22,0.0,0.0,0.0,0.04764693123455995,0.20721003523379677,0.24553641124840417,0.21261756455585268,0.32479895013131993,0.4087691305389626
2.23,0.0,0.0,0.0,0.04764693123455995,0.20721003523379677,0.24553641124840417,0.21261756455585268,0.32479895013131993,0.4087691305389626
2.24,0.0,0.0,0.0,0.04764693123455995,0.20721003523379677,0.24553641124840417,0.21261756455585268,0.32479895013131993,0.4087691305389626
2.25,0.0,0.0,0.0,0.04764693123455995,0.20721003523379677,0.24553641124840417,0.21261756455585268,0.32479895013131993,0.4087691305389626
2.26,0.0,0.0,0.0,0.04764693123455995,0.20721003523379677,0.24553641124840417,0.21261756455585268,0.32479895013131993,0.4087691305389626
2.27,0.0,0.0,0.0,0.04764693123455995,0.20721003523379677,0.24553641124840417,0.21261756455585268,0.32479895013131993,0.4087691305389626
2.28,0.0,0.0,0.0,0.04764693123455995,0.20721003523379677,0.24553641124840417,0.21261756455585268,0.32479895013131993,0.4087691305389626
2.29,0.0,0.0,0.0,0.04764693123455995,0.20721003523379677,0.24553641124840417,0.21261756455585268,0.32479895013131993,0.4087691305389626
2.3,0.0,0.0,0.0,0.04764693123455995,0.20721003523379677,0.24553641124840417,0.21261756455585268,0.32479895013131993,0.4087691305389626
2.31,0.0,0.0,0.0,0.04764693123455995,0.20721003523379677,0.24553641124840417,0.21261756455585268,0.32479895013131993,0.4087691305389626
2.32,0.0,0.0,0.0,0.04764693123455995,0.20721003523379677,0.24553641124840417,0.21261756455585268,0.32479895013131993,0.4087691305389626
2.33,0.0,0.0,0.0,0.04764693123455995,0.20721003523379677,0.24553641124840417,0.21261756455585268,0.32479895013131993,0.4087691305389626
2.34,0.0,0.0,0.0,0.04764693123455995,0.20721003523379677,0.24553641124840417,0.21261756455585268,0.32479895013131993,0.4087691305389626
2.35,0.0,0.0,0.0,0.04764693123455995,0.20721003523379677,0.24553641124840417,0.21261756455585268,0.32479895013131993,0.4087691305389626
2.36,0.0,0.0,0.0,0.04764693123455995,0.20721003523379677,0.24553641124840417,0.21261756455585268,0.32479895013131993,0.4087691305389626
2.37,0.0,0.0,0.0,0.04764693123455995,0.20721003523379677,0.24553641124840417,0.21261756455585268,0.32479895013131993,0.4087691305389626
2.38,0.0,0.0,0.0,0.04764693123455995,0.20721003523379677,0.24553641124840417,0.21261756455585268,0.32479895013131993,0.4087691305389626
2.39,0.0,0.0,0.0,0.04764693123455995,0.20721003523379677,0.24553641124840417,0.21261756455585268,0.32479895013131993,0.4087691305389626
2.4,0.0,0.0,0.0,0.04764693123455995,0.20721003523379677,0.24553641124840417,0.21261756455585268,0.32479895013131993,0.4087691305389626
2.41,0.0,0.0,0.0,0.04764693123455995,0.20721003523379677,0.24553641124840417,0.21261756455585268,0.32479895013131993,0.4087691305389626
2.42,0.0,0.0,0.0,0.04764693123455995,0.20721003523379677,0.24553641124840417,0.21261756455585268,0.32479895013131993,0.4087691305389626
2.43,0.0,0.0,0.0,0.04764693123455995,0.20721003523379677,0.24553641124840417,0.21261756455585268,0.32479895013131993,0.4087691305389626
2.44,0.0,0.0,0.0,0.04764693123455995,0.20721003523379677,0.24553641124840417,0.21261756455585268,0.32479895013131993,0.4087691305389626
2.45,0.0,0.0,0.0,0.04764693123455995,0.20721003523379677,0.24553641124840417,0.21261756455585268,0.32479895013131993,0.4087691305389626
2.46,0.0,0.0,0.0,0.04764693123455995,0.20721003523379677,0.24553641124840417,0.21261756455585268,0.32479895013131993,0.4087691305389626
2.47,0.0,0.0,0.0,0.04764693123455995,0.20721003523379677,0.24553641124840417,0.21261756455585268,0.32479895013131993,0.4087691305389626
2.48,0.0,0.0,0.0,0.04764693123455995,0.20721003523379677,0.24553641124840417,0.21261756455585268,0.32479895013131993,0.4087691305389626
2.49,0.0,0.0,0.0,0.04764693123455995,0.20721003523379677,0.24553641124840417,0.21261756455585268,0.32479895013131993,0.4087691305389626
2.5,0.0,0.0,0.0,0.04764693123455995,0.20721003523379677,0.24553641124840417,0.21261756455585268,0.32479895013131993,0.4087691305389626
2.51,0.0,0.0,0.0,0.04764693123455995,0.20721003523379677,0.24553641124840417,0.21261756455585268,0.32479895013131993,0.4087691305389626
2.52,0.0,0.0,0.0,0.04764693123455995,0.20721003523379677,0.24553641124840417,0.21261756455585268,0.32479895013131993,0.4087691305389626
2.53,0.0,0.0,0.0,0.04764693123455995,0.20721003523379677,0.24553641124840417,0.21261756455585268,0.32479895013131993,0.4087691305389626
2.54,0.0,0.0,0.0,0.04764693123455995,0.20721003523379677,0.24553641124840417,0.21261756455585268,0.32479895013131993,0.4087691305389626
2.55,0.0,0.0,0.0,0.04764693123455995,0.20721003523379677,0.24553641124840417,0.21261756455585268,0.32479895013131993,0.4087691305389626
2.56,0.0,0.0,0.0,0.04764693123455995,0.20721003523379677,0.24553641124840417,0.21261756455585268,0.32479895013131993,0.4087691305389626
2.57,0.0,0.0,0.0,0.04764693123455995,0.20721003523379677,0.24553641124840417,0.21261756455585268,0.32479895013131993,0.4087691305389626
2.58,0.0,0.0,0.0,0.04764693123455995,0.20721003523379677,0.24553641124840417,0.21261756455585268,0.32479895013131993,0.4087691305389626
2.59,0.0,0.0,0.0,0.04764693123455995,0.20721003523379677,0.24553641124840417,0.21261756455585268,0.32479895013131993,0.4087691305389626
2.6,0.0,0.0,0.0,0.04764693123455995,0.20721003523379677,0.24553641124840417,0.21261756455585268,0.32479895013131993,0.4087691305389626
2.61,0.0,0.0,0.0,0.04764693123455995,0.20721003523379677,0.24553641124840417,0.21261756455585268,0.32479895013131993,0.4087691305389626
2.62,0.0,0.0,0.0,0.04764693123455995,0.20721003523379677,0.24553641124840417,0.21261756455585268,0.32479895013131993,0.4087691305389626
2.63,0.0,0.0,0.0,0.04764693123455995,0.20721003523379677,0.24553641124840417,0.21261756455585268,0.32479895013131993,0.4087691305389626
2.64,0.0,0.0,0.0,0.04764693123455995,0.20721003523379677,0.24553641124840417,0.21261756455585268,0.32479895013131993,0.4087691305389626
2.65,0.0,0.0,0.0,0.04764693123455995,0.20721003523379677,0.24553641124840417,0.21261756455585268,0.32479895013131993,0.4087691305389626
2.66,0.0,0.0,0.0,0.04764693123455995,0.20721003523379677,0.24553641124840417,0.21261756455585268,0.32479895013131993,0.4087691305389626
2.67,0.0,0.0,0.0,0.04764693123455995,0.20721003523379677,0.24553641124840417,0.21261756455585268,0.32479895013131993,0.4087691305389626
2.68,0.0,0.0,0.0,0.04764693123455995,0.20721003523379677,0.24553641124840417,0.21261756455585268,0.32479895013131993,0.4087691305389626
2.69,0.0,0.0,0.0,0.04764693123455995,0.20721003523379677,0.24553641124840417,0.21261756455585268,0.32479895013131993,0.4087691305389626
2.7,0.0,0.0,0.0,0.04764693123455995,0.20721003523379677,0.24553641124840417,0.21261756455585268,0.32479895013131993,0.4087691305389626
2.71,0.0,0.0,0.0,0.04764693123455995,0.20721003523379677,0.24553641124840417,0.21261756455585268,0.32479895013131993,0.4087691305389626
2.72,0.0,0.0,0.0,0.04764693123455995,0.20721003523379677,0.24553641124840417,0.21261756455585268,0.32479895013131993,0.4087691305389626
2.73,0.0,0.0,0.0,0.04764693123455995,0.20721003523379677,0.24553641124840417,0.21261756455585268,0.32479895013131993,0.4087691305389626
2.74,0.0,0.0,0.0,0.04764693123455995,0.20721003523379677,0.24553641124840417,0.21261756455585268,0.32479895013131993,0.4087691305389626
2.75,0.0,0.0,0.0,0.04764693123455995,0.20721003523379677,0.24553641124840417,0.21261756455585268,0.32479895013131993,0.4087691305389626
2.76,0.0,0.0,0.0,0.04764693123455995,0.20721003523379677,0.24553641124840417,0.21261756455585268,0.32479895013131993,0.4087691305389626
2.77,0.0,0.0,0.0,0.04764693123455995,0.20721003523379677,0.24553641124840417,0.21261756455585268,0.32479895013131993,0.4087691305389626
2.78,0.0,0.0,0.0,0.04764693123455995,0.20721003523379677,0.24553641124840417,0.21261756455585268,0.32479895013131993,0.4087691305389626
2.79,0.0,0.0,0.0,0.04764693123455995,0.20721003523379677,0.24553641124840417,0.21261756455585268,0.32479895013131993,0.4087691305389626
2.8,0.0,0.0,0.0,0.04764693123455995,0.20721003523379677,0.24553641124840417,0.21261756455585268,0.32479895013131993,0.4087691305389626
2.81,0.0,0.0,0.0,0.04764693123455995,0.20721003523379677,0.24553641124840417,0.21261756455585268,0.32479895013131993,0.4087691305389626
2.82,0.0,0.0,0.0,0.04764693123455995,0.20721003523379677,0.24553641124840417,0.21261756455585268,0.32479895013131993,0.4087691305389626
2.83,0.0,0.0,0.0,0.04764693123455995,0.20721003523379677,0.24553641124840417,0.21261756455585268,0.32479895013131993,0.4087691305389626
2.84,0.0,0.0,0.0,0.04764693123455995,0.20721003523379677,0.24553641124840417,0.21261756455585268,0.32479895013131993,0.4087691305389626
2.85,0.0,0.0,0.0,0.04764693123455995,0.20721003523379677,0.24553641124840417,0.21261756455585268,0.32479895013131993,0.4087691305389626
2.86,0.0,0.0,0.0,0.04764693123455995,0.20721003523379677,0.24553641124840417,0.21261756455585268,0.32479895013131993,0.4087691305389626
2.87,0.0,0.0,0.0,0.04764693123455995,0.20721003523379677,0.24553641124840417,0.21261756455585268,0.32479895013131993,0.4087691305389626
2.88,0.0,0.0,0.0,0.04764693123455995,0.20721003523379677,0.24553641124840417,0.21261756455585268,0.32479895013131993,0.4087691305389626
2.89,0.0,0.0,0.0,0.04764693123455995,0.20721003523379677,0.24553641124840417,0.21261756455585268,0.32479895013131993,0.4087691305389626
2.9,0.0,0.0,0.0,0.04764693123455995,0.20721003523379677,0.24553641124840417,0.21261756455585268,0.32479895013131993,0.4087691305389626
2.91,0.0,0.0,0.0,0.04764693123455995,0.20721003523379677,0.24553641124840417,0.21261756455585268,0.32479895013131993,0.4087691305389626
2.92,0.0,0.0,0.0,0.04764693123455995,0.20721003523379677,0.24553641124840417,0.21261756455585268,0.32479895013131993,0.4087691305389626
2.93,0.0,0.0,0.0,0.04764693123455995,0.20721003523379677,0.24553641124840417,0.21261756455585268,0.32479895013131993,0.4087691305389626
2.94,0.0,0.0,0.0,0.04764693123455995,0.20721003523379677,0.24553641124840417,0.21261756455585268,0.32479895013131993,0.4087691305389626
2.95,0.0,0.0,0.0,0.04764693123455995,0.20721003523379677,0.24553641124840417,0.21261756455585268,0.32479895013131993,0.4087691305389626
2.96,0.0,0.0,0.0,0.04764693123455995,0.20721003523379677,0.24553641124840417,0.21261756455585268,0.32479895013131993,0.4087691305389626
2.97,0.0,0.0,0.0,0.04764693123455995,0.20721003523379677,0.24553641124840417,0.21261756455585268,0.32479895013131993,0.4087691305389626
2.98,0.0,0.0,0.0,0.04764693123455995,0.20721003523379677,0.24553641124840417,0.21261756455585268,0.32479895013131993,0.4087691305389626
2.99,0.0,0.0,0.0,0.04764693123455995,0.20721003523379677,0.24553641124840417,0.21261756455585268,0.32479895013131993,0.4087691305389626
3.0,0.0,0.0,0.0,0.04764693123455995,0.20721003523379677,0.24553641124840417,0.21261756455585268,0.32479895013131993,0.4087691305389626
3.01,0.0,0.0,0.0,0.04764693123455995,0.20721003523379677,0.24553641124840417,0.21261756455585268,0.32479895013131993,0.4087691305389626
3.02,0.0,0.0,0.0,0.04764693123455995,0.20721003523379677,0.24553641124840417,0.21261756455585268,0.32479895013131993,0.4087691305389626
3.03,0.0,0.0,0.0,0.04764693123455995,0.20721003523379677,0.24553641124840417,0.21261756455585268,0.32479895013131993,0.4087691305389626
3.04,0.0,0.0,0.0,0.04764693123455995,0.20721003523379677,0.24553641124840417,0.21261756455585268,0.32479895013131993,0.4087691305389626
3.05,0.0,0.0,0.0,0.04764693123455995,0.20721003523379677,0.24553641124840417,0.21261756455585268,0.32479895013131993,0.4087691305389626
3.06,0.0,0.0,0.0,0.04764693123455995,0.20721003523379677,0.24553641124840417,0.21261756455585268,0.32479895013131993,0.4087691305389626
3.07,0.0,0.0,0.0,0.04764693123455995,0.20721003523379677,0.24553641124840417,0.21261756455585268,0.32479895013131993,0.4087691305389626
3.08,0.0,0.0,0.0,0.04764693123455995,0.20721003523379677,0.24553641124840417,0.21261756455585268,0.32479895013131993,0.4087691305389626
3.09,0.0,0.0,0.0,0.04764693123455995,0.20721003523379677,0.24553641124840417,0.21261756455585268,0.32479895013131993,0.4087691305389626
3.1,0.0,0.0,0.0,0.04764693123455995,0.20721003523379677,0.24553641124840417,0.21261756455585268,0.32479895013131993,0.4087691305389626
3.11,0.0,0.0,0.0,0.04764693123455995,0.20721003523379677,0.24553641124840417,0.21261756455585268,0.32479895013131993,0.4087691305389626
3.12,0.0,0.0,0.0,0.04764693123455995,0.20721003523379677,0.24553641124840417,0.21261756455585268,0.32479895013131993,0.4087691305389626
3.13,0.0,0.0,0.0,0.04764693123455995,0.20721003523379677,0.24553641124840417,0.21261756455585268,0.32479895013131993,0.4087691305389626
3.14,0.0,0.0,0.0,0.04764693123455995,0.20721003523379677,0.24553641124840417,0.21261756455585268,0.32479895013131993,0.4087691305389626
3.15,0.0,0.0,0.0,0.04764693123455995,0.20721003523379677,0.24553641124840417,0.21261756455585268,0.32479895013131993,0.4087691305389626
3.16,0.0,0.0,0.0,0.04764693123455995,0.20721003523379677,0.24553641124840417,0.21261756455585268,0.32479895013131993,0.4087691305389626
3.17,0.0,0.0,0.0,0.04764693123455995,0.20721003523379677,0.24553641124840417,0.21261756455585268,0.32479895013131993,0.4087691305389626
3.18,0.0,0.0,0.0,0.04764693123455995,0.20721003523379677,0.24553641124840417,0.21261756455585268,0.32479895013131993,0.4087691305389626
3.19,0.0,0.0,0.0,0.04764693123455995,0.20721003523379677,0.24553641124840417,0.21261756455585268,0.32479895013131993,0.4087691305389626
3.2,0.0,0.0,0.0,0.04764693123455995,0.20721003523379677,0.24553641124840417,0.21261756455585268,0.32479895013131993,0.4087691305389626
3.21,0.0,0.0,0.0,0.04764693123455995,0.20721003523379677,0.24553641124840417,0.21261756455585268,0.32479895013131993,0.4087691305389626
3.22,0.0,0.0,0.0,0.04764693123455995,0.20721003523379677,0.24553641124840417,0.21261756455585268,0.32479895013131993,0.4087691305389626
3.23,0.0,0.0,0.0,0.04764693123455995,0.20721003523379677,0.24553641124840417,0.21261756455585268,0.32479895013131993,0.4087691305389626
3.24,0.0,0.0,0.0,0.04764693123455995,0.20721003523379677,0.24553641124840417,0.21261756455585268,0.32479895013131993,0.4087691305389626
3.25,0.0,0.0,0.0,0.04764693123455995,0.20721003523379677,0.24553641124840417,0.21261756455585268,0.32479895013131993,0.4087691305389626
3.26,0.0,0.0,0.0,0.04764693123455995,0.20721003523379677,0.24553641124840417,0.21261756455585268,0.32479895013131993,0.4087691305389626
3.27,0.0,0.0,0.0,0.04764693123455995,0.20721003523379677,0.24553641124840417,0.21261756455585268,0.32479895013131993,0.4087691305389626
3.28,0.0,0.0,0.0,0.04764693123455995,0.20721003523379677,0.24553641124840417,0.21261756455585268,0.32479895013131993,0.4087691305389626
3.29,0.0,0.0,0.0,0.04764693123455995,0.20721003523379677,0.24553641124840417,0.21261756455585268,0.32479895013131993,0.4087691305389626
3.3,0.0,0.0,0.0,0.04764693123455995,0.20721003523379677,0.24553641124840417,0.21261756455585268,0.32479895013131993,0.4087691305389626
3.31,0.0,0.0,0.0,0.04764693123455995,0.20721003523379677,0.24553641124840417,0.21261756455585268,0.32479895013131993,0.4087691305389626
3.32,0.0,0.0,0.0,0.04764693123455995,0.20721003523379677,0.24553641124840417,0.21261756455585268,0.32479895013131993,0.4087691305389626
3.33,0.0,0.0,0.0,0.04764693123455995,0.20721003523379677,0.24553641124840417,0.21261756455585268,0.32479895013131993,0.4087691305389626
3.34,0.0,0.0,0.0,0.04764693123455995,0.20721003523379677,0.24553641124840417,0.21261756455585268,0.32479895013131993,0.4087691305389626
3.35,0.0,0.0,0.0,0.04764693123455995,0.20721003523379677,0.24553641124840417,0.21261756455585268,0.32479895013131993,0.4087691305389626
3.36,0.0,0.0,0.0,0.04764693123455995,0.20721003523379677,0.24553641124840417,0.21261756455585268,0.32479895013131993,0.4087691305389626
3.37,0.0,0.0,0.0,0.04764693123455995,0.20721003523379677,0.24553641124840417,0.21261756455585268,0.32479895013131993,0.4087691305389626
3.38,0.0,0.0,0.0,0.04764693123455995,0.20721003523379677,0.24553641124840417,0.21261756455585268,0.32479895013131993,0.4087691305389626
3.39,0.0,0.0,0.0,0.04764693123455995,0.20721003523379677,0.24553641124840417,0.21261756455585268,0.32479895013131993,0.4087691305389626
3.4,0.0,0.0,0.0,0.04764693123455995,0.20721003523379677,0.24553641124840417,0.21261756455585268,0.32479895013131993,0.4087691305389626
3.41,0.0,0.0,0.0,0.04764693123455995,0.20721003523379677,0.24553641124840417,0.21261756455585268,0.32479895013131993,0.4087691305389626
3.42,0.0,0.0,0.0,0.04764693123455995,0.20721003523379677,0.24553641124840417,0.21261756455585268,0.32479895013131993,0.4087691305389626
3.43,0.0,0.0,0.0,0.04764693123455995,0.20721003523379677,0.24553641124840417,0.21261756455585268,0.32479895013131993,0.4087691305389626
3.44,0.0,0.0,0.0,0.04764693123455995,0.20721003523379677,0.24553641124840417,0.21261756455585268,0.32479895013131993,0.4087691305389626
3.45,0.0,0.0,0.0,0.04764693123455995,0.20721003523379677,0.24553641124840417,0.21261756455585268,0.32479895013131993,0.4087691305389626
3.46,0.0,0.0,0.0,0.04764693123455995,0.20721003523379677,0.24553641124840417,0.21261756455585268,0.32479895013131993,0.4087691305389626
3.47,0.0,0.0,0.0,0.04764693123455995,0.20721003523379677,0.24553641124840417,0.21261756455585268,0.32479895013131993,0.4087691305389626
3.48,0.0,0.0,0.0,0.04764693123455995,0.20721003523379677,0.24553641124840417,0.21261756455585268,0.32479895013131993,0.4087691305389626
3.49,0.0,0.0,0.0,0.04764693123455995,0.20721003523379677,0.24553641124840417,0.21261756455585268,0.32479895013131993,0.4087691305389626
3.5,0.0,0.0,0.0,0.04764693123455995,0.20721003523379677,0.24553641124840417,0.21261756455585268,0.32479895013131993,0.4087691305389626
3.51,0.0,0.0,0.0,0.04764693123455995,0.20721003523379677,0.24553641124840417,0.21261756455585268,0.32479895013131993,0.4087691305389626
3.52,0.0,0.0,0.0,0.04764693123455995,0.20721003523379677,0.24553641124840417,0.21261756455585268,0.32479895013131993,0.4087691305389626
3.53,0.0,0.0,0.0,0.04764693123455995,0.20721003523379677,0.24553641124840417,0.21261756455585268,0.32479895013131993,0.4087691305389626
3.54,0.0,0.0,0.0,0.04764693123455995,0.20721003523379677,0.24553641124840417,0.21261756455585268,0.32479895013131993,0.4087691305389626
3.55,0.0,0.0,0.0,0.04764693123455995,0.20721003523379677,0.24553641124840417,0.21261756455585268,0.32479895013131993,0.4087691305389626
3.56,0.0,0.0,0.0,0.04764693123455995,0.20721003523379677,0.24553641124840417,0.21261756455585268,0.32479895013131993,0.4087691305389626
3.57,0.0,0.0,0.0,0.04764693123455995,0.20721003523379677,0.24553641124840417,0.21261756455585268,0.32479895013131993,0.4087691305389626
3.58,0.0,0.0,0.0,0.04764693123455995,0.20721003523379677,0.24553641124840417,0.21261756455585268,0.32479895013131993,0.4087691305389626
3.59,0.0,0.0,0.0,0.04764693123455995,0.20721003523379677,0.24553641124840417,0.21261756455585268,0.32479895013131993,0.4087691305389626
3.6,0.0,0.0,0.0,0.04764693123455995,0.20721003523379677,0.24553641124840417,0.21261756455585268,0.32479895013131993,0.4087691305389626
3.61,0.0,0.0,0.0,0.04764693123455995,0.20721003523379677,0.24553641124840417,0.21261756455585268,0.32479895013131993,0.4087691305389626
3.62,0.0,0.0,0.0,0.04764693123455995,0.20721003523379677,0.24553641124840417,0.21261756455585268,0.32479895013131993,0.4087691305389626
3.63,0.0,0.0,0.0,0.04764693123455995,0.20721003523379677,0.24553641124840417,0.21261756455585268,0.32479895013131993,0.4087691305389626
3.64,0.0,0.0,0.0,0.04764693123455995,0.20721003523379677,0.24553641124840417,0.21261756455585268,0.32479895013131993,0.4087691305389626
3.65,0.0,0.0,0.0,0.04764693123455995,0.20721003523379677,0.24553641124840417,0.21261756455585268,0.32479895013131993,0.4087691305389626
3.66,0.0,0.0,0.0,0.04764693123455995,0.20721003523379677,0.24553641124840417,0.21261756455585268,0.32479895013131993,0.4087691305389626
3.67,0.0,0.0,0.0,0.04764693123455995,0.20721003523379677,0.24553641124840417,0.21261756455585268,0.32479895013131993,0.4087691305389626
3.68,0.0,0.0,0.0,0.04764693123455995,0.20721003523379677,0.24553641124840417,0.21261756455585268,0.32479895013131993,0.4087691305389626
3.69,0.0,0.0,0.0,0.04764693123455995,0.20721003523379677,0.24553641124840417,0.21261756455585268,0.32479895013131993,0.4087691305389626
3.7,0.0,0.0,0.0,0.04764693123455995,0.20721003523379677,0.24553641124840417,0.21261756455585268,0.32479895013131993,0.4087691305389626
3.71,0.0,0.0,0.0,0.04764693123455995,0.20721003523379677,0.24553641124840417,0.21261756455585268,0.32479895013131993,0.4087691305389626
3.72,0.0,0.0,0.0,0.04764693123455995,0.20721003523379677,0.24553641124840417,0.21261756455585268,0.32479895013131993,0.4087691305389626
3.73,0.0,0.0,0.0,0.04764693123455995,0.20721003523379677,0.24553641124840417,0.21261756455585268,0.32479895013131993,0.4087691305389626
3.74,0.0,0.0,0.0,0.04764693123455995,0.20721003523379677,0.24553641124840417,0.21261756455585268,0.32479895013131993,0.4087691305389626
3.75,0.0,0.0,0.0,0.04764693123455995,0.20721003523379677,0.24553641124840417,0.21261756455585268,0.32479895013131993,0.4087691305389626
3.76,0.0,0.0,0.0,0.04764693123455995,0.20721003523379677,0.24553641124840417,0.21261756455585268,0.32479895013131993,0.4087691305389626
3.77,0.0,0.0,0.0,0.04764693123455995,0.20721003523379677,0.24553641124840417,0.21261756455585268,0.32479895013131993,0.4087691305389626
3.78,0.0,0.0,0.0,0.04764693123455995,0.20721003523379677,0.24553641124840417,0.21261756455585268,0.32479895013131993,0.4087691305389626
3.79,0.0,0.0,0.0,0.04764693123455995,0.20721003523379677,0.24553641124840417,0.21261756455585268,0.32479895013131993,0.4087691305389626
3.8,0.0,0.0,0.0,0.04764693123455995,0.20721003523379677,0.24553641124840417,0.21261756455585268,0.32479895013131993,0.4087691305389626
3.81,0.0,0.0,0.0,0.04764693123455995,0.20721003523379677,0.24553641124840417,0.21261756455585268,0.32479895013131993,0.4087691305389626
3.82,0.0,0.0,0.0,0.04764693123455995,0.20721003523379677,0.24553641124840417,0.21261756455585268,0.32479895013131993,0.4087691305389626
3.83,0.0,0.0,0.0,0.04764693123455995,0.20721003523379677,0.24553641124840417,0.21261756455585268,0.32479895013131993,0.4087691305389626
3.84,0.0,0.0,0.0,0.04764693123455995,0.20721003523379677,0.24553641124840417,0.21261756455585268,0.32479895013131993,0.4087691305389626
3.85,0.0,0.0,0.0,0.04764693123455995,0.20721003523379677,0.24553641124840417,0.21261756455585268,0.32479895013131993,0.4087691305389626
3.86,0.0,0.0,0.0,0.04764693123455995,0.20721003523379677,0.24553641124840417,0.21261756455585268,0.32479895013131993,0.4087691305389626
3.87,0.0,0.0,0.0,0.04764693123455995,0.20721003523379677,0.24553641124840417,0.21261756455585268,0.32479895013131993,0.4087691305389626
3.88,0.0,0.0,0.0,0.04764693123455995,0.20721003523379677,0.24553641124840417,0.21261756455585268,0.32479895013131993,0.4087691305389626
3.89,0.0,0.0,0.0,0.04764693123455995,0.20721003523379677,0.24553641124840417,0.21261756455585268,0.32479895013131993,0.4087691305389626
3.9,0.0,0.0,0.0,0.04764693123455995,0.20721003523379677,0.24553641124840417,0.21261756455585268,0.32479895013131993,0.4087691305389626
3.91,0.0,0.0,0.0,0.04764693123455995,0.20721003523379677,0.24553641124840417,0.21261756455585268,0.32479895013131993,0.4087691305389626
3.92,0.0,0.0,0.0,0.04764693123455995,0.20721003523379677,0.24553641124840417,0.21261756455585268,0.32479895013131993,0.4087691305389626
3.93,0.0,0.0,0.0,0.04764693123455995,0.20721003523379677,0.24553641124840417,0.21261756455585268,0.32479895013131993,0.4087691305389626
3.94,0.0,0.0,0.0,0.04764693123455995,0.20721003523379677,0.24553641124840417,0.21261756455585268,0.32479895013131993,0.4087691305389626
3.95,0.0,0.0,0.0,0.04764693123455995,0.20721003523379677,0.24553641124840417,0.21261756455585268,0.32479895013131993,0.4087691305389626
3.96,0.0,0.0,0.0,0.04764693123455995,0.20721003523379677,0.24553641124840417,0.21261756455585268,0.32479895013131993,0.4087691305389626
3.97,0.0,0.0,0.0,0.04764693123455995,0.20721003523379677,0.24553641124840417,0.21261756455585268,0.32479895013131993,0.4087691305389626
3.98,0.0,0.0,0.0,0.04764693123455995,0.20721003523379677,0.24553641124840417,0.21261756455585268,0.32479895013131993,0.4087691305389626
3.99,0.0,0.0,0.0,0.04764693123455995,0.20721003523379677,0.24553641124840417,0.21261756455585268,0.32479895013131993,0.4087691305389626
4.0,0.0,0.0,0.0,0.04764693123455995,0.20721003523379677,0.24553641124840417,0.21261756455585268,0.32479895013131993,0.4087691305389626
4.01,0.0,0.0,0.0,0.04764693123455995,0.20721003523379677,0.24553641124840417,0.21261756455585268,0.32479895013131993,0.4087691305389626
4.02,0.0,0.0,0.0,0.04764693123455995,0.20721003523379677,0.24553641124840417,0.21261756455585268,0.32479895013131993,0.4087691305389626
4.03,0.0,0.0,0.0,0.04764693123455995,0.20721003523379677,0.24553641124840417,0.21261756455585268,0.32479895013131993,0.4087691305389626
4.04,0.0,0.0,0.0,0.04764693123455995,0.20721003523379677,0.24553641124840417,0.21261756455585268,0.32479895013131993,0.4087691305389626
4.05,0.0,0.0,0.0,0.04764693123455995,0.20721003523379677,0.24553641124840417,0.21261756455585268,0.32479895013131993,0.4087691305389626
4.06,0.0,0.0,0.0,0.04764693123455995,0.20721003523379677,0.24553641124840417,0.21261756455585268,0.32479895013131993,0.4087691305389626
4.07,0.0,0.0,0.0,0.04764693123455995,0.20721003523379677,0.24553641124840417,0.21261756455585268,0.32479895013131993,0.4087691305389626
4.08,0.0,0.0,0.0,0.04764693123455995,0.20721003523379677,0.24553641124840417,0.21261756455585268,0.32479895013131993,0.4087691305389626
4.09,0.0,0.0,0.0,0.04764693123455995,0.20721003523379677,0.24553641124840417,0.21261756455585268,0.32479895013131993,0.4087691305389626
4.1,0.0,0.0,0.0,0.04764693123455995,0.20721003523379677,0.24553641124840417,0.21261756455585268,0.32479895013131993,0.4087691305389626
4.11,0.0,0.0,0.0,0.04764693123455995,0.20721003523379677,0.24553641124840417,0.21261756455585268,0.32479895013131993,0.4087691305389626
4.12,0.0,0.0,0.0,0.04764693123455995,0.20721003523379677,0.24553641124840417,0.21261756455585268,0.32479895013131993,0.4087691305389626
4.13,0.0,0.0,0.0,0.04764693123455995,0.20721003523379677,0.24553641124840417,0.21261756455585268,0.32479895013131993,0.4087691305389626
4.14,0.0,0.0,0.0,0.04764693123455995,0.20721003523379677,0.24553641124840417,0.21261756455585268,0.32479895013131993,0.4087691305389626
4.15,0.0,0.0,0.0,0.04764693123455995,0.20721003523379677,0.24553641124840417,0.21261756455585268,0.32479895013131993,0.4087691305389626
4.16,0.0,0.0,0.0,0.04764693123455995,0.20721003523379677,0.24553641124840417,0.21261756455585268,0.32479895013131993,0.4087691305389626
4.17,0.0,0.0,0.0,0.04764693123455995,0.20721003523379677,0.24553641124840417,0.21261756455585268,0.32479895013131993,0.4087691305389626
4.18,0.0,0.0,0.0,0.04764693123455995,0.20721003523379677,0.24553641124840417,0.21261756455585268,0.32479895013131993,0.4087691305389626
4.19,0.0,0.0,0.0,0.04764693123455995,0.20721003523379677,0.24553641124840417,0.21261756455585268,0.32479895013131993,0.4087691305389626
4.2,0.0,0.0,0.0,0.04764693123455995,0.20721003523379677,0.24553641124840417,0.21261756455585268,0.32479895013131993,0.4087691305389626
4.21,0.0,0.0,0.0,0.04764693123455995,0.20721003523379677,0.24553641124840417,0.21261756455585268,0.32479895013131993,0.4087691305389626
4.22,0.0,0.0,0.0,0.04764693123455995,0.20721003523379677,0.24553641124840417,0.21261756455585268,0.32479895013131993,0.4087691305389626
4.23,0.0,0.0,0.0,0.04764693123455995,0.20721003523379677,0.24553641124840417,0.21261756455585268,0.32479895013131993,0.4087691305389626
4.24,0.0,0.0,0.0,0.04764693123455995,0.20721003523379677,0.24553641124840417,0.21261756455585268,0.32479895013131993,0.4087691305389626
4.25,0.0,0.0,0.0,0.04764693123455995,0.20721003523379677,0.24553641124840417,0.21261756455585268,0.32479895013131993,0.4087691305389626
4.26,0.0,0.0,0.0,0.04764693123455995,0.20721003523379677,0.24553641124840417,0.21261756455585268,0.32479895013131993,0.4087691305389626
4.27,0.0,0.0,0.0,0.04764693123455995,0.20721003523379677,0.24553641124840417,0.21261756455585268,0.32479895013131993,0.4087691305389626
4.28,0.0,0.0,0.0,0.04764693123455995,0.20721003523379677,0.24553641124840417,0.21261756455585268,0.32479895013131993,0.4087691305389626
4.29,-0.0003074956004814,0.0003482555821996,0.00093173614193,0.04764539375655755,0.20721177651170777,0.24554106992911381,0.21261891701199906,0.32480335726911647,0.408774336227517
4.3,-0.0007008651020594,0.0007124960470716,0.0016905231737487,0.04764035195304484,0.20721708026985414,0.2455541812256922,0.21262295616836194,0.32481591310647523,0.4087893514108693
4.31,-0.0011730460848642,0.0010087518073688,0.0024393492038058,0.04763098239711022,0.20722568650912634,0.24557483058757998,0.21262924453915677,0.32483564005726207,0.4088136053194037
4.32,-0.0017113387228869,0.001180017320715,0.0031794095523129,0.047616560473071466,0.20723663035476678,0.24560292438136058,0.21263668026021268,0.3248617463733769,0.40884702718199945
4.33,-0.0022472641057398,0.0012055741750699,0.0043099494455528,0.04759676745892833,0.2072485583122457,0.2456403711763499,0.21264387410655308,0.3248947662654764,0.408891030614064
4.34,-0.0030373517944001,0.0010437340297352,0.0059479644779188,0.04757034437942763,0.20725980485326972,0.24569166074596727,0.21264892280985764,0.3249368500682929,0.40894981227588845
4.35,-0.003984664707896,0.0007730631871288,0.0080325576327158,0.04753523429691615,0.20726888883935404,0.24576156335652044,0.21264992541819341,0.32499036417070004,0.4090285625880103
4.36,-0.0048805279331653,0.0004097160482455,0.0105101395352523,0.047490908333710835,0.20727480273553092,0.24585427684236028,0.21264578581155608,0.32505777281137904,0.4091314973034305
4.37,-0.0057164132659764,-3.828094868366376e-05,0.0133038520987473,0.04743792362771513,0.20727665991102873,0.24597334680053026,0.21263576919695612,0.32514128879340304,0.4092618371787906
4.38,-0.0066383576649274,-0.0006168484831483,0.0162466119177002,0.047376149773060615,0.20727338426386957,0.2461210991206125,0.2126188030055602,0.3252419881009455,0.40942201672515305
4.39,-0.0074615200763195,-0.0013922613641251,0.0193151007040348,0.04730565038435438,0.2072633387146332,0.24629890768372117,0.21259331159145986,0.3253599054272326,0.4096135551337874
4.4,-0.0081430069963321,-0.0023408981500326,0.0221204645191297,0.04722762774899111,0.20724467291706242,0.24650608550983702,0.212557764561301,0.3254935536514979,0.40983572307760935
4.41,-0.0086998194839305,-0.0034715183512541,0.0246942783595331,0.0471434136165898,0.20721561083455597,0.24674015922423032,0.2125107310724873,0.3256401648982532,0.41008617692266985
4.42,-0.0091303188584111,-0.0047327375789769,0.0271300771161992,0.0470542629248781,0.2071745895549048,0.24699928100160898,0.2124509689708353,0.32579757370483686,0.41036325937741713
4.43,-0.009449662693348,-0.0060162108383741,0.0294444225991763,0.046961363017119305,0.20712084481281806,0.24728215350018584,0.2123779978538293,0.325964533978914,0.41066580811830805
4.44,-0.0096711896534864,-0.0073026155557226,0.0316518892013075,0.04686575875538513,0.20705425068084757,0.2475876350591883,0.2122919265274241,0.3261403058545923,0.41099275449948575
4.45,-0.0096688306316628,-0.0085913789888371,0.0337653023882938,0.04676905865395939,0.20697478070812478,0.2479147210171363,0.21219308352666408,0.32632439932306373,0.41134297101832384
4.46,-0.0094012300414504,-0.0096917090501612,0.0357959485699527,0.046673708350593826,0.20688336526792978,0.24826252727192752,0.21208291273881527,0.32651714246456415,0.41171501624935075
4.47,-0.008968438775318,-0.0106262177443098,0.0372931561761505,0.04658186000650998,0.20678177563395742,0.24862797279565801,0.2119636110656695,0.3267176782368485,0.4121052815473933
4.48,-0.0082318985953587,-0.0113403710461445,0.0383209378359426,0.046495858319656594,0.20667194269000513,0.2490060432657185,0.21183757158762548,0.32692379283097645,0.4125082664677695
4.49,-0.0072280593712318,-0.0118479735456105,0.0389356246628975,0.04641855852982364,0.20655600096704635,0.2493923260782127,0.2117074965878278,0.3271339120577179,0.41291891492065746
4.5,-0.0060885253525531,-0.0121864493961245,0.0391884074147399,0.04635197560620472,0.2064358288523377,0.2497829462386009,0.2115756533170815,0.32734657063758227,0.41333299067770307
4.51,-0.0049927421730942,-0.0125318239377098,0.0393043853032206,0.04629656926857648,0.20631223748566851,0.2501754102021907,0.21144292767170764,0.32756044866897066,0.41374816853221985
4.52,-0.0039354597321489,-0.0128948076076755,0.0392999749119428,0.04625192825905027,0.2061851043279416,0.2505684320032665,0.21130910561167138,0.3277744304105799,0.4141636463242208
4.53,-0.0029225608216768,-0.0132961528823762,0.0392025844206301,0.04621763815628114,0.20605414952549134,0.2509609447999294,0.21117382085244013,0.3279874668768483,0.41457884659755506
4.54,-0.0020105981764895,-0.0137321606386056,0.0390723554035986,0.04619297236129031,0.20591900795788642,0.25135231949905057,0.2110365573400282,0.3281987462673857,0.41499363063756795
4.55,-0.0011427104535834,-0.0142120965047673,0.0389156161045303,0.046177205818139944,0.20577928667216958,0.2517422593565912,0.21089677370808166,0.32840769526069125,0.41540814687858163
4.56,0.0,0.0,0.0,0.04617149226587203,0.20570822618964574,0.25193683743711387,0.21082618675142786,0.3285115691691279,0.4156153734846821
4.57,0.0,0.0,0.0,0.04617149226587203,0.20570822618964574,0.25193683743711387,0.21082618675142786,0.3285115691691279,0.4156153734846821
4.58,0.0,0.0,0.0,0.04617149226587203,0.20570822618964574,0.25193683743711387,0.21082618675142786,0.3285115691691279,0.4156153734846821
4.59,0.0,0.0,0.0,0.04617149226587203,0.20570822618964574,0.25193683743711387,0.21082618675142786,0.3285115691691279,0.4156153734846821
4.6,0.0,0.0,0.0,0.04617149226587203,0.20570822618964574,0.25193683743711387,0.21082618675142786,0.3285115691691279,0.4156153734846821
4.61,0.0,0.0,0.0,0.04617149226587203,0.20570822618964574,0.25193683743711387,0.21082618675142786,0.3285115691691279,0.4156153734846821
4.62,0.0,0.0,0.0,0.04617149226587203,0.20570822618964574,0.25193683743711387,0.21082618675142786,0.3285115691691279,0.4156153734846821
4.63,0.0,0.0,0.0,0.04617149226587203,0.20570822618964574,0.25193683743711387,0.21082618675142786,0.3285115691691279,0.4156153734846821
4.64,0.0,0.0,0.0,0.04617149226587203,0.20570822618964574,0.25193683743711387,0.21082618675142786,0.3285115691691279,0.4156153734846821
4.65,0.0,0.0,0.0,0.04617149226587203,0.20570822618964574,0.25193683743711387,0.21082618675142786,0.3285115691691279,0.4156153734846821
4.66,0.0,0.0,0.0,0.04617149226587203,0.20570822618964574,0.25193683743711387,0.21082618675142786,0.3285115691691279,0.4156153734846821
4.67,0.0,0.0,0.0,0.04617149226587203,0.20570822618964574,0.25193683743711387,0.21082618675142786,0.3285115691691279,0.4156153734846821
4.68,0.0,0.0,0.0,0.04617149226587203,0.20570822618964574,0.25193683743711387,0.21082618675142786,0.3285115691691279,0.4156153734846821
4.69,0.0,0.0,0.0,0.04617149226587203,0.20570822618964574,0.25193683743711387,0.21082618675142786,0.3285115691691279,0.4156153734846821
4.7,0.0,0.0,0.0,0.04617149226587203,0.20570822618964574,0.25193683743711387,0.21082618675142786,0.3285115691691279,0.4156153734846821
4.71,0.0,0.0,0.0,0.04617149226587203,0.20570822618964574,0.25193683743711387,0.21082618675142786,0.3285115691691279,0.4156153734846821
4.72,0.0,0.0,0.0,0.04617149226587203,0.20570822618964574,0.25193683743711387,0.21082618675142786,0.3285115691691279,0.4156153734846821
4.73,0.0,0.0,0.0,0.04617149226587203,0.20570822618964574,0.25193683743711387,0.21082618675142786,0.3285115691691279,0.4156153734846821
4.74,0.0,0.0,0.0,0.04617149226587203,0.20570822618964574,0.25193683743711387,0.21082618675142786,0.3285115691691279,0.4156153734846821
4.75,0.0,0.0,0.0,0.04617149226587203,0.20570822618964574,0.25193683743711387,0.21082618675142786,0.3285115691691279,0.4156153734846821
4.76,0.0,0.0,0.0,0.04617149226587203,0.20570822618964574,0.25193683743711387,0.21082618675142786,0.3285115691691279,0.4156153734846821
4.77,0.0,0.0,0.0,0.04617149226587203,0.20570822618964574,0.25193683743711387,0.21082618675142786,0.3285115691691279,0.4156153734846821
4.78,0.0,0.0,0.0,0.04617149226587203,0.20570822618964574,0.25193683743711387,0.21082618675142786,0.3285115691691279,0.4156153734846821
4.79,0.0,0.0,0.0,0.04617149226587203,0.20570822618964574,0.25193683743711387,0.21082618675142786,0.3285115691691279,0.4156153734846821
4.8,0.0,0.0,0.0,0.04617149226587203,0.20570822618964574,0.25193683743711387,0.21082618675142786,0.3285115691691279,0.4156153734846821
4.81,0.0,0.0,0.0,0.04617149226587203,0.20570822618964574,0.25193683743711387,0.21082618675142786,0.3285115691691279,0.4156153734846821
4.82,0.0,0.0,0.0,0.04617149226587203,0.20570822618964574,0.25193683743711387,0.21082618675142786,0.3285115691691279,0.4156153734846821
4.83,0.0,0.0,0.0,0.04617149226587203,0.20570822618964574,0.25193683743711387,0.21082618675142786,0.3285115691691279,0.4156153734846821
4.84,0.0,0.0,0.0,0.04617149226587203,0.20570822618964574,0.25193683743711387,0.21082618675142786,0.3285115691691279,0.4156153734846821
4.85,0.0,0.0,0.0,0.04617149226587203,0.20570822618964574,0.25193683743711387,0.21082618675142786,0.3285115691691279,0.4156153734846821
4.86,0.0,0.0,0.0,0.04617149226587203,0.20570822618964574,0.25193683743711387,0.21082618675142786,0.3285115691691279,0.4156153734846821
4.87,0.0,0.0,0.0,0.04617149226587203,0.20570822618964574,0.25193683743711387,0.21082618675142786,0.3285115691691279,0.4156153734846821
4.88,0.0,0.0,0.0,0.04617149226587203,0.20570822618964574,0.25193683743711387,0.21082618675142786,0.3285115691691279,0.4156153734846821
4.89,0.0,0.0,0.0,0.04617149226587203,0.20570822618964574,0.25193683743711387,0.21082618675142786,0.3285115691691279,0.4156153734846821
4.9,0.0,0.0,0.0,0.04617149226587203,0.20570822618964574,0.25193683743711387,0.21082618675142786,0.3285115691691279,0.4156153734846821
4.91,0.0,0.0,0.0,0.04617149226587203,0.20570822618964574,0.25193683743711387,0.21082618675142786,0.3285115691691279,0.4156153734846821
4.92,0.0,0.0,0.0,0.04617149226587203,0.20570822618964574,0.25193683743711387,0.21082618675142786,0.3285115691691279,0.4156153734846821
4.93,0.0,0.0,0.0,0.04617149226587203,0.20570822618964574,0.25193683743711387,0.21082618675142786,0.3285115691691279,0.4156153734846821
4.94,0.0,0.0,0.0,0.04617149226587203,0.20570822618964574,0.25193683743711387,0.21082618675142786,0.3285115691691279,0.4156153734846821
4.95,0.0,0.0,0.0,0.04617149226587203,0.20570822618964574,0.25193683743711387,0.21082618675142786,0.3285115691691279,0.4156153734846821
4.96,0.0,0.0,0.0,0.04617149226587203,0.20570822618964574,0.25193683743711387,0.21082618675142786,0.3285115691691279,0.4156153734846821
4.97,0.0,0.0,0.0,0.04617149226587203,0.20570822618964574,0.25193683743711387,0.21082618675142786,0.3285115691691279,0.4156153734846821
4.98,0.0,0.0,0.0,0.04617149226587203,0.20570822618964574,0.25193683743711387,0.21082618675142786,0.3285115691691279,0.4156153734846821
4.99,0.0,0.0,0.0,0.04617149226587203,0.20570822618964574,0.25193683743711387,0.21082618675142786,0.3285115691691279,0.4156153734846821
5.0,0.0,0.0,0.0,0.04617149226587203,0.20570822618964574,0.25193683743711387,0.21082618675142786,0.3285115691691279,0.4156153734846821
5.01,0.0,0.0,0.0,0.04617149226587203,0.20570822618964574,0.25193683743711387,0.21082618675142786,0.3285115691691279,0.4156153734846821
5.02,0.0,0.0,0.0,0.04617149226587203,0.20570822618964574,0.25193683743711387,0.21082618675142786,0.3285115691691279,0.4156153734846821
5.03,0.0,0.0,0.0,0.04617149226587203,0.20570822618964574,0.25193683743711387,0.21082618675142786,0.3285115691691279,0.4156153734846821
5.04,0.0,0.0,0.0,0.04617149226587203,0.20570822618964574,0.25193683743711387,0.21082618675142786,0.3285115691691279,0.4156153734846821
5.05,0.0,0.0,0.0,0.04617149226587203,0.20570822618964574,0.25193683743711387,0.21082618675142786,0.3285115691691279,0.4156153734846821
5.06,0.0,0.0,0.0,0.04617149226587203,0.20570822618964574,0.25193683743711387,0.21082618675142786,0.3285115691691279,0.4156153734846821
5.07,0.0,0.0,0.0,0.04617149226587203,0.20570822618964574,0.25193683743711387,0.21082618675142786,0.3285115691691279,0.4156153734846821
5.08,0.0,0.0,0.0,0.04617149226587203,0.20570822618964574,0.25193683743711387,0.21082618675142786,0.3285115691691279,0.4156153734846821
5.09,0.0,0.0,0.0,0.04617149226587203,0.20570822618964574,0.25193683743711387,0.21082618675142786,0.3285115691691279,0.4156153734846821
5.1,0.0,0.0,0.0,0.04617149226587203,0.20570822618964574,0.25193683743711387,0.21082618675142786,0.3285115691691279,0.4156153734846821
5.11,0.0,0.0,0.0,0.04617149226587203,0.20570822618964574,0.25193683743711387,0.21082618675142786,0.3285115691691279,0.4156153734846821
5.12,0.0,0.0,0.0,0.04617149226587203,0.20570822618964574,0.25193683743711387,0.21082618675142786,0.3285115691691279,0.4156153734846821
5.13,0.0,0.0,0.0,0.04617149226587203,0.20570822618964574,0.25193683743711387,0.21082618675142786,0.3285115691691279,0.4156153734846821
5.14,0.0,0.0,0.0,0.04617149226587203,0.20570822618964574,0.25193683743711387,0.21082618675142786,0.3285115691691279,0.4156153734846821
5.15,0.0,0.0,0.0,0.04617149226587203,0.20570822618964574,0.25193683743711387,0.21082618675142786,0.3285115691691279,0.4156153734846821
5.16,0.0,0.0,0.0,0.04617149226587203,0.20570822618964574,0.25193683743711387,0.21082618675142786,0.3285115691691279,0.4156153734846821
5.17,0.0,0.0,0.0,0.04617149226587203,0.20570822618964574,0.25193683743711387,0.21082618675142786,0.3285115691691279,0.4156153734846821
5.18,0.0,0.0,0.0,0.04617149226587203,0.20570822618964574,0.25193683743711387,0.21082618675142786,0.3285115691691279,0.4156153734846821
5.19,0.0,0.0,0.0,0.04617149226587203,0.20570822618964574,0.25193683743711387,0.21082618675142786,0.3285115691691279,0.4156153734846821
5.2,0.0,0.0,0.0,0.04617149226587203,0.20570822618964574,0.25193683743711387,0.21082618675142786,0.3285115691691279,0.4156153734846821
5.21,0.0,0.0,0.0,0.04617149226587203,0.20570822618964574,0.25193683743711387,0.21082618675142786,0.3285115691691279,0.4156153734846821
5.22,0.0,0.0,0.0,0.04617149226587203,0.20570822618964574,0.25193683743711387,0.21082618675142786,0.3285115691691279,0.4156153734846821
5.23,0.0,0.0,0.0,0.04617149226587203,0.20570822618964574,0.25193683743711387,0.21082618675142786,0.3285115691691279,0.4156153734846821
5.24,0.0,0.0,0.0,0.04617149226587203,0.20570822618964574,0.25193683743711387,0.21082618675142786,0.3285115691691279,0.4156153734846821
5.25,0.0,0.0,0.0,0.04617149226587203,0.20570822618964574,0.25193683743711387,0.21082618675142786,0.3285115691691279,0.4156153734846821
5.26,0.0,0.0,0.0,0.04617149226587203,0.20570822618964574,0.25193683743711387,0.21082618675142786,0.3285115691691279,0.4156153734846821
5.27,0.0,0.0,0.0,0.04617149226587203,0.20570822618964574,0.25193683743711387,0.21082618675142786,0.3285115691691279,0.4156153734846821
5.28,0.0,0.0,0.0,0.04617149226587203,0.20570822618964574,0.25193683743711387,0.21082618675142786,0.3285115691691279,0.4156153734846821
5.29,0.0,0.0,0.0,0.04617149226587203,0.20570822618964574,0.25193683743711387,0.21082618675142786,0.3285115691691279,0.4156153734846821
5.3,0.0,0.0,0.0,0.04617149226587203,0.20570822618964574,0.25193683743711387,0.21082618675142786,0.3285115691691279,0.4156153734846821
5.31,0.0,0.0,0.0,0.04617149226587203,0.20570822618964574,0.25193683743711387,0.21082618675142786,0.3285115691691279,0.4156153734846821
5.32,0.0,0.0,0.0,0.04617149226587203,0.20570822618964574,0.25193683743711387,0.21082618675142786,0.3285115691691279,0.4156153734846821
5.33,0.0,0.0,0.0,0.04617149226587203,0.20570822618964574,0.25193683743711387,0.21082618675142786,0.3285115691691279,0.4156153734846821
5.34,0.0,0.0,0.0,0.04617149226587203,0.20570822618964574,0.25193683743711387,0.21082618675142786,0.3285115691691279,0.4156153734846821
5.35,0.0,0.0,0.0,0.04617149226587203,0.20570822618964574,0.25193683743711387,0.21082618675142786,0.3285115691691279,0.4156153734846821
5.36,0.0,0.0,0.0,0.04617149226587203,0.20570822618964574,0.25193683743711387,0.21082618675142786,0.3285115691691279,0.4156153734846821
5.37,0.0,0.0,0.0,0.04617149226587203,0.20570822618964574,0.25193683743711387,0.21082618675142786,0.3285115691691279,0.4156153734846821
5.38,0.0,0.0,0.0,0.04617149226587203,0.20570822618964574,0.25193683743711387,0.21082618675142786,0.3285115691691279,0.4156153734846821
5.39,0.0,0.0,0.0,0.04617149226587203,0.20570822618964574,0.25193683743711387,0.21082618675142786,0.3285115691691279,0.4156153734846821
5.4,0.0,0.0,0.0,0.04617149226587203,0.20570822618964574,0.25193683743711387,0.21082618675142786,0.3285115691691279,0.4156153734846821
5.41,0.0,0.0,0.0,0.04617149226587203,0.20570822618964574,0.25193683743711387,0.21082618675142786,0.3285115691691279,0.4156153734846821
5.42,0.0,0.0,0.0,0.04617149226587203,0.20570822618964574,0.25193683743711387,0.21082618675142786,0.3285115691691279,0.4156153734846821
5.43,0.0,0.0,0.0,0.04617149226587203,0.20570822618964574,0.25193683743711387,0.21082618675142786,0.3285115691691279,0.4156153734846821
5.44,0.0,0.0,0.0,0.04617149226587203,0.20570822618964574,0.25193683743711387,0.21082618675142786,0.3285115691691279,0.4156153734846821
5.45,0.0,0.0,0.0,0.04617149226587203,0.20570822618964574,0.25193683743711387,0.21082618675142786,0.3285115691691279,0.4156153734846821
5.46,0.0,0.0,0.0,0.04617149226587203,0.20570822618964574,0.25193683743711387,0.21082618675142786,0.3285115691691279,0.4156153734846821
5.47,0.0,0.0,0.0,0.04617149226587203,0.20570822618964574,0.25193683743711387,0.21082618675142786,0.3285115691691279,0.4156153734846821
5.48,0.0,0.0,0.0,0.04617149226587203,0.20570822618964574,0.25193683743711387,0.21082618675142786,0.3285115691691279,0.4156153734846821
5.49,0.0,0.0,0.0,0.04617149226587203,0.20570822618964574,0.25193683743711387,0.21082618675142786,0.3285115691691279,0.4156153734846821
5.5,0.0002595339755964,-0.0002285637053695,0.0008459166568287,0.04617278993575001,0.2057070833711189,0.25194106702039804,0.2108253558742481,0.32851427964531477,0.4156199428780833
5.51,0.0005070720014809,-0.0004555509527199,0.0016164689827357,0.0461766229656354,0.20570366279782845,0.2519533789485959,0.21082285786164925,0.32852211883002325,0.41563328364326696
5.52,0.0007662987272776,-0.0006353078842807,0.0022370336570934,0.046182989819279194,0.20569820850364345,0.251972646461795,0.210818930673353,0.3285343758196648,0.41565429609708027
5.53,0.0010979399892797,-0.0007296063327176,0.0026195551880063,0.04619231101286198,0.20569138393255845,0.25199692940602053,0.21081431407947643,0.32855003797117877,0.4156811870026166
5.54,0.0015565353047122,-0.0006858771541865,0.0027654665622698,0.04620558338933194,0.20568430651512393,0.2520238545147719,0.2108103173067105,0.3285681255499974,0.41571202865133994
5.55,0.0020636209255938,-0.000483462149247,0.0024897455647608,0.046223684170483476,0.20567845981860675,0.25205013057540704,0.21080858097251837,0.32858716672251,0.41574446710846974
5.56,0.0026133780152705,-0.0001414036170682,0.0018429880800918,0.046247069165187796,0.20567533548977518,0.2520717942436313,0.2108106615785863,0.32860511938861336,0.41577649731185495
5.57,0.0033739173479538,0.0003325849049518,0.000869718486722,0.04627700564200392,0.2056762913962146,0.25208535777646535,0.21081816357631672,0.3286203367093692,0.41580937702937537
5.58,0.0043199450544828,0.0009226718180323,5.811302433070015e-05,0.0463154749540161,0.2056825676798295,0.2520899969340206,0.21083273433597483,0.32863324302598823,0.41584863007365896
5.59,0.0052761586938656,0.0016058816293752,-0.0006112280027997,0.04636345547275784,0.20569521044706654,0.25208723135912825,0.21085561316748813,0.3286457999405257,0.41589832532641635
5.6,0.0062413359541599,0.0022942270821348,-0.0011553763269006,0.04642104294599796,0.20571471099062408,0.25207839833747975,0.21088730532241665,0.328659359298559,0.41595976318562927
5.61,0.0073705838438217,0.0030912915845583,-0.001875924521599,0.04648910254498788,0.20574163858395755,0.25206324183323725,0.21092856255768255,0.32867421010193554,0.4160345089140574
5.62,0.008660753432133,0.0039987328028561,-0.0027517046024233,0.04656925923136765,0.20577708870589462,0.25204010368761715,0.2109808193690411,0.3286900059455668,0.41612515757262153
5.63,0.0100001929815389,0.0050344204085537,-0.0037640887430383,0.04666256396343601,0.20582225447195165,0.25200752472088983,0.2110454816184383,0.3287065375490857,0.416233818092236
5.64,0.0113829900967082,0.0061829648351631,-0.004674575172543,0.04676947987882724,0.20587834139817024,0.25196533140131194,0.21112383973629686,0.32872451069728664,0.41636171270695294
5.65,0.0128039418697492,0.0074308232641749,-0.0054953916162707,0.04689041453865954,0.20594641033866692,0.2519144815673679,0.21121703271040881,0.32874540442467887,0.41650951080647125
5.66,0.0142584697417172,0.0087431466528555,-0.0059862818312616,0.04702572659671687,0.2060272801882521,0.25185707320013023,0.21132595473277221,0.32877141673912813,0.416677275541313
5.67,0.0157425445807411,0.0101121992060447,-0.0061868369649642,0.047175731668329154,0.20612155691754658,0.2517962076061491,0.21145128489691328,0.3288053771600984,0.41686461011827775
5.68,0.0172459406269954,0.0114748450814422,-0.0061318972271331,0.04734067409436783,0.206229492138984,0.25173461393518864,0.2115933431174346,0.328849598912194,0.4170711283892289
5.69,0.0187663393356127,0.0128318530803831,-0.0058521220023524,0.047520735494180885,0.20635102562979313,0.25167469383904123,0.21175213359108203,0.32890594035278625,0.4172964790382477
5.7,0.0203737186253301,0.014183899748042,-0.0053744915490559,0.04771643578398559,0.20648610439393525,0.2516185607712842,0.21192774606386572,0.3289760928643946,0.41754080627219353
5.71,0.0220576408264158,0.0155838574741555,-0.0046710726899072,0.047928592581244316,0.20663494318004624,0.2515683329500894,0.21212060185149353,0.32906196357696355,0.41780478794749704
5.72,0.0238089207895055,0.017025976931709,-0.0037689600336085,0.04815792538932392,0.20679799235207555,0.25152613278647185,0.21233133404811638,0.32916559797945266,0.41808932164175916
5.73,0.0258475437729086,0.0187220366818511,-0.0026919968358177,0.048406207712136,0.20697673242014336,0.2514938280021247,0.21256182326182207,0.329289650963331,0.41839695083875705
5.74,0.028139028614187,0.0206415638894708,-0.001461165161514,0.04867614057407148,0.20717355042299998,0.25147306219213805,0.21281505270083242,0.3294373197807878,0.41873166309587584
5.75,0.030653031890396,0.022757742459671,-9.492922787897923e-05,0.04897010087659438,0.20739054695474568,0.2514652817201911,0.21309366425600834,0.32961143435364537,0.4190971226558722
5.76,0.0333628513893437,0.0248828938717445,0.0015065111715559,0.04929018029299308,0.20762875013640275,0.2514723396299095,0.21339920280197988,0.3298144286647585,0.41949617328253913
5.77,0.0362449891643016,0.0270159413846667,0.0033149315008946,0.0496382194957613,0.2078882443126848,0.25149644684327177,0.21373225062708692,0.33004838695698924,0.4199309717093117
5.78,0.0394511915870626,0.0291559374663357,0.0053054941685488,0.050016700399518145,0.20816910370693983,0.251539548971619,0.21409354510822096,0.33031528991836173,0.4204042449784892
5.79,0.0429425708998898,0.0313020482885017,0.0074948381281251,0.050428669211952895,0.20847139363571401,0.25160355063310236,0.21448396826547525,0.33061717942975904,0.42091921460490406
5.8,0.0466849058759754,0.0334543589222526,0.0098591096245929,0.050876806595832214,0.20879517567176778,0.25169032037186595,0.21490433879564666,0.330956027595943,0.4214788492261226
5.81,0.0507996723255349,0.0356871545563733,0.0123773173535253,0.05136422948683975,0.2091408832391609,0.25180150250675654,0.21535596837058654,0.33133395506270286,0.4220866783665477
5.82,0.0549800788502609,0.0379157478246445,0.0149661131391339,0.051893128242718765,0.20950889775106601,0.25193821965921986,0.21583992910414396,0.33175253054157583,0.42274535898317517
5.83,0.059177253398134,0.0401321938609857,0.0176170264146171,0.052463914903960726,0.20989913745949415,0.25210113535698864,0.2163564426433603,0.3322124210826145,0.42345572928609143
5.84,0.0634301790493755,0.0423379503332286,0.0203206098055034,0.05307695206619826,0.21031148818046522,0.25229082353808924,0.21690570509168142,0.3327142085076121,0.4242185066359248
5.85,0.0678375170171527,0.0445342999890652,0.0230705428979443,0.053733290546530886,0.21074584943207667,0.25250777930160645,0.2174881136195848,0.33325854553729634,0.4250349132141627
5.86,0.0723807378234816,0.0467223716464642,0.0258489092554795,0.0544343818207341,0.21120213279025435,0.2527523765623736,0.21810420174622427,0.33384608231531726,0.42590643561645
5.87,0.0770435355277352,0.0489957571059848,0.0286522968862972,0.05518150318749017,0.2116807234340166,0.2530248825930825,0.21875494729852307,0.33447767964218894,0.4268346052548959
5.88,0.081811560902163,0.0513442187113725,0.031338246702888,0.055975778669639646,0.21218242331310336,0.2533248353110284,0.21944172019170255,0.3351539060581767,0.42782078370894094
5.89,0.0866711260904745,0.0537587473251232,0.0338735506686216,0.056818192104602816,0.2127079381432858,0.25365089429788595,0.22016578731311426,0.3358746046984213,0.42886583906396225
5.9,0.0914233804868066,0.0561131713724904,0.0361958790840262,0.05770866463748928,0.21325729773677393,0.2540012414466492,0.22092751076367392,0.33663867227143146,0.4299692340156587
5.91,0.096081201386196,0.0584147034014398,0.0383307890151409,0.05864618754685428,0.21382993711064358,0.254373874787145,0.22172644704347427,0.33744434428917125,0.43112928602506995
5.92,0.1006559208082761,0.0606696904541817,0.0403007706800808,0.05962987315782662,0.21442535907992166,0.2547670325856211,0.2225622528403499,0.33829010816436056,0.43234449701795785
5.93,0.1051172142366231,0.0628585129011277,0.0422509521342721,0.0606587388330511,0.2150430000966982,0.25517979119969286,0.22343449708450314,0.33917502903976243,0.43361351816701343
5.94,0.1094786927904852,0.0649891104949734,0.0441837094030049,0.06173171836818671,0.21568223821367874,0.2556119645073793,0.22434266855315593,0.3400986758763887,0.4349351399816402
5.95,0.1136757152742198,0.0670118334675857,0.0461011333885339,0.0628474904085102,0.21634224293349152,0.25606338872133694,0.22528598076254466,0.3410604523711246,0.43630785164003394
5.96,0.1177280164162424,0.0689396267735126,0.0480050640848437,0.06400450906696249,0.217022000234697,0.2565339197087038,0.2262633990878147,0.34205961136603574,0.4377298789163621
5.97,0.1216529627775585,0.0707838819727566,0.0498971206866406,0.06520141396293147,0.21772061777842833,0.2570234306325612,0.22727404556742953,0.34309551976485647,0.4391996641887674
5.98,0.125497948310936,0.0725685591316284,0.0517274232477185,0.06643716851837403,0.2184373799839503,0.25753155335223304,0.22831729311419124,0.3441675279671305,0.44071591815127115
5.99,0.1292725683157271,0.0743008076149724,0.0535288693203226,0.06771102110150731,0.2191717268176833,0.2580578348150732,0.2293927379296345,0.34527507052247136,0.44227762806476284
6.0,0.1329852666553624,0.0759869188638521,0.05530492168307,0.06902231027636273,0.2199231654500774,0.2586020037700902,0.23050006077541196,0.34641777432945664,0.44388394657923985
6.01,0.1366434739296605,0.0776324293464032,0.0570331405137841,0.07037045397928782,0.22069126219112867,0.2591636940810744,0.23163901657701055,0.3475952449768456,0.4455340859832914
6.02,0.140253729066462,0.0792422111545852,0.0587019012517831,0.0717549399942684,0.2214756353936336,0.25974236928990224,0.23280942525291964,0.34880700522054703,0.4472272805509051
6.03,0.1438009615193756,0.0807555560325121,0.060318338868193,0.07317521344719767,0.22227562422956915,0.26033747049050215,0.2340108223772729,0.35005237255456595,0.448962591548298
6.04,0.1472927340104674,0.0821840364118142,0.061888732137604,0.07463068192484686,0.22309032219179076,0.26094850584553114,0.2352424930581307,0.35133054698278066,0.45073896016549825
6.05,0.1507881435450293,0.0835885393631348,0.0634405743478732,0.0761210863126243,0.2239191850706655,0.26157515237795853,0.2365041674561464,0.35264115126524465,0.45255582691561674
6.06,0.1542867536778449,0.0849719421778315,0.0649760916260974,0.07764646079873865,0.2247619874783703,0.26221723570782834,0.23779597113869938,0.3539841840987418,0.4544130706324774
6.07,0.1576045397524273,0.0862665172647112,0.0664972429641224,0.07920591726589012,0.22561817977558307,0.2628746023807795,0.23911741963976266,0.3553592505508071,0.4563096730329435
6.08,0.160763200655764,0.0874829239511115,0.0679906081877211,0.08079775596793104,0.22648692698166217,0.2635470416365387,0.24046747277552968,0.35676553731886934,0.45824379989384784
6.09,0.1638479106701679,0.0886397366550328,0.069459521630625,0.08242081152456067,0.2273675402846929,0.2642342922856304,0.2418453814888318,0.3582023866017179,0.46021410509458655
6.1,0.1668675439023109,0.0897441066543725,0.0708623190016645,0.08407438879742303,0.2282594595012399,0.2649359014887918,0.24325066023231764,0.35966917521680564,0.46221962077892653
6.11,0.1698299095660646,0.0908023270736806,0.0722515327343163,0.08575787606476502,0.22916219166988022,0.26565147074747175,0.24468290377156005,0.3611653739056076,0.4642594967828955
6.12,0.1727418797696352,0.0918199358625607,0.0736934817250614,0.08747073501144349,0.23007530298456141,0.2663811958197686,0.24614177728878106,0.36269093731888286,0.46633317870772245
6.13,0.1756095019682449,0.0928018064166642,0.0751818377429288,0.08921249192013285,0.23099841169595753,0.26712557241710855,0.24762700765598017,0.36424607940213,0.46844029601359083
6.14,0.1784413620218237,0.0937170681068924,0.0766831252277226,0.09098274624008315,0.23193100606857528,0.2678848972319618,0.24913821804245304,0.36583079402142676,0.47058041442050036
6.15,0.1812417513877755,0.0945737139969105,0.078223699120353,0.09278116180713127,0.23287245997909437,0.26865943135370224,0.2506749421122821,0.3674449845327741,0.47275309413071376
6.16,0.1840144465486152,0.0953787779827436,0.0797709383349381,0.09460744279681318,0.23382222243899262,0.26944940454097865,0.25223679338839927,0.36908858224869273,0.4749579543576037
6.17,0.1867627708089563,0.0961384498928939,0.0813240430328436,0.096461328883601,0.23477980857837077,0.27025487944781756,0.25382345535053824,0.3707614412953983,0.47719461585695083
6.18,0.1894896486768588,0.0968780460232272,0.0829581185108291,0.09834259098103003,0.23574489105795135,0.2710762902555359,0.2554347643935483,0.37246378884327946,0.47946292954483727
6.19,0.1920588032706456,0.0976047726817504,0.0847091001396341,0.10025033324076768,0.2367173051514763,0.27191462634878827,0.2570704414612114,0.37419617301017827,0.4817624679994243
6.2,0.1944891613832102,0.0983201742050805,0.0866692145435874,0.10218307306403691,0.23769692988591043,0.27277151792220433,0.2587299961310975,0.3759594551112941,0.48409257765636265
6.21,0.1967973785922995,0.0990256096094407,0.0889022172269118,0.10413950576391443,0.23868365880498302,0.2736493750810568,0.2604129905386556,0.3777550874886251,0.48645306405967714
6.22,0.199306176689022,0.0999928868712426,0.0915599911896898,0.10612002354032099,0.23967875128738642,0.2745516861231398,0.2621208942737666,0.3795866061492926,0.48884614260578946
6.23,0.201991485966862,0.1012447034843705,0.0950447960892418,0.10812651185360055,0.24068493923916454,0.2754847100595345,0.26385712524430177,0.38146088661719035,0.491276974399953
6.24,0.204854270228242,0.1027490357405358,0.0995536363390942,0.11016074063457602,0.24170490793528904,0.27645770222167615,0.2656250200887802,0.3833868965090667,0.4937518757357666
6.25,0.207855892726772,0.1045457443191176,0.1050406661282365,0.11222429144935105,0.24274138183558727,0.2774806737340128,0.26742787821534103,0.38537409661605554,0.49627754214806463
6.26,0.2109748874782024,0.1065997440614257,0.1117354598292881,0.11431844535037587,0.24379710927748996,0.2785645543638004,0.26926889430342166,0.387432508170507,0.49886111297395513
6.27,0.2141795412955956,0.1088801600278132,0.1195647904198854,0.11644421749424481,0.24487450879793612,0.27972105561504623,0.2711508451893106,0.3895723935307446,0.5015101112900059
6.28,0.2174820090034176,0.1112602833313521,0.1287895979025415,0.11860252524574003,0.24597521101473202,0.28096282755665847,0.2730757466865345,0.3918041269525386,0.5042325798894941
6.29,0.2208705529348164,0.1137068949643315,0.1400211962408035,0.12079428805543115,0.2471000469062104,0.28230688152737515,0.275044893077239,0.39414067103710737,0.5070389228964878
6.3,0.2240753169778002,0.1161705792574641,0.1530187705319995,0.12301901740499419,0.24824943427731935,0.28377208136123916,0.2770585863356329,0.39659558043728765,0.5099401851322788
6.31,0.2271183547189791,0.1184673815439638,0.1675704036617774,0.12527498576347804,0.24942262408132646,0.28537502723220803,0.2791155091743458,0.39917962576944954,0.5129460465755198
6.32,0.2292268833620129,0.1206173276646269,0.1826152969031164,0.12755671195388316,0.2506180476273695,0.28712595573503263,0.28121187841384004,0.4018972941160419,0.5160606994429222
6.33,0.2301216357533406,0.1226380403593535,0.1971437686982306,0.12985345454945987,0.2518343244674894,0.2890247510630393,0.28334157237939045,0.40474405908608124,0.5192793605931225
6.34,0.229948265043167,0.1247130980308027,0.2112177896206682,0.13215380405344238,0.25307108015944013,0.2910665588546338,0.2854988608363638,0.4077123265518709,0.522594500339779
6.35,0.228720561453722,0.126835979281768,0.2248918937751502,0.13444714818592676,0.25432882554600295,0.29324710727161285,0.2876789654440132,0.4107956342052658,0.5259998112163672
6.36,0.2265650449305179,0.1290009452827075,0.238499007208018,0.13672357621784811,0.2556080101688254,0.29556406177652883,0.28987720013182144,0.41398901648486264,0.5294907589475188
6.37,0.2237074375755565,0.1307682202209147,0.252047168805863,0.13897493863037844,0.2569068559963435,0.2980167926565982,0.29208760025931163,0.4172878801625675,0.5330644855691649
6.38,0.2203274790865037,0.1321855270239175,0.2655434527888889,0.1411951132136887,0.25822162473256766,0.3006047457645719,0.29430335960527765,0.4206871529428208,0.5367189750409243
6.39,0.2164878515994503,0.1332899475559164,0.2787589658066317,0.14337918986711842,0.2595490021054668,0.30332625785754946,0.2965185939884627,0.4241816772171559,0.5404524385254603
6.4,0.2122437153941561,0.1341190281694318,0.2907943203159466,0.1455228477020866,0.2608860469840936,0.30617402428816254,0.2987280179600022,0.42776274015290267,0.5442593705663837
6.41,0.2076436115168107,0.1347058096546817,0.3016535072971661,0.14762228433664137,0.2622301711732142,0.309136263426228,0.3009269039256899,0.43141885780692485,0.5481309548324661
6.42,0.2028294378500925,0.1348473102852219,0.3114600654907073,0.14967464958347584,0.2635779367729137,0.3122018312901673,0.303110259610925,0.43513884329296143,0.5520585980884868
6.43,0.1978268827687263,0.1345969637636178,0.3199718829428691,0.1516779311865699,0.26492515814315787,0.3153589910323351,0.3052728848525775,0.4389109561757914,0.556032991154013
6.44,0.1931533157200409,0.1340017917481264,0.3265697852345108,0.15363283217901386,0.2662681519207167,0.31859169937322224,0.30741141138646577,0.442721635748849,0.5600424391701445
6.45,0.1894962460297249,0.1333131097491827,0.3311747846673236,0.15554607998776265,0.2676047264282032,0.32188042222273133,0.30952685280323083,0.4465578112815369,0.5640751363534982
6.46,0.1867336940147734,0.1326655922516497,0.3338213111367208,0.15742722968798512,0.26893461993820733,0.32520540270175147,0.3116234305191791,0.4504083884597954,0.5681202366153536
6.47,0.1847583175541428,0.1320542995153582,0.3346168171470011,0.15928468974582966,0.27025821939704237,0.32854759334317,0.31370546303672353,0.45426274184735216,0.5721665079455417
6.48,0.1835120609254987,0.1313514312821102,0.3337834251532585,0.161126041638228,0.2715752480510298,0.33188959455467154,0.3157763712629277,0.4581107067310768,0.5762031047008221
6.49,0.1829074297490029,0.1304121161994685,0.3316441671672869,0.16295813909160045,0.27288406578843766,0.3352167325162742,0.31783811674722995,0.4619429902231585,0.5802204958896342
6.5,0.1828674289703975,0.1290698430383072,0.3283557471081539,0.1647870133851974,0.2741814755846265,0.3385167320876513,0.31989098351497247,0.4657508123852057,0.5842102390558187
6.51,0.1833720753326278,0.1273729667680485,0.3263899013910526,0.1666182109067125,0.27546368963365825,0.34179046033014726,0.3219345780004722,0.4695344409998441,0.588174410323064
6.52,0.1843560111787934,0.1253640397617842,0.3265563347615496,0.16845685133926958,0.27672737466630737,0.3450551915109102,0.32396874950039184,0.47330628121912616,0.5921286445326955
6.53,0.1857617217708223,0.1230938467603586,0.3290656158260552,0.1703074400040178,0.27796966409891816,0.3483333012638484,0.32599349422954366,0.47708264173972886,0.5960927289153468
6.54,0.1870623732136069,0.1212387967648246,0.333636602861288,0.1721715604789399,0.27919132731654406,0.35164681235728507,0.32801043197820234,0.48088077953643205,0.6000860686114723
6.55,0.1882705726050567,0.119749072614475,0.3400218911507607,0.17404822520803317,0.28039626666344053,0.3550151048273452,0.3300225008342029,0.4847170058007377,0.6041257645776293
6.56,0.1893974141913319,0.1185808352078876,0.3482862372693791,0.17593656514201508,0.2815879162025523,0.35845664546944583,0.33203227178282857,0.4886067909745771,0.6082282099851353
6.57,0.1910239510065047,0.1170504490541778,0.3563046940792728,0.1778386719680044,0.2827660726238627,0.36197960012618935,0.33404078354965444,0.49255707890759526,0.6124016105702722
6.58,0.193090219623107,0.1161980563561082,0.3637995090636862,0.1797592428211524,0.2839323151509141,0.3655801211419041,0.33605199741497155,0.49656799125670725,0.6166457200903562
6.59,0.1959467360470024,0.1151925935124039,0.3707899541740868,0.18170442759950292,0.28508926840025667,0.36925306845809286,0.3380715752119018,0.5006398091761917,0.6209599786165214
6.6,0.1990953867192808,0.1142168008485335,0.3773365537953562,0.1836796382133343,0.28623631537206135,0.37299370099794,0.34010209898199034,0.504770976499339,0.6253428436067626
6.61,0.2023040481904162,0.1132057909714228,0.3834925693861907,0.1856866353878829,0.2873734283311612,0.37679784661384796,0.342144726501049,0.5089593609369126,0.6297917296929004
6.62,0.2051934441692378,0.1122251169181547,0.3888611116725132,0.18772412284968112,0.28850058287060903,0.3806596150191414,0.3441989724220038,0.513200423930928,0.634301173974506
6.63,0.2080026494296779,0.1112711383898681,0.3939804368085938,0.18979010331767565,0.28961806414714913,0.3845738227615469,0.34626421472291385,0.5174900303881282,0.6388660465848052
6.64,0.210741286857942,0.1103406519235652,0.3987709912577139,0.19188382299911372,0.29072612309871626,0.38853757990187837,0.34834046589617623,0.5218261503381884,0.6434837112989348
6.65,0.2134178245938917,0.1097942981523564,0.4032722275023092,0.19400461855637302,0.29182679784909593,0.39254779599567874,0.3504292681327587,0.5262076055181318,0.6481518042522498
6.66,0.2160230371419126,0.1095859811528306,0.4075188637269219,0.196151822865052,0.29292369924562184,0.3966017514518248,0.35253344691393784,0.5306343189501385,0.6528686076038139
6.67,0.2185821609832479,0.1094624998109669,0.4115414519339502,0.19832484885567775,0.2940189416504408,0.4006970530301291,0.3546545977748953,0.535105608296066,0.6576323343905336
6.68,0.2210840493040083,0.1094136738478458,0.4153668778855043,0.200523179907114,0.29511332251873484,0.40483159467922625,0.3567932437814758,0.5396202728388111,0.6624411558204388
6.69,0.2233426079967206,0.1094944505588866,0.418821386156901,0.2027453131936178,0.2962078631407686,0.40900253599943853,0.35894952320402723,0.544176290058994,0.6672922017914562
6.7,0.22538703661675,0.1096892776231896,0.4219705517919538,0.2049889614166851,0.29730378178167893,0.4132064956891827,0.36112326560937524,0.5487710096607818,0.672181810373885
6.71,0.2272413652867554,0.1099844689983634,0.4248437981068573,0.20725210342620257,0.2984021505147867,0.4174405674386767,0.3633142961767879,0.5534021188520687,0.677106806740277
6.72,0.2289230349106573,0.1103679809671037,0.4274770866170344,0.20953292542718957,0.299503912764614,0.4217021718622961,0.365522421472869,0.5580675249042603,0.6820643566713158
6.73,0.2304581356640704,0.1108163871846284,0.4298992122590525,0.21182983128006336,0.30060983460537277,0.4259890533566768,0.367747399829842,0.5627653362293447,0.6870519605611307
6.74,0.231858884721371,0.1113219003410834,0.4321398811802522,0.21414141638199052,0.3017205260430013,0.4302992488238732,0.3699889485454268,0.5674938462962749,0.6920674212696313
6.75,0.2331414042860926,0.1118773886693856,0.4342219516722687,0.2164664178270278,0.30283652248805365,0.4346310579881357,0.3722467856134191,0.572251540816981,0.6971088149678445
6.76,0.2343192127622063,0.1124768551489134,0.4361644555466037,0.21880372091226924,0.3039582937071451,0.43898299002423,0.37452064375467115,0.5770370682452095,0.7021744510411373
6.77,0.2354048754803449,0.1131113637197621,0.4379861728972531,0.22115234135348194,0.30508623480148844,0.4433537431664492,0.376810255634684,0.5818492161472573,0.7072628449055516
6.78,0.2364072650309218,0.1137767063640215,0.4397027802851979,0.22351140205603842,0.30622067515190743,0.44774218793236176,0.3791153501766264,0.5866868974112209,0.7123726951744411
6.79,0.237338559094588,0.1144506514471742,0.441329580801014,0.22588013117666592,0.3073618119409634,0.45214734973779275,0.38143560020011236,0.5915491044494361,0.7175028531983497
6.8,0.0,0.0,0.0,0.22706682397213884,0.30793406519819927,0.4543539976417978,0.3825999621775767,0.5939867727747529,0.7200728743176198
6.81,0.0,0.0,0.0,0.22706682397213884,0.30793406519819927,0.4543539976417978,0.3825999621775767,0.5939867727747529,0.7200728743176198
6.82,0.0,0.0,0.0,0.22706682397213884,0.30793406519819927,0.4543539976417978,0.3825999621775767,0.5939867727747529,0.7200728743176198
6.83,0.0,0.0,0.0,0.22706682397213884,0.30793406519819927,0.4543539976417978,0.3825999621775767,0.5939867727747529,0.7200728743176198
6.84,0.0,0.0,0.0,0.22706682397213884,0.30793406519819927,0.4543539976417978,0.3825999621775767,0.5939867727747529,0.7200728743176198
6.85,0.0,0.0,0.0,0.22706682397213884,0.30793406519819927,0.4543539976417978,0.3825999621775767,0.5939867727747529,0.7200728743176198
6.86,0.0,0.0,0.0,0.22706682397213884,0.30793406519819927,0.4543539976417978,0.3825999621775767,0.5939867727747529,0.7200728743176198
6.87,0.0,0.0,0.0,0.22706682397213884,0.30793406519819927,0.4543539976417978,0.3825999621775767,0.5939867727747529,0.7200728743176198
6.88,0.0,0.0,0.0,0.22706682397213884,0.30793406519819927,0.4543539976417978,0.3825999621775767,0.5939867727747529,0.7200728743176198
6.89,0.0,0.0,0.0,0.22706682397213884,0.30793406519819927,0.4543539976417978,0.3825999621775767,0.5939867727747529,0.7200728743176198
6.9,0.0,0.0,0.0,0.22706682397213884,0.30793406519819927,0.4543539976417978,0.3825999621775767,0.5939867727747529,0.7200728743176198
6.91,0.0,0.0,0.0,0.22706682397213884,0.30793406519819927,0.4543539976417978,0.3825999621775767,0.5939867727747529,0.7200728743176198
6.92,0.0,0.0,0.0,0.22706682397213884,0.30793406519819927,0.4543539976417978,0.3825999621775767,0.5939867727747529,0.7200728743176198
6.93,0.0,0.0,0.0,0.22706682397213884,0.30793406519819927,0.4543539976417978,0.3825999621775767,0.5939867727747529,0.7200728743176198
6.94,0.0,0.0,0.0,0.22706682397213884,0.30793406519819927,0.4543539976417978,0.3825999621775767,0.5939867727747529,0.7200728743176198
6.95,0.0,0.0,0.0,0.22706682397213884,0.30793406519819927,0.4543539976417978,0.3825999621775767,0.5939867727747529,0.7200728743176198
6.96,0.0,0.0,0.0,0.22706682397213884,0.30793406519819927,0.4543539976417978,0.3825999621775767,0.5939867727747529,0.7200728743176198
6.97,0.0,0.0,0.0,0.22706682397213884,0.30793406519819927,0.4543539976417978,0.3825999621775767,0.5939867727747529,0.7200728743176198
6.98,0.0,0.0,0.0,0.22706682397213884,0.30793406519819927,0.4543539976417978,0.3825999621775767,0.5939867727747529,0.7200728743176198
6.99,0.0,0.0,0.0,0.22706682397213884,0.30793406519819927,0.4543539976417978,0.3825999621775767,0.5939867727747529,0.7200728743176198
7.0,0.0,0.0,0.0,0.22706682397213884,0.30793406519819927,0.4543539976417978,0.3825999621775767,0.5939867727747529,0.7200728743176198
7.01,0.0,0.0,0.0,0.22706682397213884,0.30793406519819927,0.4543539976417978,0.3825999621775767,0.5939867727747529,0.7200728743176198
7.02,0.0,0.0,0.0,0.22706682397213884,0.30793406519819927,0.4543539976417978,0.3825999621775767,0.5939867727747529,0.7200728743176198
7.03,0.0,0.0,0.0,0.22706682397213884,0.30793406519819927,0.4543539976417978,0.3825999621775767,0.5939867727747529,0.7200728743176198
7.04,0.0,0.0,0.0,0.22706682397213884,0.30793406519819927,0.4543539976417978,0.3825999621775767,0.5939867727747529,0.7200728743176198
7.05,0.0,0.0,0.0,0.22706682397213884,0.30793406519819927,0.4543539976417978,0.3825999621775767,0.5939867727747529,0.7200728743176198
7.06,0.0,0.0,0.0,0.22706682397213884,0.30793406519819927,0.4543539976417978,0.3825999621775767,0.5939867727747529,0.7200728743176198
7.07,0.0,0.0,0.0,0.22706682397213884,0.30793406519819927,0.4543539976417978,0.3825999621775767,0.5939867727747529,0.7200728743176198
7.08,0.0,0.0,0.0,0.22706682397213884,0.30793406519819927,0.4543539976417978,0.3825999621775767,0.5939867727747529,0.7200728743176198
7.09,0.0,0.0,0.0,0.22706682397213884,0.30793406519819927,0.4543539976417978,0.3825999621775767,0.5939867727747529,0.7200728743176198
7.1,0.0,0.0,0.0,0.22706682397213884,0.30793406519819927,0.4543539976417978,0.3825999621775767,0.5939867727747529,0.7200728743176198
7.11,0.0,0.0,0.0,0.22706682397213884,0.30793406519819927,0.4543539976417978,0.3825999621775767,0.5939867727747529,0.7200728743176198
7.12,0.0,0.0,0.0,0.22706682397213884,0.30793406519819927,0.4543539976417978,0.3825999621775767,0.5939867727747529,0.7200728743176198
7.13,0.0,0.0,0.0,0.22706682397213884,0.30793406519819927,0.4543539976417978,0.3825999621775767,0.5939867727747529,0.7200728743176198
7.14,0.0,0.0,0.0,0.22706682397213884,0.30793406519819927,0.4543539976417978,0.3825999621775767,0.5939867727747529,0.7200728743176198
7.15,0.0,0.0,0.0,0.22706682397213884,0.30793406519819927,0.4543539976417978,0.3825999621775767,0.5939867727747529,0.7200728743176198
7.16,0.0,0.0,0.0,0.22706682397213884,0.30793406519819927,0.4543539976417978,0.3825999621775767,0.5939867727747529,0.7200728743176198
7.17,0.0,0.0,0.0,0.22706682397213884,0.30793406519819927,0.4543539976417978,0.3825999621775767,0.5939867727747529,0.7200728743176198
7.18,0.0,0.0,0.0,0.22706682397213884,0.30793406519819927,0.4543539976417978,0.3825999621775767,0.5939867727747529,0.7200728743176198
7.19,0.0,0.0,0.0,0.22706682397213884,0.30793406519819927,0.4543539976417978,0.3825999621775767,0.5939867727747529,0.7200728743176198
7.2,0.0,0.0,0.0,0.22706682397213884,0.30793406519819927,0.4543539976417978,0.3825999621775767,0.5939867727747529,0.7200728743176198
7.21,0.0,0.0,0.0,0.22706682397213884,0.30793406519819927,0.4543539976417978,0.3825999621775767,0.5939867727747529,0.7200728743176198
7.22,0.0,0.0,0.0,0.22706682397213884,0.30793406519819927,0.4543539976417978,0.3825999621775767,0.5939867727747529,0.7200728743176198
7.23,0.0,0.0,0.0,0.22706682397213884,0.30793406519819927,0.4543539976417978,0.3825999621775767,0.5939867727747529,0.7200728743176198
7.24,0.0,0.0,0.0,0.22706682397213884,0.30793406519819927,0.4543539976417978,0.3825999621775767,0.5939867727747529,0.7200728743176198
7.25,0.0,0.0,0.0,0.22706682397213884,0.30793406519819927,0.4543539976417978,0.3825999621775767,0.5939867727747529,0.7200728743176198
7.26,0.0,0.0,0.0,0.22706682397213884,0.30793406519819927,0.4543539976417978,0.3825999621775767,0.5939867727747529,0.7200728743176198
7.27,0.0,0.0,0.0,0.22706682397213884,0.30793406519819927,0.4543539976417978,0.3825999621775767,0.5939867727747529,0.7200728743176198
7.28,0.0,0.0,0.0,0.22706682397213884,0.30793406519819927,0.4543539976417978,0.3825999621775767,0.5939867727747529,0.7200728743176198
7.29,0.0,0.0,0.0,0.22706682397213884,0.30793406519819927,0.4543539976417978,0.3825999621775767,0.5939867727747529,0.7200728743176198
7.3,0.0,0.0,0.0,0.22706682397213884,0.30793406519819927,0.4543539976417978,0.3825999621775767,0.5939867727747529,0.7200728743176198
7.31,0.0,0.0,0.0,0.22706682397213884,0.30793406519819927,0.4543539976417978,0.3825999621775767,0.5939867727747529,0.7200728743176198
7.32,0.0,0.0,0.0,0.22706682397213884,0.30793406519819927,0.4543539976417978,0.3825999621775767,0.5939867727747529,0.7200728743176198
7.33,0.0,0.0,0.0,0.22706682397213884,0.30793406519819927,0.4543539976417978,0.3825999621775767,0.5939867727747529,0.7200728743176198
7.34,0.0,0.0,0.0,0.22706682397213884,0.30793406519819927,0.4543539976417978,0.3825999621775767,0.5939867727747529,0.7200728743176198
7.35,0.0,0.0,0.0,0.22706682397213884,0.30793406519819927,0.4543539976417978,0.3825999621775767,0.5939867727747529,0.7200728743176198
7.36,0.0,0.0,0.0,0.22706682397213884,0.30793406519819927,0.4543539976417978,0.3825999621775767,0.5939867727747529,0.7200728743176198
7.37,0.0,0.0,0.0,0.22706682397213884,0.30793406519819927,0.4543539976417978,0.3825999621775767,0.5939867727747529,0.7200728743176198
7.38,0.0,0.0,0.0,0.22706682397213884,0.30793406519819927,0.4543539976417978,0.3825999621775767,0.5939867727747529,0.7200728743176198
7.39,0.0,0.0,0.0,0.22706682397213884,0.30793406519819927,0.4543539976417978,0.3825999621775767,0.5939867727747529,0.7200728743176198
7.4,0.0,0.0,0.0,0.22706682397213884,0.30793406519819927,0.4543539976417978,0.3825999621775767,0.5939867727747529,0.7200728743176198
7.41,0.0,0.0,0.0,0.22706682397213884,0.30793406519819927,0.4543539976417978,0.3825999621775767,0.5939867727747529,0.7200728743176198
7.42,0.0,0.0,0.0,0.22706682397213884,0.30793406519819927,0.4543539976417978,0.3825999621775767,0.5939867727747529,0.7200728743176198
7.43,0.0,0.0,0.0,0.22706682397213884,0.30793406519819927,0.4543539976417978,0.3825999621775767,0.5939867727747529,0.7200728743176198
7.44,0.0,0.0,0.0,0.22706682397213884,0.30793406519819927,0.4543539976417978,0.3825999621775767,0.5939867727747529,0.7200728743176198
7.45,0.0,0.0,0.0,0.22706682397213884,0.30793406519819927,0.4543539976417978,0.3825999621775767,0.5939867727747529,0.7200728743176198
7.46,0.0,0.0,0.0,0.22706682397213884,0.30793406519819927,0.4543539976417978,0.3825999621775767,0.5939867727747529,0.7200728743176198
7.47,0.0,0.0,0.0,0.22706682397213884,0.30793406519819927,0.4543539976417978,0.3825999621775767,0.5939867727747529,0.7200728743176198
7.48,0.0,0.0,0.0,0.22706682397213884,0.30793406519819927,0.4543539976417978,0.3825999621775767,0.5939867727747529,0.7200728743176198
7.49,0.0,0.0,0.0,0.22706682397213884,0.30793406519819927,0.4543539976417978,0.3825999621775767,0.5939867727747529,0.7200728743176198
7.5,0.0,0.0,0.0,0.22706682397213884,0.30793406519819927,0.4543539976417978,0.3825999621775767,0.5939867727747529,0.7200728743176198
7.51,0.0,0.0,0.0,0.22706682397213884,0.30793406519819927,0.4543539976417978,0.3825999621775767,0.5939867727747529,0.7200728743176198
7.52,0.0,0.0,0.0,0.22706682397213884,0.30793406519819927,0.4543539976417978,0.3825999621775767,0.5939867727747529,0.7200728743176198
7.53,0.0,0.0,0.0,0.22706682397213884,0.30793406519819927,0.4543539976417978,0.3825999621775767,0.5939867727747529,0.7200728743176198
